facility_name,street,city,state,zip,violation_program,violation_type,inspection_date,naics_code
#22A-OAKHURST FACILITY,HWY 41/OAKHURST,OAKHURST,CA,93644,CWA,No,06/16/2004,
(OLD JACOBS DAIRY),DAIRY RD,ELK GROVE,CA,95624,CWA,No,12/09/2002,
(UNKNOWN),101SLEEPY HOLLOW,SAN ANSELMO,CA,94960,CWA,No,,
-,EAST OF NUEVO RD AND MONTGOMERY AVE,NUEVO,CA,92567,CWA,No,,
0120T4 04 SF 80 YBITS 2 SAN FRANCISCO BAY BRIDGE DISMANTLING,ROUTE 80 NEAR THE EAST END OF THE YERBA,OAKLAND,CA,94607,CWA,No,,
02 378904 ANTLERS BRIDGE REPLACEMENT PROJECT,SHASTA COUNTY INTERSTATE 5 PM 39 TO 41,LAKEHEAD,CA,96051,CWA,No,04/26/2018,
0221 CUBESMART,900 ORLANDO AVENUE,ROSEVILLE,CA,95661,CWA,No,09/03/2020,
06 442544TEMPORARY CRUSHER PLANT,NB 5 FREEWAY AT WB HIGHWAY 46,LOST HILLS,CA,91342,CWA,No,,
06342534 TEMPORARY BATCH PLANT,E HWY 180,CENTERVILLE,CA,93657,CWA,No,,
0702 TRABUCO CANYON DODGE RESIDENCE,19342 LIVE OAK CANYON RD,TRABUCO CANYON,CA,92679,CWA,No,,
08 0J0801 TEMPORARY BATCH PLANT,HIDDEN VALLEY OFF RAMP NB I15,NORCO,CA,92860,CWA,No,,
08 1F1414 TEMPORARY BATCH PLANT & CRUSHER PLANT,RAINBOW VALLEY ON RAMP NORTHBOUND I 15,FALLBROOK,CA,92028,CWA,No,,
0A5344 D04 SOL I 80 I 680 SR 12 INTERCHANGE PROJECT,INTERCHANGES BETWEEN INTERSTATE 80 INTERSTATE 680,FAIRFIELD,CA,94534,CWA,No,,
0B0904 HUNTER AND PANTHER BRIDGE REPLACEMENTS,DN 101 PM 8.2 TO 8.7,KLAMATH,CA,95548,CWA,No,,
0F2404 EHLERS LEFT TURN POCKET,ROUTE 101 FROM 0.2 MILE SOUTH,KLAMATH,CA,95548,CWA,No,,
0F96E4 OR 5 CONST HOV LANE,CAMINO DE ESTRELLA TO SAN JUAN CREEK ROAD,SAN CLEMENTE,CA,92673,CWA,No,,
0G8004 ROADWAY REHABILITATION,SAN JOAQUIN COUNTY NEAR TERMINOUS FROM MOKELUMNE R,LODI,CA,95242,CWA,No,,
0S01104   SJ4 EXTEND FREEWAY,BETWEEN GARFIELD ST OH AND NAVY DR AND,STOCKTON,CA,95205,CWA,No,,
1 AND 2MG WATER TANK,PAUMA VALLEY,PAUMA VALLEY,CA,92061,CWA,No,,
1 CHANNEL ISLAND,SEC OF PUEBLA ST AND SAXONY ROAD,ENCINITAS,CA,92024,CWA,No,,
1 DIVING SYSTEMS,1652 WEST ORANGE GROVE AVENUE,POMONA,CA,91767,CWA,No,,
1 STOP AUTO WRECKERS,811 ENERGY WAY,CHULA VISTA,CA,91911,CWA,Yes,,
10 CENT COLOR COPIES COM,2211 E WINSTON RD,ANAHEIM,CA,92806,CWA,No,,
100 & 200 CARIBBEAN DRIVE,100 CARIBBEAN,SUNNYVALE,CA,94089,CWA,No,,
100 FIRST STREET,100 FIRST STREET,LOS ALTOS,CA,94022,CWA,No,,
100 MOFFETT BOULEVARD,100 MOFFETT BOULEVARD,MOUNTAIN VIEW,CA,94043,CWA,No,,
100 N. CRESCENT (DEWATERING),100 NORTH CRESCENT,BEVERLY HILLS,CA,90210,CWA,No,04/15/2025,
1000 COUNTRY CLUB DRIVE,1000 COUNTRY CLUB DRIVE,MILPITAS,CA,95035,CWA,No,,
1000 FREMONT,1000 FREMONT AVENUE,ALHAMBRA,CA,91803,CWA,No,,
101 FWY/SEAWARD CONSTRUCTION,800SEAWARD,VENTURA,CA,00000,CWA,No,,
101 VERTICAL FABRICATION INC,10255 BEECH AVE,FONTANA,CA,92335,CWA,Yes,03/06/2024,
10101 RIVERFORD RD,10101 RIVERFORD DRIVE,LAKESIDE,CA,92040,CWA,No,,
1013 1037 WEST FIGUEROA TERRACE,1013 1037 WEST FIGUEROA TERRACE,LOS ANGELES,CA,90012,CWA,No,,
10153 RIVERSIDE DRIVE,10153RIVERSIDE,TRUCKEE,CA,96161,CWA,No,,
1027 WILSHIRE,1027 WILSHIRE BLVD,LOS ANGELES,CA,90017,CWA,No,02/10/2023,
1031 A MEADOWBROOK ROAD,1031 MEADOWBROOK ROAD,CREST PARK,CA,92326,CWA,No,09/16/2021,
10350 SANTA MONICA,10350 SANTA MONICA,LOS ANGELES,CA,90025,CWA,No,,
1040 GREENWAY DRIVE,1040 GREENWAY DRIVE,BIG BEAR CITY,CA,92314,CWA,No,,
10520 WILSHIRE BLVD,UNKNOWN,LOS ANGELES,CA,00000,CWA,No,09/03/2003,
10550 BELLAGIO,10550 BELLAGIO DRIVE,BEL AIR,CA,90077,CWA,No,08/16/2023,
1077 EAST ARQUES AVENUE,1077 EAST ARQUES,SUNNYVALE,CA,94085,CWA,No,,
1085 THOMPSON AVENUE,1085 THOMPSON AVENUE,NAPA,CA,94558,CWA,No,,
1091 INDUSTRIAL ROAD,1091 INDUSTRIAL,SAN CARLOS,CA,94070,CWA,No,,
10TH AND 11TH STREETS,10TH AND 11TH STREETS,BEAUMONT,CA,00000,CWA,No,,
10TH AVENUE MARINE TERMINAL,CROSBY ST,SAN DIEGO,CA,92113,CWA,No,,
10TH STREET INDUSTRIAL PROJECT,1001 NORTH TODD AVENUE,AZUSA,CA,91702,CWA,No,,
11418514 ROUTE 8 PROJECT BATCH PLANT,ROUTE 8 AT BROWKER ROAD OFF RAMP EB WB,EL CENTRO,CA,91342,CWA,No,01/15/2019,
1170U4  I 10 HOV LANE AND BRIDGE WIDENING,PUENTE AVENUE AND CITRUS STREET,BALDWIN PARK,CA,91706,CWA,No,,
1173 - VANGUARD PLANT,737 FT NORTHEAST OF 1972 HOBSON AVE AT HWY 101,GREENFIELD,CA,93927,CWA,No,,
11925 WILSHIRE BLVD,11925 WILSHIRE,LOS ANGELES,CA,90025,CWA,No,,
1200 NEWBURY LLC,1200 NEWBURY RD,THOUSAND OAKS,CA,91320,CWA,No,,
1200 S GRAND AVENUE DEVELOPMENT LP,1200 SOUTH GRAND AVENUE,LOS ANGELES,CA,90015,CWA,No,,
1201 TODD AV CONSTRUCTION SITE,1201 TODD AVE,AZUSA,CA,91702,CWA,No,,
1203 E ELMWOOD,1203 E ELMWOOD AV,BURBANK,CA,91501,CWA,No,,
1211 BALFOUR HWY 4,HWY 4,BRENTWOOD,CA,94513,CWA,No,,
1211 S OLIVE STREET DEVELOPMENT LP,1211 SOUTH OLIVE STREET,LOS ANGELES,CA,90015,CWA,No,,
121844 LA 5 HOV RETAINING WALLS,ROUTE 5 AND134 SEPARATION TO MAGNOLIA,BURBANK,CA,91505,CWA,No,01/23/2019,
1218W4 LA 5 REALIGNMENT AND RECONFIGURE ON & OFF RAMPS,BUENA VISTA ST AND ROUTE 5,BURBANK,CA,91501,CWA,No,03/01/2019,
1254 INDUSTRIES LLC,1444 ALPINE PL,SAN MARCOS,CA,92078,CWA,No,,
1270 COLUMBIA ST AT A ST,1270 COLUMBIA,SAN DIEGO,CA,92101,CWA,No,,
12TH ST IMPROVEMENTS,12TH AND LAKESHORE AVE,OAKLAND,CA,94607,CWA,No,,
1310 3RD AVE,1310 3RD AVE,CHULA VISTA,CA,00000,CWA,No,,
1315- LODI PORTABLE BATCH PLANT,5100 WEST HIGHWAY 12,LODI,CA,95242,CWA,No,,
1325 OLD COUNTY ROAD,1325 OLD COUNTY,BELMONT,CA,94002,CWA,No,,
13250 JEFFERSON BLVD,13250 JEFFERSON,LOS ANGELES,CA,90094,CWA,No,,
135 BELL CANYON,UNKNOWN,CALABASAS,CA,00000,CWA,No,,
1355 IMPERIAL,1355 W IMPERIAL HIGHWAY,BREA,CA,92821,CWA,Yes,05/03/2023,
138204 LA 47 REPLACE BRIDGE,ROUTE 47 FROM PM 4 TO PM 5,LONG BEACH,CA,90802,CWA,No,10/26/2018,
13TH ST SPORTS COMPLEX,13TH ST BTWN YUCAIPA BLVD CHAMPAN HEIGHTS RD,YUCAIPA,CA,92399,CWA,No,,
1412- MORGAN HILL PLANT,SAN MARTIN AVE,MORGAN HILL,CA,94550,CWA,No,,
144 BARODA DR,144 BARODA DR,LOS ANGELES,CA,90077,CWA,Yes,05/02/2024,
144 BARODA DR,144 BARODA DR,LOS ANGELES,CA,90077,CWA,No,,
144TH FW FRESNO CA,5323 E MCKINLEY,FRESNO,CA,93727,CWA,No,,
1450 RINCON STREET,UNKNOWN,CORONA,CA,92880,CWA,No,,
150 EL CAMINO DRIVE OFFICE BUILDING,150 EL CAMINO,BEVERLY HILLS,CA,90212,CWA,No,02/28/2023,
1500 N CALIFORNIA BLVD MIXED USE DEVELOPMENT,1500 N CALIFORNIA BLVD,WALNUT CREEK,CA,94596,CWA,No,,
"1501 PAGE MILL RD, HP B1-6",1501 PAGE MILL,PALO ALTO,CA,94304,CWA,No,,
1503 VENICE BLVD APARTMENTS,1503 VENICE,LOS ANGELES,CA,90291,CWA,No,,
151 TARA ROAD,151 TARA ROAD,EAST PALO ALTO,CA,94503,CWA,No,02/02/2024,
1510 ACQUISITION,1510 DIAMOND MOUNTAIN RD,CALISTOGA,CA,94515,CWA,No,,
1520 ACQUISITION,1520 DIAMOND MOUNTAIN RD,CALISTOGA,CA,94515,CWA,No,,
1525 ABBOT KINNEY BLVD. BUILDING,1525 ABBOT KINNEY,LOS ANGELES,CA,90291,CWA,No,,
153 W ROSECRANS AVENUE STORAGE LLC,153 W ROSECRANS AVE,ROSEWOOD,CA,90248,CWA,No,08/09/2019,
1544 BUENA VISTA DRIVE UNAUTH FILL SITE,1544BUENA VISTA,WATSONVILLE,CA,95076,CWA,No,,
1600 WILSHIRE,1600 WILSHIRE,LOS ANGELES,CA,90017,CWA,No,09/10/2020,
1614-1618 HILTS AVE.,1614 HILTS,LOS ANGELES,CA,90024,CWA,No,,
1620 ELECTRIC AVE. JOINT VENTURE,1620 ELECTRIC,LOS ANGELES,CA,90291,CWA,No,,
1637U  SF 101 PHASE 2 PRESIDIO PARKWAY PROJECT,RT 101 FROM 1 MILE SOUTH TO HALF MILE NORTH OF ROU,SAN FRANCISCO,CA,94129,CWA,No,,
165 WOODRIDGE ROAD,165 WOODRIDGE ROAD,HILLSBOROUGH,CA,94010,CWA,No,01/15/2020,111998
16501 VENTURA,16501 VENTURA,ENCINO,CA,91436,CWA,No,06/16/2021,
17 CREST ROAD,17 CREST ROAD,ROLLING HILLS,CA,90274,CWA,No,,
1720 VILLA STREET,1720 VILLA,MOUNTAIN VIEW,CA,94040,CWA,No,,
17433 TRAMONTO DRIVE,17433 TRAMONTO DRIVE,PACIFIC PALISADES,CA,90272,CWA,No,,
1811 OAK AVE LOTS,1811 OAK AVE,CARLSBAD,CA,92008,CWA,No,,
185 ROBERTA DRIVE,185 ROBERTA DRIVE,WOODSIDE,CA,94062,CWA,No,,
18770 FLYING TIGER DR,18770 FLYING TIGER DR,LOS ANGELES,CA,90013,CWA,No,12/02/2009,
19 UNIT APARTMENT,1064-1070 SOUTH BEDFORD,LOS ANGELES,CA,90035,CWA,No,,
1900 BROADWAY,1900 BROADWAY,OAKLAND,CA,94612,CWA,No,,
1942 THE STRAND,1942 THE STRAND,HERMOSA BEACH,CA,90254,CWA,No,,
195 205 TAMAL VISTA BOULEVARD,195 TAMLA VISTA,CORTE MADERA,CA,94925,CWA,No,01/16/2019,
1959,14946 SHOEMAKER AVE SUITE I,LOS ANGELES,CA,90670,CWA,No,09/27/2024,
19606 SHELYN DR,19606 SHELYN DR,ROWLAND HEIGHTS,CA,91748,CWA,No,,
1962,10649 SIERRA RD,OAKDALE,CA,95361,CWA,No,,
1999 STONE LLC,1999 STONE AVENUE,SAN JOSE,CA,95125,CWA,No,,
19TH AVE,19TH,SAN FRANCISCO,CA,00000,CWA,No,,
19TH ST & CAMPUS AVE,19 19TH ST AND CAMPUS AVE,UPLAND,CA,91786,CWA,No,11/08/2023,
1G9401 CC 4 HIGHWAY 4 DELTA WIDENING,2625 CROW COURT,ANTIOCH,CA,94509,CWA,No,,
1ST SOURCE APPAREL,6001 MAYWOOD AVENUE #A,HUNTINGTON PARK,CA,90255,CWA,No,06/13/2018,
1ST SOURCE APPAREL I C SCREEN PRINTING,6001 MAYWOOD AVE UNIT A,HUNTINGTON PARK,CA,90255,CWA,No,,
2 MUNICIPAL PRODUCTION WELLS,630GARDEN,SANTA BARBARA,CA,93102,CWA,No,,
2 SPEC MANUFACTURING,2885 AIELLO DRIVE #A,SAN JOSE,CA,95111,CWA,No,,
2 STORY MODULAR BUILDING ADDITION,215 W 94TH STREET,INGLEWOOD,CA,90057,CWA,No,,
2 T'S MINI STORAGE,SW RD 415/ HWY 41,COARSEGOLD,CA,00000,CWA,No,,
2-13 INFRASTRUCTURE IMPROVEMENT PROJECT,"WEST OF 4TH STREET, SOUTH OF CHANNEL STREET",SAN FRANCISCO,CA,94158,CWA,No,,
20 OAK RD,20 OAK RD,BENICIA,CA,00000,CWA,No,,
20 OLD RANCH ROAD BUREK RESIDENCE,20 OLD RANCH ROAD,IRVINE,CA,92677,CWA,No,,
200 PARK AVENUE,200 PARK,SAN JOSE,CA,95113,CWA,No,,
200-256 LONG BEACH BLVD.,200 LONG BEACH,LONG BEACH,CA,90802,CWA,No,,
"2000 PRECISION SHEETMETAL, INC",1668  MABURY RD.,SAN JOSE,CA,95133,CWA,No,04/05/2019,
2004 INDUSTRIAL PARK IMPROVEME,SW CORNER MANNING AND MENDOCIN,PARLIER,CA,93648,CWA,No,,
2009-2010LOCAL PAVEMENT REHABILITATION,VARIES LOCATION THROUGHOUT CITY OF CORONA,CORONA,CA,00000,CWA,No,,
2015 ZORADA LLC,2630 ALGODON CT,LOS ANGELES,CA,90046,CWA,Yes,06/20/2025,
2020 ZORADA LLC,2686 ZORADA DR,LOS ANGELES,CA,90046,CWA,Yes,06/20/2025,
2021 SOUTH LAKE TAHOE VSP PROJECT,JULIA LANE,SOUTH LAKE TAHOE,CA,96150,CWA,No,,
202114 LA 710 LONG LIFE PAVEMENT AND WIDEN ROADWAY AND BRIDGES,LOS ANGELES RIVER BRIDGE TO RAMONA BLVD UC,BELL GARDENS,CA,90201,CWA,No,,
2050 S. BUNDY DRIVE,2050 SOUTH BUNDY,LOS ANGELES,CA,90025,CWA,No,,
2056 JARDINE,910 NACIMENTO LAKE DRIVE,PASO ROBLES,CA,93446,CWA,No,,
2059 SHERZ,7575 ODONOVAN ROAD,CRESTON,CA,93432,CWA,No,,
207 SEASIDE WAY CONSTRUCTION PROJECT,207 EAST SEASIDE,LONG BEACH,CA,90802,CWA,No,,
2075 BROADWAY,2075 BROADWAY,REDWOOD CITY,CA,94063,CWA,No,,
2081 TERZIAN,4735 ENGLEHART AVENUE,REEDLEY,CA,93654,CWA,No,,
210 FREEWAY HOV EXPANSION,ALONG 210 FREEWAY BETWEEN I15 AND DAY CREEK BLVD,RANCHO CUCAMONGA,CA,91739,CWA,No,,
2102 CHRISTENSEN,5652 SOUTH BETHEL AVENUE,DEL REY,CA,93616,CWA,No,,
2103 HILL,5475 JACK CREEK ROAD,TEMPLETON,CA,93465,CWA,No,,
215934 LA 5 WIDEN AND REALIGN FREEWAY,N OF CARMENITA ROAD TO N OF SILVERBOW AVENUE PO,NORWALK,CA,90650,CWA,No,,
215944 LA 5 WIDENING,IMPERIAL HIGHWAY AND ROUTE 5,NORWALK,CA,90650,CWA,No,,
215954 LA 5 WIDENING,FROM ORANGE COUNTY TO LOS ANGELES COUNTY LIMIT LIN,SANTA FE SPRINGS,CA,90670,CWA,No,,
2193 ANCHOR COURT,2193 ANCHOR COURT,THOUSAND OAKS,CA,91320,CWA,No,10/27/2023,
220 LABORATORIES INC,2375 3RD STREET,RIVERSIDE,CA,92507,CWA,No,02/11/2020,
22ND DISTRICT AGRICULTURAL ASSOCIATION - FIREWORKS EVENT LOCATION,2260 JIMMY DURANTE,DEL MAR,CA,92014,CWA,No,,
22ND DISTRICT AGRICULTURAL ASSOCIATION - FIREWORKS EVENT LOCATIONS,2260 JIMMY DURANTE,DEL MAR,CA,92014,CWA,No,,
23401 23421 MULHOLLAND CALABASAS,23401 MULHOLLAND HIGHWAY,CALABASAS,CA,91302,CWA,No,11/30/2021,111998
238 AND 580,NORTHWEST GORE AREA OF ROUTE 238 AND 580,HAYWARD,CA,94541,CWA,No,,
24 AUTO SALVAGE AND PARTS INC,1807 EAST M STREET,WILMINGTON,CA,90744,CWA,No,09/29/2021,
24 HOUR SOLUTIONS PALLETS INC,13983 SLOVER AVENUE,FONTANA,CA,92337,CWA,No,,
24 HR SOLUTIONS PALLETS INC,13983 SLOVER AVE,FONTANA,CA,92336,CWA,Yes,06/22/2023,
247 W. 3RD ST,247 W. 3RD ST,SAN BERNARDINO,CA,92401,CWA,No,,
2555 PARK BOULEVARD,2555 PARK,PALO ALTO,CA,94306,CWA,No,,
2555 SOUTH MANSFIELD AVENUE PROJECT,2555 SOUTH MANSFIELD,LOS ANGELES,CA,90016,CWA,No,,
2580 CALIFORNIA STREET,2580 CALIFORNIA,MOUNTAIN VIEW,CA,94040,CWA,No,,
25TH STREET,2121 EAST 25TH STREET,LOS ANGELES,CA,90058,CWA,No,,
2600 SAN TOMAS,2600 SAN TOMAS EXPRESSWAY,SANTA CLARA,CA,95050,CWA,No,,
262004 WILLITS BYPASS MASTER,300 EAST HILL ROAD,WILLITS,CA,95490,CWA,No,,
265014 LS IRRIGATION PLANTING AND ELECTRICAL,I5 AND SR163,SAN DIEGO,CA,92101,CWA,No,,
2655 STOKES CANYON ROAD,2655 STOKES CANYON ROAD,CALABASAS,CA,91302,CWA,No,,
26G-STV - PRODUCED WATER SUBSTATION,N35 16.061 / W119 26.165,TAFT,CA,93268,CWA,No,07/31/2012,
272404 LA 5 PLANTING AND IRRIGATION,INDIANA STREET UC TO BOYLE AVE OC,LOS ANGELES,CA,90023,CWA,No,,
27501 S WESTERN AVE,27501 S WESTERN AVENUE,RANCHO PALOS VERDES,CA,90274,CWA,No,11/20/2018,
2751  AIELLO DR SUITE A.,SAN JOSE,SAN JOSE,CA,95111,CWA,No,,
2755 BELLA VISTA,2755 BELLA VISTA DRIVE,MONTECITO,CA,93108,CWA,No,,
27760 GRAND AVE,27760 GRAND AVE,WILDOMAR,CA,92595,CWA,No,,
28 TEABERRY LANE,28 TEABERRY LANE,TIBURON,CA,94920,CWA,No,,
280 DILLON,280 DILLON AVE,CAMPBELL,CA,95008,CWA,No,,
284204 LA 5 IMPROVEMENT,5 AND 10 SEPARATION TO 5 AND 134 SEPARATION,LOS ANGELES,CA,90039,CWA,No,,
2847 LEEWARD,2841-2847 LEEWARD,LOS ANGELES,CA,90005,CWA,No,,
29 DEL MAR,29 DEL MAR,NEWPORT COAST,CA,92657,CWA,No,,
2920,2920 ROWENA AVENUE,LOS ANGELES,CA,90039,CWA,No,,
"2A9204 ED,PLA 89  LAKESIDE",HIGHWAY 89,TAHOE CITY,CA,96145,CWA,No,,
2M MACHINE CORPORATION,13171 ROSECRANS AVE,SANTA FE SPRINGS,CA,90670,CWA,No,08/30/2021,
2M MACHINING AND MANUFACTURING,8630 SANTA FE AVE,SOUTH GATE,CA,90280,CWA,No,08/19/2019,
2ND AND PCH,6400 EAST PACIFIC COAST,LONG BEACH,CA,90803,CWA,No,,
2ND STREET WIDENING,2ND STREET,CALEXICO,CA,92231,CWA,No,,
2PLANK VINEYARDS,2379 LA MIRADA DR,VISTA,CA,92083,CWA,No,,
2T2004 SD I805 N DB BRIDGE WIDENINGS AND HOV LANE,SR 52 TO HALF  MI N OF MIRA MESA,SAN DIEGO,CA,92122,CWA,No,,
3 LOT SUBDIVISION,5531 S OHIO ST,YORBA LINDA,CA,92886,CWA,No,,
3 NEW SINGLE FAMILY HOUSE,939 959 DELANEY DR,WALNUT,CA,91789,CWA,No,02/15/2022,
3-D POLYMERS,13026 S NORMANDIE AVE,GARDENA,CA,90249,CWA,No,,
30 LRS VEHICLE MAINTENANCE FACILITY,CALIFORNIA AVE,VANDENBERG AFB,CA,93437,CWA,No,,
300 EL CAMINO REAL,300 EL CAMINO REAL,MENLO PARK,CA,94025,CWA,No,,
303 BALDWIN AVENUE,303 BALDWIN,SAN MATEO,CA,94401,CWA,No,,
303 HAYWORTH,303 NORTH HAYWORTH,LOS ANGELES,CA,90048,CWA,No,,
3122 SOUTH RIVERSIDE AVENUE PROPERTY,3122 SOUTH RIVERSIDE AVENUE,BLOOMINGTON,CA,92316,CWA,No,,
31537 ANACAPA VIEW DR,31537 ANACAPA VIEW DR,MALIBU,CA,90265,CWA,No,,
3163 LLC,3131 SANKEY RD,PLEASANT GROVE,CA,95668,CWA,No,,
31801 VIOLETA LANE,31801 VIOLETA LANE,COTO DE CAZA,CA,92679,CWA,No,,
32 ARCE PARCEL,NEC BASTANCHURY & CASA LOMA AVE,YORBA LINDA,CA,92886,CWA,No,,
32 COLD LLC,6700 ALAMEDA ST,HUNTINGTON PARK,CA,90255,CWA,No,02/06/2018,
320 LA CIENEGA DEVELOPMENT,320 LA CIENEGA,LOS ANGELES,CA,90048,CWA,No,04/22/2022,
32036 LIVE OAK CANYON,32036 LIVE OAK CANYON,REDLANDS,CA,92373,CWA,No,,
"325 27TH STREET, OAKLAND, CA",325 27TH,OAKLAND,CA,94612,CWA,No,,
328 WEST BROKAW ROAD,328 WEST BROKAW,SANTA CLARA,CA,95052,CWA,No,,
3295 CASTRO VALLEY BOULEVARD ALAMEDA COUNTY REDEVELOPMENT AGENCY,3295 CASTRO VALLEY,CASTRO VALLEY,CA,94546,CWA,No,,
32ND ST NAVSTA DESALINATION,32ND STREET NAVAL STATION,SAN DIEGO,CA,92136,CWA,No,,
3303 SUNSET,3303 SUNSET,LOS ANGELES,CA,90026,CWA,No,,
33051 MULHOLLAND HWY,33051 MULHOLLAND HWY,WESTLAKE VILLAGE,CA,90265,CWA,No,07/11/2019,
3333 SCOTT BOULEVARD,3333 SCOTT BOULEVARD,SANTA CLARA,CA,95054,CWA,No,,
3336 FRUITLAND AVE LLC,3336 FRUITLAND AVEW,VERNON,CA,90058,CWA,No,05/11/2021,
"3400 HILLVIEW AVENUE, PALO ALTO",3400 HILLVIEW,PALO ALTO,CA,94304,CWA,No,,
34METRO LINES-SEGMENTS 1 & 2A,GREATER LOS ANGELES,LOS ANGELES,CA,90017,CWA,No,11/30/2005,
359 N. ALFRED STREET,359 NORTH ALFRED,LOS ANGELES,CA,90048,CWA,No,,
"360 DESTINATION GROUP, FIREWORKS EVENT LOCATION",NOT APPLICABLE,SAN DIEGO,CA,92101,CWA,No,,
360 STONE CANYON ROAD,360 STONE CANYON ROAD,LOS ANGELES,CA,90077,CWA,No,08/16/2023,
3670 IMPERIAL,3670 W IMPERIAL,HAWTHORNE,CA,90250,CWA,No,,
3670 IMPERIAL,3670 WEST IMPERIAL HIGHWAY,HAWTHORNE,CA,90303,CWA,No,,
368 PETALUMA BLVD. NORTH,368 NORTH PETALUMA,PETALUMA,CA,94954,CWA,No,,
3700 ROAD J,3700 ROAD J,REDWOOD VALLEY,CA,95470,CWA,No,,
3797U4 YOL SAC 80 ACROSS THE TOP,YOLO AND SAC COUNTIES IN AND NEAR WEST SAC AND SAC,SACRAMENTO,CA,95833,CWA,No,,
38 UNIT MIXED USE,416 E LAS TUNAS DRIVE,SAN GABRIEL,CA,91776,CWA,No,04/26/2018,
3800 WEST SIXTH STREET LLC,3800 WEST 6TH,LOS ANGELES,CA,90020,CWA,No,,
3980 WILSHIRE BLVD.,3980 WILSHIRE,LOS ANGELES,CA,90010,CWA,No,,
3A TREATMENT PLANT,26801 CAMINO CAPISTRANO,LAGUNA NIGUEL,CA,92677,CWA,No,,
3A1004 SOUTH STOCKTON PROJECT,3663 ARCH RD,STOCKTON,CA,95215,CWA,No,,
3B MACHINING,2292  TRADE ZONE BLVD.,SAN JOSE,CA,95131,CWA,No,,
3C3804  Y TO TROUT CREEK,2489 LAKE TAHOE BOULEVARD,SOUTH LAKE TAHOE,CA,96150,CWA,No,05/19/2020,
3D LETTERING CORP,4477 SHOPPING LANE,SIMI VALLEY,CA,93063,CWA,No,03/11/2019,
3D TEK CNC,2362 STURGIS ROAD,OXNARD,CA,93030,CWA,No,,
3F MEADOWS,SAN MARCOS ROAD AND CENEGAL ROAD,ATASCADERO,CA,93422,CWA,No,,
3H DAIRY (HHH DAIRY),6460 SMITH RD,OAKDALE,CA,95361,CWA,No,07/15/2001,
3M BRINE PONDS,18750MINNESOTA,CORONA,CA,92881,CWA,No,,
3M CANOGA PARK,8357 CANOGA PARK AVENUE,CANOGA PARK,CA,91304,CWA,No,,
3M COMPANY,18750 MINNESOTA RD,CORONA,CA,92881,CWA,No,12/03/2019,
3M COMPANY,1601 S SHAMROCK AVE,MONROVIA,CA,91016,CWA,No,01/18/2024,
3M DAIMLER,17466 DAIMLER ST,IRVINE,CA,92614,CWA,No,,
3M GARDEN GROVE,7341 ANACONDA AVE,GARDEN GROVE,CA,92841,CWA,No,,
3M IRVINE BARRANCA,1922 BARRANCA PKWY,IRVINE,CA,92606,CWA,No,,
3M IRVINE DENTAL,2111 MCGAW AVE,IRVINE,CA,92614,CWA,No,,
3M MORGAN HILL,16235 VINEYARD BOULEVARD,MORGAN HILL,CA,95037,CWA,No,,
3M NORTHRIDGE,19901 NORDHOFF,NORTHRIDGE,CA,91328,CWA,No,,
3M PHARMACEUTICALS,19901  NORDHOFF ST,NORTHRIDGE,CA,91328,CWA,No,01/08/2004,
3M UNITED AUTO PARTS,1726 SMITH AVE,SAN JOSE,CA,95112,CWA,No,,
3R NETWORK,14225 TELEPHONE AVENUE,CHINO,CA,91710,CWA,No,,
3R NETWORK INC,14225 TELEPHONE AVENUE UNIT C,CHINO,CA,91710,CWA,No,,
3RD & FAIRFAX,355 SOUTH OGDEN,LOS ANGELES,CA,90036,CWA,No,,
3RD & PACIFIC PROJECT,230 WEST 3RD,LONG BEACH,CA,90802,CWA,No,,
3RD AND CLAREMONT,THIRD AVENUE AND CLAREMONT STREET,SAN MATEO,CA,94401,CWA,No,,
3RD BUILDING LLP,26477 RUETHER AVE,SANTA CLARITA,CA,91350,CWA,No,,
3T HOLDING INC,18221 SUSANA RD,RANCHO DOMINGUEZ,CA,90221,CWA,No,11/30/2015,
3T HOLDING INC,18221 SUSANA RD,RANCHO DOMINGUEZ,CA,90221,CWA,No,,
3V FASTNERS CO INC,320 REED CIR,CORONA,CA,92879,CWA,No,05/21/2021,
4 CYLINDER CARS DISMANTLERS,11485 EAST SANTA FE AVE,HESPERIA,CA,92345,CWA,No,,
4 JS AUTO DISMANTLING,1818 E MAURETANIA ST,WILMINGTON,CA,90744,CWA,No,09/22/2021,
4 SEASONS AT BEAUMONT,1001 S HIGHLANDS SPRINGS AVE,BEAUMONT,CA,92223,CWA,No,04/02/2018,
4 STARS AUTO DISMANTLER,921 N HENRY FORD AVE,WILMINGTON,CA,90744,CWA,No,12/04/2023,
4 STARS AUTO DISMANTLER SALES,921 N HENRY FORD AVE,WILMINGTON,CA,90744-4716,CWA,No,01/31/2024,
4 STARS AUTO DISMANTLER SALES,921 N HENRY FORD AVE,WILMINGTON,CA,90744,CWA,No,12/04/2023,
4 WHEEL DISMANTLING,1034 CRISTOBAL,WILMINGTON,CA,90744,CWA,No,,
4-H CALF RANCH,9200 EDISON,ONTARIO,CA,91762,CWA,No,07/18/2024,
4-S RANCH WRF,1966 OLIVENHAIN ROAD,ENCINITAS,CA,92024-5699,CWA,No,,
405 ALBERTO WAY,405 ALBERTO,LOS GATOS,CA,95032,CWA,No,,
407 NORTH MAPLE DRIVE,407 NORTH MAPLE,BEVERLY HILLS,CA,90210,CWA,No,04/30/2025,
4200 COAL MINE RD,4200 COAL MINE RD,IONE,CA,95640,CWA,No,,
4255 RUFFIN ROAD,4255 RUFFIN ROAD,SAN DIEGO,CA,CA/92,CWA,No,,
43 AUTO WRECKING,2760 HWY 43,EARLIMART,CA,93219,CWA,No,,
440 N. WOLFE ROAD (813 STEWART DRIVE),440 NORTH WOLFE,SUNNYVALE,CA,94085,CWA,No,,
4413 PATTERSON H&M,4413 PATTERSON AVE,PERRIS,CA,92571,CWA,No,,
442 OCEAN APT CONSTRUCTION,442 OCEAN,LONG BEACH,CA,90802,CWA,No,,
445 1ST AVE,445 1ST AVE,CHULA VISTA,CA,91910,CWA,No,,
"4501 TIDEWATER AVE, OAKLAND",4501 TIDEWATER,OAKLAND,CA,94601,CWA,No,02/21/2018,
4525 WILSHIRE,4525 WILSHIRE,LOS ANGELES,CA,90010,CWA,No,02/26/2021,
465 N MARY AVE,465 NORTH MARY,SUNNYVALE,CA,94085,CWA,No,,
469 N SWEETZER AVE,469 NORTH SWEETZER,LOS ANGELES,CA,90048,CWA,No,,
4733 ELMWOOD HOA,4733 ELMWOOD,LOS ANGELES,CA,90004,CWA,No,04/27/2022,
4755 NEXUS SHELL,4755 NEXUS CENTER DRIVE,SAN DIEGO,CA,92121,CWA,No,,
47TH STREET,1740 47TH STREET,SAN DIEGO,CA,92102,CWA,No,,
48 AUTO WRECKING,84805 AVE 48,COACHELLA,CA,92236,CWA,No,04/26/2012,
48 AUTO WRECKING,84805 AVENUE 48,COACHELLA,CA,92236,CWA,No,,
"487 E MIDDLEFIELD, SMI HOLDING, LLC",487 EAST MIDDLEFIELD,MOUNTAIN VIEW,CA,94043,CWA,No,,
48FORTY,2641 HALL AVE,RIVERSIDE,CA,92509,CWA,No,,
48FORTY PALLET SOLUTIONS,2276 WILBUR LANE,ANTIOCH,CA,94509,CWA,Yes,06/06/2024,
4929 WILSHIRE LP,4929 WILSHIRE,LOS ANGELES,CA,90010,CWA,No,08/05/2024,
495 HARTFORD,495 HARTFORD,LOS ANGELES,CA,90017,CWA,No,,
4AE COMPLETE AUTOMOTIVE SERVICES,9708 FACTORIAL WAY,SOUTH EL MONTE,CA,91733,CWA,No,,
"4D INDUSTRIES, INC.",10550 ARNO ROAD,GALT,CA,95632,CWA,No,,
4F8404 MEYERS ROUNDABOUT,HWY 50/89 INTERSECTION,MEYERS,CA,96150,CWA,No,,
4S RANCH WRF,16595 DOVE CANYON RD,SAN DIEGO,CA,92127,CWA,No,,
5 BOYS PRECISION MACHINING,1516-A WEST INDUSTRIAL PARK STREET,COVINA,CA,91722,CWA,No,09/05/2019,
5 DAY BUSINESS FORMS MFG INC,1391 N HUNDLEY STREET,ANAHEIM,CA,92806,CWA,No,02/21/2018,
5 DAY BUSINESS FORMS MFG INC,2921 E LA CRESTA AVE,ANAHEIM,CA,92806,CWA,No,02/21/2018,
5 LOWER RAGSDALE DRIVE MEDICAL OFFICE BUILDING,5 LOWER RAGSDALE DR,MONTEREY,CA,93940,CWA,No,,
5 POINTS EXHIBITS INC,2260 E SPRUCE ST,ONTARIO,CA,91761,CWA,No,,
5 PP,PP,PP,CA,99999,CWA,No,,
5 STAR SR STEEL,14548 MANZANITA AVENUE,FONTANA,CA,92335,CWA,No,04/29/2021,
5 STAR SWEEPING,330 N PALM ST,BREA,CA,92821,CWA,No,,
5 UNITS SINGLE FAMILY HOMES,8304 SCENIC DR,ROSEMEAD,CA,91770,CWA,No,05/03/2022,
500 BROADWAY,500 BROADWAY,SANTA MONICA,CA,90401,CWA,No,,
503 BANGOR PARK ROAD,503WESTBANGOR PARK,BANGOR,CA,95914,CWA,No,,
505 SILVER LAKE,505 SILVER LAKE,LOS ANGELES,CA,90026,CWA,No,,
507-509 ORLANDO,507- 509 ORLANDO,WEST HOLLYWOOD,CA,90048,CWA,No,,
514 N. HUNTLEY DRIVE,514 NORTH HUNTLEY,WEST HOLLYWOOD,CA,90048,CWA,No,,
5217 ADAMS,5213-5223 WEST ADAMS,LOS ANGELES,CA,90016,CWA,No,,
52ND STREET WELL,4421 EAST 52ND,MAYWOOD,CA,90270,CWA,No,01/12/2022,
540 SPECTRUM CR,540 SPECRTUM CR,OXNARD,CA,93030,CWA,Yes,,
550 ALLERTON STREET,550 ALLERTON,REDWOOD CITY,CA,94063,CWA,No,,
5510 HALL ROAD,5510 HALL ROAD,SANTA ROSA,CA,95401,CWA,No,,
56 UNIT RESIDENTIAL CONDOS,92 RIO RANCHO RD,POMONA,CA,91766,CWA,No,,
56 YARD CONCRETE BATCH PLANT,I5 AND SR56,SAN DIEGO,CA,92130,CWA,No,,
563 N ALFRED ST,UNKNOWN,LOS ANGELES,CA,00000,CWA,No,08/28/2003,
5641 01 LA HABRA CA WALMART,1000 E IMPERIAL HWY,LA HABRA,CA,90631,CWA,No,,
5667 SANTA MONICA BOULEVARD,5601- 5667 WEST SANTA MONICA,LOS ANGELES,CA,90038,CWA,No,,
5670 WILSHIRE BLVD. PROPERTY,5670WILSHIRE,LOS ANGELES,CA,90036,CWA,No,,
5731 SANTA MONICA BLVD PARKING GARAGE,5731 SANTA MONICA,LOS ANGELES,CA,90038,CWA,No,,
58 BELTWAY OPERATIONAL IMPROVEMENTS BATCH PLANT,E ROSA PARKS HIGHWAY/E 58 MOJAVE TEHACHAPI CONNECT,BAKERSFIELD,CA,93309,CWA,No,,
5802 LUBAOV AVE,5802 LUBAOV,WOODLAND HILLS,CA,91367,CWA,No,,
5868 W JEFFERSON BLVD,5868 WEST JEFFERSON,NOT APPLICABLE,CA,00000,CWA,No,,
5950 JEFFERSON BLVD COMMERCIAL BLDG,5950 JEFFERSON,LOS ANGELES,CA,90016,CWA,No,,
"5C 6699 MILL CREEK ROAD ROAD REPAIR PROJECT, EUPHRAT PROPERTY",6699MILL CREEK,HEALDSBURG,CA,95448,CWA,No,,
"5C MARK EVANS PROPERTY, 2001 LOS ALAMOS ROAD",2001LOS ALAMOS,SANTA ROSA,CA,95409,CWA,No,01/27/2023,
5C NAVARRO RIDGE ROAD @ HIGHWAY 128,NAVARRO RIDGE,ALBION,CA,95410,CWA,No,,
5TH & HUNTINGTON,1110 SOUTH 5TH AVENUE,MONROVIA,CA,91016,CWA,No,,
601 DILLON (LA) LLC,601 NORTH DILLON,LOS ANGELES,CA,90026,CWA,No,,
"601 MARSHALL STREET OWNER, LLC",601 MARSHALL,REDWOOD CITY,CA,94063,CWA,No,,
6041 VARIEL AVENUE,6041 VARIEL,WOODLAND HILLS,CA,91367,CWA,No,,
610 WALNUT STREET,610 WALNUT,REDWOOD CITY,CA,94063,CWA,No,,
619 DOHENY,619 DOHENY,BEVERLY HILLS,CA,90210,CWA,No,,
620 GRAMERCY PLACE,620 SOUTH GRAMERCY,LOS ANGELES,CA,90005,CWA,No,03/08/2022,
6341 SAN IGNACIO,6341 SAN IGNACIO AVENUE,SAN JOSE,CA,95119,CWA,No,,
639 S. LA BREA AVE.,623-671 SOUTH LA BREA,LOS ANGELES,CA,90036,CWA,No,,
640 PAGE MILL ROAD,640 PAGE MILL,PALO ALTO,CA,94304,CWA,No,,
640 S. ST. ANDREWS PLACE,640 SOUTH ST. ANDREWS,LOS ANGELES,CA,90010,CWA,No,,
642 S WATERMAN AVE,642 S WATERMAN AVENUE,SAN BERNARDINO,CA,92408,CWA,No,,
645 N. ROBERTSON BLVD.,645 NORTH ROBERTSON,WEST HOLLYWOOD,CA,90069,CWA,No,,
6500 WILSHIRE,6500 WILSHIRE,LOS ANGELES,CA,90048,CWA,No,10/28/2019,
6500 WILSHIRE BLVD,UNKNOWN,BEVERLY HILLS,CA,00000,CWA,No,07/21/2003,
6540 FEDERAL BLVD PARTNERSHIP,6540 FEDERAL BLVD,LEMON GROVE,CA,91945,CWA,No,,
6540 FEDERAL BLVD PARTNERSHIP,6540 FEDERAL BLVD,LEMON GROVE,CA,91945,CWA,No,11/02/2017,
6933 SANTA MONICA BLVD.,6933 SANTA MONICA,LOS ANGELES,CA,90038,CWA,No,,
6D HELMETS LLC,2923 SATURN ST,BREA,CA,92821,CWA,No,,
6TH & BIXEL,632 S LUCAS AVENUE,LOS ANGELES,CA,90017,CWA,No,,
7 UP / RC BOTTLING CO. OF S.C.,322026TH,LOS ANGELES,CA,90023,CWA,No,,
700 DEGREES ARTISTRY AND METAL FABRICATION,2240 MAIN ST STE 9,CHULA VISTA,CA,91911,CWA,No,06/14/2022,
71 91 LLC,20310 TEMESCAL CANYON RD,CORONA,CA,92881,CWA,No,,
71 91 LLC PRADO PIT  RP 113,11091 HIGHWAY 71,CORONA,CA,91720,CWA,No,,
711 MAMMOTH,198 COMMERCE DR,MAMMOTH LAKES,CA,93545,CWA,No,,
711 MATERIAL INC,270 GEORGE REED DRIVE,SAN ANDREAS,CA,95249,CWA,No,04/09/2020,
711 MATERIALS INC,1470 LINEBAUGH ROAD,ARNOLD,CA,95223,CWA,No,,
711 PINE CREEK,517 RONEY TRAIL,CHICO,CA,95926,CWA,No,,
711 STOCKTON,2714 STAGECOACH RD,STOCKTON,CA,95215,CWA,No,,
7115 WARING AVENUE PROJECT,7115 WARING,LOS ANGELES,CA,90046,CWA,No,,
714 N. SWEETZER,714 NORTH SWEETZER,LOS ANGELES,CA,90069,CWA,No,,
7145 CARMEL VALLEY RD,7145 CARMEL VALLEY RD,CARMEL,CA,93923,CWA,No,,
716 EAST ALONDRA BOULEVARD,716 EAST ALONDRA BOULEVARD,CARSON,CA,90746,CWA,No,,
718 NORTH HUDSON AVENUE,718 NORTH HUDSON,LOS ANGELES,CA,90038,CWA,No,,
723 HUNTLEY,723 HUNTLEY,WEST HOLLYWOOD,CA,90069,CWA,No,,
728 N. SWEETZER,728 NORTH SWEETZER,WEST HOLLYWOOD,CA,90069,CWA,No,,
730 VERMONT APARTMENTS,730 SOUTH VERMONT,LOS ANGELES,CA,90005,CWA,No,10/25/2023,
734 MISSION ROCK ROAD,734 AND 736 MISSION ROCK ROAD,SANTA PAULA,CA,93060,CWA,No,,
737 & 765 LEWIS STREET,737 & 765 LEWIS STREET,POMONA,CA,91768,CWA,No,,
74 WELD,9349 BOND AVE,EL CAJON,CA,92021,CWA,No,02/02/2022,
740 SOUTH RIDGELEY DRIVE,740 SOUTH RIDGELEY,LOS ANGELES,CA,90036,CWA,No,,
"750 GARLAND, LLC",750 GARLAND AVENUE,LOS ANGELES,CA,90017,CWA,No,07/07/2011,
755 S. FIGUEROA,755 WEST 7TH,LOS ANGELES,CA,90017,CWA,No,,
75S CORP FMC METALS,800 E 62ND ST,LOS ANGELES,CA,90001,CWA,Yes,,
760 PRINTING,2585 FORTUNE WAY SUITE B,VISTA,CA,92081,CWA,No,11/19/2021,
7771 BEVERLY LLC,7771 BEVERLY,LOS ANGELES,CA,90036,CWA,No,,
7UP BOTTLING,2009 FARALLON DR,SAN LEANDRO,CA,95477,CWA,Yes,,
7UP BOTTLING COMPANY OF SAN FRANCISCO A DIVION OF THE AMERICAN BOTTLING COMPANY,2875 PRUNE AVE,FREMONT,CA,94539,CWA,No,,
7UP OF  CHICO,306 OTTERSON DRIVE SUITE 10,CHICO,CA,95928,CWA,No,03/19/2024,
8 WELDING IRON WORK,135 SOUTH OAKS AVENUE,ONTARIO,CA,92762,CWA,No,01/17/2019,
800 ALFRED NOBEL,800 ALFRED NOBEL,HERCULES,CA,94547,CWA,No,,
8000 BEVERLY,8000 BEVERLY,LOS ANGELES,CA,90048,CWA,No,02/09/2024,
8070 BEVERLY (FUTURE SENIOR LIVING COMMUNITY),8070 BEVERLY,LOS ANGELES,CA,90048,CWA,No,,
81 SOMERSET LANE,81 SOMERSET LANE,ATHERTON,CA,94027,CWA,No,,
812 HUNTLEY DR.,812 HUNTLEY,WEST HOLLYWOOD,CA,90069,CWA,No,,
812 MAIN LLC,812 MAIN,LOS ANGELES,CA,90291,CWA,No,,
820 LORRAINE DR,820 LORRAINE DR,CHESTER,CA,96020,CWA,No,04/01/2021,
"8200 & 7411 ST. HELENA ROAD, SANTA ROSA",8200ST. HELENA ROAD & 7411 ST. HELENA,SANTA ROSA,CA,95404,CWA,No,,
822 N. KENTER AVENUE,822 N. KENTER AVE.,LOS ANGELES,CA,90049,CWA,No,,
823 WESTBOURNE DRIVE,823 WESTBOURNE,WEST HOLLYWOOD,CA,90069,CWA,No,,
8282 DUNISCH RAOD,8282 DUNISCH ROAD,ELK GROVE,CA,95758,CWA,No,,
8383 WILSHIRE,8383 WILSHIRE,BEVERLY HILLS,CA,90211,CWA,No,11/12/2019,
84 RECYCLING,8241 W GOSHEN AVE,VISALIA,CA,93291,CWA,No,,
84 RECYCLING,866 EAST 5TH STREET,HANFORD,CA,93291,CWA,No,04/25/2018,
8484 WILSHIRE,8484 WILSHIRE,BEVERLY HILLS,CA,90211,CWA,No,12/15/2021,
"850 JEFFERSON AVENUE, REDWOOD CITY ON BROADWAY",850 JEFFERSON,REDWOOD CITY,CA,94063,CWA,No,,
8500 SANTA MONICA,8500 SANTA MONICA,WEST HOLLYWOOD,CA,90069,CWA,No,04/09/2025,
8500 SANTA MONICA,961 LA CIENEGA,LOS ANGELES,CA,90069,CWA,No,,
852 NW KNOLL DR,852 NORTHWEST KNOLL,WEST HOLLYWOOD,CA,90069,CWA,No,,
854 WESTMOUNT DRIVE,854 WESTMOUNT,WEST HOLLYWOOD,CA,90069,CWA,No,,
8600 WILSHIRE,8600 WILSHIRE,BEVERLY HILLS,CA,90211,CWA,No,,
8728 ASHCROFT,8728 ASHCROFT,WEST HOLLYWOOD,CA,90048,CWA,No,,
"875 MAUDE AVE, MT. VIEW",875MAUDE,MOUNTAIN VIEW,CA,94043,CWA,No,,
8750 EL TOVAR,8750 EL TOVAR,WEST HOLLYWOOD,CA,90069,CWA,No,,
8777 WASHINGTON BLVD.,8777 WASHINGTON,CULVER CITY,CA,90232,CWA,No,,
88 TRITON PARK LANE,88 TRITON PARK LANE,FOSTER CITY,CA,94404,CWA,No,,
8833 CYNTHIA,8833 CYNTHIA,WEST HOLLYWOOD,CA,90069,CWA,No,06/15/2021,
8888 WASHINGTON BLVD.,8888 WASHINGTON,CULVER CITY,CA,90232,CWA,No,,
8899 BEVERLY-TOWNSCAPE PROJECT,8899 BEVERLY,WEST HOLLYWOOD,CA,90048,CWA,No,05/27/2025,
"8920 SUNSET BOULEVARD, LLC",8920 WEST SUNSET,WEST HOLLYWOOD,CA,90069,CWA,No,,
8AS DISMANTLING,1218 MIRAGE AVE,LINDSAY,CA,93257,CWA,Yes,,
8TH STREET AND FRANCISCO STREET PARKING STRUCTURE,990WEST8THSTREET,LOS ANGELES,CA,90015,CWA,No,09/27/2019,
9 SINGLE FAMILY LOTS SUBDIVISION,9814 CHURCH STREET,RANCHO CUCAMONGA,CA,91730,CWA,No,01/18/2018,
90 SITES GROUNDWATER ASSESSMEN,90 SITES IN LA & VENTURA,VENTURA,CA,93005,CWA,No,01/29/2001,
"900 INNES AVENUE, SAN FRANCISCO (RUBECON BUILDERS, INC.)",900 INNES,SAN FRANCISCO,CA,94124,CWA,No,,
900 LA BREA,7077 WILLOUGHBY,LOS ANGELES,CA,90046,CWA,No,,
903 QUIMISA DR,903 QUISMA DR,SIMI VALLEY,CA,93065,CWA,No,09/07/2021,
910 WETHERLY DRIVE,910-916 NORTH WETHERLY,WEST HOLLYWOOD,CA,90069,CWA,No,,
915 DEGUIGNE DRIVE GROUNDWATER TREATMENT SYSTEM,915 DEGUIGNE,SUNNYVALE,CA,94088,CWA,Yes,,
9200 WILSHIRE,9200 WILSHIRE,BEVERLY HILLS,CA,90210,CWA,No,01/02/2020,
928 INTERNATIONAL,2900 E MIRALOMA D,ANAHEIM,CA,92806,CWA,No,06/25/2018,
928 INTERNATIONAL LTD,2900 E MIRALOMA AVENUE UNIT D,ANAHEIM,CA,92806,CWA,No,,
928 INTERNATIONAL LTD,2900 E MIRALOMA #D,ANAHEIM,CA,92806,CWA,No,,
942 N. BROADWAY PROJECT,942 NORTH BROADWAY,LOS ANGELES,CA,90015,CWA,No,,
944 AIROLE ESTATE,944 AIROLE WAY,BEL AIR,CA,90077,CWA,No,06/23/2023,
953 NORTH SYCAMORE PROJECT,953 NORTH SYCAMORE,LOS ANGELES,CA,90038,CWA,No,,
960 DOHENY CONDOMINIUM,960 NORTH DOHENY,WEST HOLLYWOOD,CA,90069,CWA,No,05/29/2024,
9601 WILSHIRE,9601 WILSHIRE,BEVERLY HILLS,CA,90210,CWA,No,10/15/2024,
9712 OAK PASS ROAD,9712 OAK PASS ROAD,LOS ANGELES,CA,90210,CWA,No,,
9735 WASHINGTON BLVD,9735 WASHINGTON,CULVER CITY,CA,90232,CWA,No,,
974 ARQUES - AMI - B81 DEWATER,974 ARQUES,SANTA CLARA,CA,94086,CWA,No,,
99 AUTO DISMANTLER,3532 E MINER AVE,STOCKTON,CA,95205,CWA,No,,
99 CENT ONLY STORES,4000 UNION PACIFIC AVE,COMMERCE,CA,90023,CWA,No,,
99 CENTS ONLY STORES AT EAST OLYMPIC BLVD AND DITMAN AVE,3965 EAST OLYMPIC BLVD,LOS ANGELES,CA,90023,CWA,No,,
99 ONLY DELANO,626 CECIL AVE,DELANO,CA,93215,CWA,No,,
99 RECYCLING CENTER,830 S CALIFORNIA ST STE A,STOCKTON,CA,95206,CWA,No,,
9908 SANTA MONICA BLVD,9900-9916 SOUTH SANTA MONICA,BEVERLY HILLS,CA,90212,CWA,No,,
9933 TOWER LANE,9933 TOWER LANE,LOS ANGELES,CA,90210,CWA,No,,
9941 TOWER LANE,9941 TOWER LANE,LOS ANGELES,CA,90210,CWA,No,,
9TO5 SEATING,3211 JACK NORTHROP AVENUE,HAWTHORNE,CA,90250,CWA,Yes,12/16/2024,
A,A,LOS ANGELES,CA,90040,CWA,No,,
A  A AUTO PARTS,6240 BRENTWOOD BLVD,BRENTWOOD,CA,94513,CWA,No,,
A  A CONCRETE SUPPLY AUBURN,890 GRASS VALLEY HIGHWAY,AUBURN,CA,95828,CWA,No,02/01/2023,
A  A CONCRETE SUPPLY CHICO,3578 ESPLANADE,CHICO,CA,95973,CWA,No,01/10/2025,
A  A CONCRETE SUPPLY LINCOLN,2930 LESVOS CT,LINCOLN,CA,95648,CWA,No,07/30/2018,
A  A CONCRETE SUPPLY STOCKTON,4035 E MARIPOSA RD,STOCKTON,CA,95215,CWA,No,,
A  A CONCRETE SUPPLY TRACY,10250 W LINNE RD,TRACY,CA,95377,CWA,No,12/20/2017,
A  A CONCRETE SUPPLY YUBA CITY,1201 MARKET ST,YUBA CITY,CA,95991,CWA,No,05/21/2024,
A  B AUTO DISMANTLING,5941 E PANAMA RD STE C,BAKERSFIELD,CA,93307,CWA,No,,
A  B TRUCK RECYCLING,2863 COMMERCIAL ST,SAN DIEGO,CA,92113,CWA,No,03/27/2018,
A  J AUTO PARTS,11644 SHELDON ST,SUN VALLEY,CA,91352,CWA,No,,
A  M PALLET RECYCLERS,2493 DUNN RD,HAYWARD,CA,94545,CWA,No,11/15/2023,
A  W ENGINEERING,8528 DICE RD  8518,SANTA FE SPRINGS,CA,90670,CWA,No,,
A  W ENGINEERING,8528 DICE RD,SANTA FE SPRINGS,CA,90670,CWA,No,03/03/2020,
A & A AUTO DISMANTLERS,30 WEST HIGHWAY 98,CALEXICO,CA,92231,CWA,No,02/23/2011,
A & A AUTO WRECKING,1806 SICHEL STREET,LOS ANGELES,CA,90031,CWA,Yes,10/15/2021,
A & A BROTHERS RECYCLING,22393 OUTER HIGHWAY 18,APPLE VALLEY,CA,92307,CWA,No,10/09/2018,
A & A CONCRETE SUPPLY,3578  ESPLANADE,CHICO,CA,95973,CWA,No,01/13/2010,
A & A TOOL DIE MACHINE,1266 S LYON ST,SANTA ANA,CA,92705,CWA,No,,
A & C ELECTRONICS,18153 NAPA ST,NORTHRIDGE,CA,91325,CWA,Yes,05/30/2023,
A & C VIERRA DAIRY,6125 S CENTRAL AVE,TURLOCK,CA,95380,CWA,No,01/14/2009,
A & D PRECISION MANIFACTURING,4751 E HUNTER AVE,ANAHEIM,CA,92807,CWA,No,,
A & D PRECISION MFG,1262 N LA LOMA CIR,ANAHEIM,CA,92806,CWA,No,,
A & E TRUCKING,15018 SAN FERNANDO ROAD,SYLMAR,CA,91342,CWA,No,,
A & F DAIRY,691 INYO AVE,NEWMAN,CA,95360,CWA,No,03/14/2000,
A & F TRANSPORT,1231 REDWOOD VIEW DRIVE,POMONA,CA,91766,CWA,No,,
A & J MOLDS,1046 COMMERCE STREET # H,SAN MARCOS,CA,92078,CWA,No,,
A & M STONE AND CABINET,72060 CORPORATE WAY,THOUSAND PALMS,CA,92276,CWA,No,,
A & R POWDER COATING,1198 N GROVE ST,ANAHEIM,CA,92806,CWA,No,07/01/2021,
A & S METALS,456 BRUNKEN AVE,SALINAS,CA,93901,CWA,No,,
A & W MACHINE BUILDING,159 SOUTH IRWINDALE AVENUE,AZUSA,CA,91702,CWA,No,,
A 1 AUTO WRECKERS,1100 MCNAMARA RD,CRESCENT CITY,CA,95531,CWA,No,11/18/2020,
A 1 AUTO WRECKERS,200 HILLSDALE AVE,SAN JOSE,CA,95136,CWA,No,05/07/2019,
A 1 AUTO WRECKERS,2381 W MAIN ST,BARSTOW,CA,92311,CWA,No,,
A 1 METALS & AUTO SALVAGE,5795 STOCKDALE RD.,PASO ROBLES,CA,93446,CWA,No,03/31/2011,
A 1 METALS RECYCLING,8250 TUJUNGA AVE,SUN VALLEY,CA,91352,CWA,No,01/26/2010,
A 1 RECYCLING,1248 W 9TH ST,UPLAND,CA,91786,CWA,No,12/20/2017,
A 1 WRECKING YARD,2015 W STONEHURST DR,RIALTO,CA,92377,CWA,Yes,10/16/2019,
A A 2 AUTO SALVAGE,45509 DIVISION ST,LANCASTER,CA,93535,CWA,No,,
A A CONCRETE SUPPLY FAIRFIELD SUISUN CITY,3809 BITHELL LN,SUISUN CITY,CA,94585,CWA,No,05/03/2019,
A A CONCRETE SUPPLY GRASS VALLEY,270 RAILROAD AVENUE,GRASS VALLEY,CA,95945,CWA,No,12/29/2022,
A AND G METAL WORKS,755 VERNON WAY,EL CAJON,CA,92020,CWA,No,04/07/2022,
A AND L TILE,3722 MAIN STREET,SAN DIEGO,CA,92113,CWA,No,,
A AND M METALS,2301 W 5TH ST,SANTA ANA,CA,92703,CWA,No,11/17/2022,
A AND P GRINDING,1824 RAILROAD STREET,CORONA,CA,92880,CWA,No,,
A AND S METALS,6454 CHESTNUT ST,GILROY,CA,95020,CWA,No,,
A AND S METALS,1080 W BEACH STREET,WATSONVILLE,CA,95076,CWA,No,,
A AND S METALS,11340 COMMERCIAL PARKWAY,CASTROVILLE,CA,95012,CWA,No,,
A AND S METALS,2510 TECHNOLOGY DR,LOS BANOS,CA,95012,CWA,Yes,04/06/2023,
A AND SHIRLEY L SABA,41309 AVENIDA BIONA,TEMECULA,CA,92951,CWA,No,,
A AND T PRECISION MACHINING,330  PIERCY RD.,SAN JOSE,CA,95138,CWA,No,,
A AUTO SALVAGE,1925 S UNION AVENUE,BAKERSFIELD,CA,93307,CWA,No,04/26/2023,
A AUTO SALVAGE,1925 SOUTH UNION AVE,BAKERSFIELD,CA,93307,CWA,No,,
A B C PRESS,2780 WALNUT AVENUE,SIGNAL HILL,CA,90806,CWA,No,08/20/2019,
A B C SCH DIST TRANS,11865 178TH ST,ARTESIA,CA,90701,CWA,No,,
A B I ENGINEERING,12143 RIVERA ROAD,WHITTIER,CA,90606,CWA,No,08/23/2019,
A BEST AUTO WRECKING,535 GALLARDO,LOS ANGELES,CA,90033,CWA,No,,
A C AUTO DISMANTLERS,800 GARDEN HWY,YUBA CITY,CA,95991,CWA,No,,
A CATON & SONS DAIRY,15668 S STEINEGUL RD,ESCALON,CA,95320,CWA,No,07/31/1998,
A DIFFERENT LOOK,1517 W 139TH ST,GARDENA,CA,90249,CWA,Yes,07/11/2025,
A FLEX,1818 E CARNEGIE AVE,SANTA ANA,CA,92705,CWA,No,12/26/2018,
A G SPANOS COMPANIES HQ,10100 TRINITY PARKWAY,STOCKTON,CA,95219,CWA,No,,
A K WARREN WATER RESOURCE FACILITY,24501 FIGUEROA,CARSON,CA,90745,CWA,No,,
A LUA RECYCLING,18938 MERMACK AVE,LAKE ELSINORE,CA,92532,CWA,No,,
A LUNAS MARBLE AND GRANITE,2728 NATHAN AVENUE,MODESTO,CA,95354,CWA,No,,
A M FINISHING INCORPERATED,928 E SOUTH ST,ANAHEIM,CA,92805,CWA,No,10/29/2019,
A M FINISHING INCORPORATED,928 E SOUTH STREET,ANAHEIM,CA,92805,CWA,No,07/26/2021,
A M IMPORT AUTO DISMANTLING,12317 BRANFORD ST,SUN VALLEY,CA,91352,CWA,No,05/23/2023,
A P AUTO DISMANTLER,3784 OMEC CIRCLE SUITE 4,RANCHO CORDOVA,CA,95742,CWA,No,08/24/2022,
A PACIFIC EXPRESS ENTERPRISES,1259,ONTARIO,CA,91733,CWA,No,,
A PLUS FORD AND CHEVROLET AUTO DISMANTLING,5523 DUARTE ST,LOS ANGELES,CA,90058,CWA,Yes,10/08/2021,
A PORTION   SEC ON 18 T7S R1W,A PORTION OF SEC ON 18 T7S R1W,MURRIETA,CA,92562,CWA,No,,
A R M C INDIO PLANT,35100 DILLON RD,INDIO,CA,92202,CWA,No,,
A R O SERVICE,1186 N GROVE ST,ANAHEIM,CA,92806,CWA,No,09/21/2018,
A S I AUTO WRECKING,814 N MISSION RD,LOS ANGELES,CA,90033,CWA,Yes,,
A STORAGE PLACE,5220 MISSION BLVD,MONTCLAIR,CA,91762,CWA,No,,
A STORAGE PLACE CHULA VISTA EAST,605 ANITA STREET,CHULA VISTA,CA,91911,CWA,No,,
A STORAGE PLACE HEMET,3450 WENTWORTH DRIVE,HEMET,CA,92545,CWA,No,08/24/2021,
A STORAGE PLACE INDIO,83050 AVENUE 45,INDIO,CA,92201,CWA,No,,
A STORAGE PLACE REDLANDS,650 NEW YORK STREET,REDLANDS,CA,92374,CWA,No,05/19/2020,
A STREET REMEDIATION PROJECT,6079 A,ELMIRA,CA,95625,CWA,No,,
A TO Z FLAME HARDENING,2466 56TH STREET,HUNTINGTON PARK,CA,90255,CWA,No,,
A TOP ENVOUNTER DESIGN,15121 GRAHAM ST,HUNTINGTON BEACH,CA,92649,CWA,No,,
A&A AUTO DISMANTLERS,30 WEST HIGHWAY 98,CALEXICO,CA,92231,CWA,No,05/17/2018,
A&A BROTHERS RECYCLING,22393 OUTER HIGHWAY 18,APPLE VALLEY,CA,92307,CWA,No,,
A&A LONG BEACH PLANT,900 W PATTERSON,SIGNAL HILL,CA,90755,CWA,No,10/14/2021,
A&A READY MIX CONCRETE,100 E REDONDO BEACH BLVD,GARDENA,CA,90248,CWA,No,,
A&C TRUCK REPAIR,2226 MYRTLE ST,OAKLAND,CA,94607,CWA,No,,
A&E INDUSTRIES,1313 W 24TH ST,NATIONAL CITY,CA,91950,CWA,No,,
A&I PALLETS,9405 SOUTH ALAMEDA STREET,LOS ANGELES,CA,90002,CWA,No,06/06/2018,
A&J DAIRY FARMS,5201 MILNES RD,MODESTO,CA,95357,CWA,No,09/18/1997,
A&J ELECTRONICS RECYCLING,761 MABURY RD SUITE 75,SAN JOSE,CA,95133,CWA,No,04/05/2019,
A&J INDUSTRIAL,1735 DOCKERY,SELMA,CA,93662,CWA,No,,
A&J MACHINING,16305B VINEYARD BLVD,MORGAN HILL,CA,95037,CWA,No,,
A&M AUTO DISMANTLER,3679 SOUTH EL DORADO STREET,STOCKTON,CA,95206,CWA,No,,
A&M AUTO DISMANTLER,3679 SOUTH EL DORADO STREET,STOCKTON,CA,92506,CWA,No,,
A&M ELECTRONICS,25018 AVENUE KEARNY,VALENCIA,CA,91355,CWA,No,06/08/2023,
A&R LOGISTICS,6250 CABALLERO BLVD,BUENA PARK,CA,92867,CWA,No,,
A-1 AUTOMOTIVE CORE SUPPLIER,2400 W 5TH ST,SANTA ANA,CA,92703,CWA,No,,
A-1 PLATING,870 WALSH AVENUE,SANTA CLARA,CA,95050,CWA,No,09/06/2005,
A-1 PLATING,2655 LAFAYETTE STREET,SANTA CLARA,CA,95050,CWA,No,01/13/2004,
A-1 SELF STORAGE,1415  OLD OAKLAND RD.,SAN JOSE,CA,95112,CWA,No,,
A-1 SELF STORAGE KM,5654 COPLEY DR.,SAN DIEGO,CA,92111,CWA,No,,
A-I POWER,10887 COMMERCE WAY,FONTANA,CA,92337,CWA,Yes,,
A-LINE EXPORT PIPELINE,1275 MEADOW CREST,SOUTH LAKE TAHOE,CA,96150,CWA,No,,
A-PLUS MATERIALS RECYCLING,250 PORT ROAD,STOCKTON,CA,95203,CWA,No,09/25/2009,
A.M. CASTLE METALS,1625 TILLIE LEWIS DRIVE,STOCKTON,CA,95206,CWA,No,01/12/2010,
A/A AUTO BODY DISMANTLER,1077 BROADWAY,CHULA VISTA,CA,91911,CWA,No,09/06/2006,
A1 AUTO DISMANTLING,2005 S UNION AVE,BAKERSFIELD,CA,93307,CWA,No,,
A1 AUTO IMPORTS DISMANTLER,"3791 RECYCLE ROAD, UNIT 1",RANCHO CORDOVA,CA,95758,CWA,No,05/03/2011,
A1 AUTO PARTS,23900 HIGHWAY 74,PERRIS,CA,92570,CWA,No,,
A1 AUTO TRUCK WRECKING,2019 STONEHURST DR,RIALTO,CA,92377,CWA,No,10/16/2019,
A1 AUTO WRECKERS,100 MCNAMARA ROAD,CRESCENT CITY,CA,95531,CWA,No,03/17/2011,
A1 EXPRESS,4520 S MAYWOOD AVE,VERNON,CA,90058,CWA,No,01/31/2019,
A1 MOLD,16027 KAPLAN AVENUE,CITY OF INDUSTRY,CA,91744,CWA,No,07/17/2023,
A1 PROFESSIONAL AUTO DISMANTLING,1800 EAST 55TH STREET,LOS ANGELES,CA,90058,CWA,No,,
A1 PROFESSIONAL AUTO DISMANTLING,1800 E 55TH ST,VERNON,CA,90058,CWA,No,,
A1 PUBLIC STORAGE,13623 HIGHWAY 8 BUSINESS,EL CAJON,CA,92021,CWA,No,05/10/2022,
A1 READY MIX,220 RANKIN,SAN FRANCISCO,CA,94124,CWA,No,,
A1 SELF STORAGE,1190B MORENA BLVD,SAN DIEGO,CA,92110,CWA,No,,
A1 SELF STORE DOWNTOWN,2235 PACIFIC HWY,SAN DIEGO,CA,92101,CWA,No,,
A2,2060 EAST VIA ARADO,COMPTON,CA,90220,CWA,No,05/19/2021,
A39/IPD SURFBOARDS,1043 CENTER ST,COSTA MESA,CA,92627,CWA,No,,
A4,6200 MALBURG WAY,VERNON,CA,90058,CWA,No,01/29/2019,
A4,6199 MALBURG WAY,VERNON,CA,90058,CWA,No,01/14/2021,
A7A ABELS SEPTIC SERVICE,25775 PAHUTE RD APPLE VALLEY CA 92308,APPLE VALLEY,CA,92308,CWA,No,,
AA GLOBAL AUTO DISMANTLING,19407 CAJON BLVD B,SAN BERNARDINO,CA,92407,CWA,No,08/02/2017,
AA READY MIXED CONCRETE,100 EAST REDONDO BEACH BLVD,GARDENA,CA,90248,CWA,No,06/26/2020,
AA READY MIXED CONCRETE,134 WEST REDONDO BEACH BLVD,GARDENA,CA,90248,CWA,No,02/26/2020,
AA TRUCKING,1639 18TH STREET,OAKLAND,CA,94604,CWA,No,09/18/2006,
AA UNITED EDM,1665 SO RANCHO SANTA FE RD SUITE E2,SAN DIEGO,CA,92117,CWA,No,,
AAA ALLIANCE SELF STORAGE,8383 CLAIREMONT MESA BLVD,SAN DIEGO,CA,92111,CWA,No,,
AAA ALLIANCE SELF STORAGE,8383 CLAIRMONT MESA BLVD,SAN DIEGO,CA,92111,CWA,No,,
AAA AUTO WRECKING,863 ALPHA ST,DUARTE,CA,91010,CWA,No,,
AAA CONTAINER SALES AND RENTALS,11120 ALMOND AVENUE,FONTANA,CA,92337,CWA,Yes,,
AAA COPY SERVICE,"2696 LAVERY COURT,  UNIT 12,",THOUSAND OAKS,CA,91320,CWA,No,06/22/2022,
AAA DODGE  TRUCK,3731 RECYCLE RD,RANCHO CORDOVA,CA,95742,CWA,No,,
AAA FLUTING AND MACHINING,14044 GARFIELD AVE STE J,PARAMOUNT,CA,90723,CWA,Yes,10/28/2022,
AAA PLATING & INSPECTION INCORPORATED,424 E DIXON ST,COMPTON,CA,90222,CWA,No,03/30/2010,
AAA PRINTING,23620 MONUMENT CANYON DRIVE,DIAMOND BAR,CA,91765,CWA,No,,
AAA RECYCLING,2810 RUBIDOUX BLVD,RIVERSIDE,CA,92509,CWA,No,,
AAAA TAYLOR ROAD SELF STORAGE,3000 TAYLOR ROAD,ROSEVILLE,CA,95678,CWA,No,,
AACON AUTO PARTS  WRECKING,7721 S ALAMEDA ST,LOS ANGELES,CA,90001,CWA,No,,
AAF-MCQUAY GROUNDWATER REMEDIATION SYSTEM,GOSHEN AVE AND SHIRK RD,VISALIA,CA,93291,CWA,No,03/05/2015,
AAMCO,1406 W. HOLT ST.,POMONA,CA,91768,CWA,No,11/21/2017,
AAMP OF AMERICA,2500 EAST FRANCIS STREET,ONTARIO,CA,00000,CWA,No,,
AAMP OF AMERICA,2500 E FRANCIS ST,ONTARIO,CA,91761,CWA,No,,
AAREN LABORATORIES,1040 S VINTAGE AVE BDLG A,ONTARIO,CA,91761,CWA,No,,
AARON INDUSTRIAL RECYCLING,8530 SAN FERNANDO RD,SUN VALLEY,CA,91352,CWA,No,,
AARON WINES,3050 LIMESTONE WAY,PASO ROBLES,CA,93446,CWA,No,,
AARON WINES,3050 LIMESTONE WAY,PASO ROBLES,CA,93446,CWA,No,02/05/2019,
AARONS AUTO GROUP,9403 GLENOAKS BLVD,SUN VALLEY,CA,91352,CWA,No,01/08/2020,
AATLAS AUTO RECYCLING,791 ENERGY WY,CHULA VISTA,CA,91911,CWA,No,,
AATLAS AUTO RECYCLING 2,935 D HERITAGE RD,SAN DIEGO,CA,92154,CWA,No,,
"AB & I, OAKLAND",UNKNOWN,UNKNOWN,CA,00000,CWA,No,,
AB BRASIL DAIRY,18338 E. MARIPOSA RD,ESCALON,CA,95320,CWA,No,01/30/2008,
AB POLISHING AND CHROME,"8940 N. BENSON AVE., SUITE G",MONTCLAIR,CA,91763,CWA,No,,
AB RECYCLING,3055 FAIRMOUNT AVE,SAN DIEGO,CA,92105,CWA,Yes,08/21/2018,
AB TRANSFER STORAGE AND LEASING,1260 E PHILLIPS BLVD,POMONA,CA,91766,CWA,No,11/28/2017,
AB VACUUM MOLD DIE,1524 WEST INDUSTRIAL PARK STREET,COVINA,CA,91722,CWA,No,09/04/2019,
"ABALONE FARM, THE",ALEXANDER RANCH AT VILLA CREE,CAYUCOS,CA,93430,CWA,No,06/16/2006,
ABANDONED MINE DISCHARGE,UNKNOWN,UNKNOWN,CA,00000,CWA,No,,
ABANTOS AUTOMOTIVE CORES WAREHOUSE,7729 S ALAMEDA STREET,LOS ANGELES,CA,90001,CWA,No,,
ABBA ROLLER,1351 E PHILADELPHIA ST,ONTARIO,CA,91761,CWA,No,01/31/2024,
ABBETT FAMILY RESIDENCE,631 LOMMEL RD,CALISTOGA,CA,94915,CWA,No,,
ABBOT INDUSTRIAL SUPPLIES,11604 HART ST,NORTH HOLLYWOOD,CA,91605,CWA,No,,
ABBOTT DIABETES CARE,1360 SOUTH LOOP ROAD,ALAMEDA,CA,94502,CWA,No,11/01/2023,
ABBOTT DIAGNOSTIC DIVISION,2251 FARADAY AVENUE SUITE 150,CARLSBAD,CA,92008,CWA,No,08/10/2021,
ABBOTT ELECTROPHYSIOLOGY,1530 O BRIEN DRIVE,MENLO PARK,CA,94025,CWA,No,,
ABBOTT LABORATORIES,15900 VALLEY VIEW CT,SYLMAR,CA,91342,CWA,No,01/11/2018,
ABBOTT LABORATORIES,13150 TELFAIR AVE,SYLMAR,CA,91342,CWA,No,01/08/2018,
ABBOTT MEDICAL OPTICS,715 SYCAMORE DRIVE,MILPITAS,CA,95035,CWA,No,02/09/2023,
ABBOTT MEDICAL OPTICS,510 COTTONWOOD DRIVE,MILPITAS,CA,95035,CWA,No,,
ABBOTT VASCULAR,26531 YNEZ ROAD,TEMECULA,CA,92591,CWA,No,06/15/2011,
ABBOTTS LAGOON COASTAL DUNE RESTORATION PROJECT,17400 SIR FRANCIS DRAKE BOULEVARD,INVERNESS,CA,94956,CWA,No,,
ABC CARS,225 SAN JOSE AVE,SAN JOSE,CA,95125,CWA,No,,
ABC CHAUFFEURED LIMOUSINES,15 SOUTH BAYSHORE BLVD,SAN MATEO,CA,94401,CWA,No,06/14/2024,
ABC CHAUFFEURED LIMOUSINES,15  S BAYSHORE BLVD.,SAN MATEO,CA,94401,CWA,No,10/11/2019,
ABC INDUSTRIAL SVC,1411 &1419 NORTH MAGNOLIA,EL CAJON,CA,92020,CWA,No,12/29/2021,
ABC READY MIX,7901 EL RIO AVE,SACRAMENTO,CA,95626,CWA,No,,
ABC TRAINING FACILITY,19466 FLIGHTPATH WAY,BAKERSFIELD,CA,93308,CWA,No,,
ABD INDUSTRIES,UNKNOWN,BURBANK,CA,00000,CWA,No,09/05/2006,
ABDUL MOTORS,119 LEE RD,WATSONVILLE,CA,95076,CWA,No,05/08/2024,
ABEL & BROTHERS CUSTOM IRON WORKS,1405 DESCANSO AVENUE,SAN MARCOS,CA,CA,CWA,No,,
ABEL AUTOMATICS,165 N AVIADOR STREET,CAMARILLO,CA,93010,CWA,No,12/06/2024,
ABEL DIAZ,1199 CALHOUN STREET,HAYWARD,CA,94544,CWA,No,11/15/2019,
ABEL TIENDA CUSTOM FRAMES,1773 W LINCOLN AVE,ANAHEIM,CA,92801,CWA,No,,
ABEL TIENDA CUSTOM FRAMES,1773 WEST LINCOLN AVENUE #F,ANAHEIM,CA,92801,CWA,Yes,05/04/2023,
ABEL TIENDA CUSTOM FRAMES,1773 WESTLINCOLN AVENUE #F,ANAHEIM,CA,92801,CWA,No,10/29/2019,
ABEL TIENDA CUSTOM FRAMES,1773 W LINCOLN AVE,ANAHEIM,CA,92801,CWA,No,,
ABELS AUTO DISMANTLING,48150 HARRISON STREET,COACHELLA,CA,92236,CWA,No,04/25/2012,
ABERNATHY TRANSFER STATION COMPOST FACILITY,2255 ABERNATHY,REDDING,CA,96003,CWA,No,,
ABEX DISPLAY SYSTEMS,7101 7100 7118 FAIR AVE,NORTH HOLLYWOOD,CA,91605,CWA,No,,
ABHE & SVOBODA INCORPORATED,880 TAVERN RD,ALPINE,CA,91901,CWA,No,12/09/2021,
ABI FOUNDRY,7825 SAN LEANDRO ST,OAKLAND,CA,94621,CWA,No,,
ABI LOGISTICS,225 S SULTANA AVE,ONTARIO,CA,91761,CWA,No,,
ABILITY TRI-MODAL,18626 REYES ST,COMPTON,CA,90221,CWA,No,09/13/2022,
ABL SPACE SYSTEMS,224 OREGON STREET,EL SEGUNDO,CA,90245,CWA,No,08/31/2022,
ABLE AEROSPACE ADHESIVES,25032 ANZA DRIVE,VALENCIA,CA,91355,CWA,No,01/12/2018,
ABLE AEROSPACE ADHESIVES,25032 ANZA DRIVE,VALENCIA,CA,91355,CWA,No,03/23/2022,
ABLE SANDBLASTING AND POWDER COATING,"1666 N MAGNOLIA AVE., UNIT K",EL CAJON,CA,CA,CWA,No,04/03/2023,
ABLE STORAGE MONTEREY PARK,500 EAST MARKLAND DRIVE,MONTEREY PARK,CA,91755,CWA,No,,
ABOVE ALL ADVERTISING,6980 CORTE SANTA FE,SAN DIEGO,CA,92121,CWA,No,,
ABR BREWERY & RESTAURANT,336 S ANAHEIM BLVD,ANAHEIM,CA,92805,CWA,No,,
ABRAHAM LINCOLN ELEMENTARY SCHOOL,1413 E BROADWAY AVE,ANAHEIM,CA,92805,CWA,No,,
ABRASIVE BLASTING  COATING,1260 RAILROAD AVE BLDG 750,VALLEJO,CA,94592,CWA,No,,
ABRASIVE DYNAMICS,4591 TRAFFIC WAY,ATASCADERO,CA,93422,CWA,No,,
ABRISA INDUSTRIAL GLASS,200 SOUTH HALLOCK DR,SANTA PAULA,CA,93060,CWA,Yes,,
ABS MANUFACTURERS,519  HORNING ST.,SAN JOSE,CA,95112,CWA,No,04/19/2019,
ABS MANUFACTURERS,519  HORNING ST.,SAN JOSE,CA,95112,CWA,No,,
ABSOLUTE PRECISION MACHINING,960 E ORANGETHORPE AVE UNIT A,ANAHEIM,CA,92801,CWA,No,,
ABSOLUTE PRECISION MACHINING,960 E ORANGETHORPE AVE,ANAHEIM,CA,92801,CWA,No,,
ABSOLUTE TECHNOLOGIES,4890 E LA PALMA AVE,ANAHEIM,CA,92807,CWA,No,02/21/2018,
ABSOLUTE TRANSPORTATION,11245 VANOWEN ST,NORTH HOLLYWOOD,CA,91605,CWA,No,,
ABSOLUTELY FOREIGN,1804 W 5TH ST,SANTA ANA,CA,92703,CWA,No,,
AC & A,20431 NORTH SEA CIR,LAKE FOREST,CA,92630,CWA,No,,
AC COATING,1181 N FOUNTAIN WY,ANAHEIM,CA,92806,CWA,No,09/21/2018,
AC COATING,1181 N FOUNTAIN WY,ANAHEIM,CA,92806,CWA,No,,
AC FREIGHT SERVICES,15100 HILOTON DRIVE,FONTANA,CA,92336,CWA,Yes,,
AC MATTRESS MFG,7245 MADISON STREET,PARAMOUNT,CA,90723,CWA,Yes,10/28/2022,
AC POWDER COATING,2150 MARX WAY SUITE 7,ANDERSON,CA,96007,CWA,No,06/24/2003,
AC RACING,2273 E VIA BURTON ST,ANAHEIM,CA,92806,CWA,No,,
AC TRANSIT,1758 SABRE STREET,HAYWARD,CA,94545,CWA,No,,
AC TRANSIT,10626 INTERNATIONAL BLVD,OAKLAND,CA,94603,CWA,No,,
AC TRANSIT,2016 MACDONALD AVE.,RICHMOND,CA,94801,CWA,No,08/28/2007,
AC TRANSIT,2016 MACDONALD AVE,RICHMOND,CA,94801,CWA,No,,
AC TRANSIT,1100 SEMINARY AVE,OAKLAND,CA,94621,CWA,No,,
AC TRANSIT DIV 2,1177 47TH ST,EMERYVILLE,CA,94608,CWA,No,,
ACA AUTO SALVAGE II,2091 STONEHURST DR,RIALTO,CA,92377,CWA,No,11/30/2023,
ACACIA BUILDING,1540 E ACACIA STREET,ONTARIO,CA,91761,CWA,No,,
ACADEMY BREWING,4300 ACADEMY AVE,SANGER,CA,93657,CWA,No,,
ACADEMY DOORS,555 E MAITLAND STREET,ONTARIO,CA,91761,CWA,Yes,,
ACADEMY MUSEUM OF MOTION PICTURES,6067 WILSHIRE,LOS ANGELES,CA,90036,CWA,No,,
ACADEMY OF ENTERTAINMENT & TECHNOLOGY,1660 STEWART ST,SANTA MONICA,CA,90066,CWA,No,,
ACALANES UNION HIGH SCHOOL DIST,310 MORAGA RD,MORAGA,CA,94556,CWA,No,,
ACAPULCO PRINTING SERVICES,124 N SULLIVAN ST,SANTA ANA,CA,92703,CWA,No,,
ACAPULCO PRINTING SERVICES,124 N SULLIVAN ST,SANTA ANA,CA,92703,CWA,No,05/11/2023,
ACC BEAUMONT YARD,861 WEST 4TH ST,BEAUMONT,CA,93063,CWA,No,02/26/2019,
ACC ESCONDIDO YARD,8354 NELSON WAY,ESCONDIDO,CA,92026,CWA,No,,
ACC RIALTO YARD,250 E SANTA ANA AVE,RIALTO,CA,92316,CWA,No,,
ACC SUN VALLEY YARD,9005 BRADLEY,SUN VALLEY,CA,91352,CWA,No,,
ACCELLA POLYURETHANE SYSTEMS,8530 MILLIKEN AVENUE,RANCHO CUCAMONGA,CA,91730,CWA,No,,
ACCION CONST IRON & WINDOWS,2217 W 2ND ST,SANTA ANA,CA,92703,CWA,No,,
ACCOLADE PHARMA USA,13260 EAST TEMPLE AVE,CITY OF INDUSTRY,CA,91746,CWA,No,,
ACCOLADE PHARMA USA,13260 EAST TEMPLE AVE,CITY OF INDUSTRY,CA,91746,CWA,No,,
ACCU CHEM CONVERSION,1111 ABBOTT STREET,SALINAS,CA,93901,CWA,No,,
ACCU CHROME PLATING,115 W 154TH ST,GARDENA,CA,90248,CWA,No,,
ACCU CHROME PLATING,115 W 154TH ST,ROSEWOOD,CA,90248,CWA,No,12/02/2019,
ACCU-LOGISTICS,2031 BURROUGHS AVE,SAN LEANDRO,CA,94577,CWA,No,,
ACCURATE ENGINEERING,8710 TELFAIR AVENUE,SUN VALLEY,CA,91352,CWA,No,10/09/2020,
ACCURATE FABRICATION,1728 W 166TH ST,GARDENA,CA,90247,CWA,No,06/04/2019,
ACCURATE MACHINE,7356 TRADE ST,SAN DIEGO,CA,92121,CWA,No,,
ACCURATE PERFORMANCE MACHINING,2255 S GRAND AVE,SANTA ANA,CA,92705,CWA,No,,
ACCURATE STEEL,10008 MILLER WAY,SOUTH GATE,CA,90280,CWA,No,,
ACCURATE TECHNOLOGY,1521 N PLACENTIA  AVE,ANAHEIM,CA,92806,CWA,No,,
ACCUTEC MANUFACTURING,1027 SOUTH LINWOOD AVENUE,SANTA ANA,CA,92705,CWA,No,05/01/2019,
ACCUTEC MANUFACTURING,1027 SOUTH LINWOOD AVENUE,SANTA ANA,CA,92705,CWA,No,12/03/2020,
ACCUTEK PACKAGING,2685 SOUTH MELROSE DRIVE,VISTA,CA,92081,CWA,No,,
ACCUTEK PACKAGING,2980 SCOTT STREET,VISTA,CA,92081,CWA,No,02/09/2022,
ACE AUTO,3209 EDISON HWY,BAKERSFIELD,CA,93307,CWA,No,,
ACE AUTO DISMANTLING,3209 EDISON HWY,BAKERSFIELD,CA,93307,CWA,No,,
ACE CLEARWATER ENT,7322 QUIMBY AVE,PARAMOUNT,CA,90723,CWA,Yes,,
ACE CLEARWATER ENT,1614 KONA DR,COMPTON,CA,90220,CWA,Yes,08/27/2021,
ACE CLEARWATER ENT,19815 MAGELLAN DR,TORRANCE,CA,90502,CWA,No,09/13/2021,
ACE CUSTOM,3920 VALLEY BOULEVARD,POMONA,CA,91768,CWA,No,11/14/2017,
ACE EQUIPMENT REPAIR,20504 SOUTH HWY 99 FRONTGE RD,MANTECA,CA,95336,CWA,No,,
ACE ORNAMENTAL,4031 EAST MISSION BLVD,POMONA,CA,91766,CWA,No,,
ACE ORNAMENTAL,4031 EAST MISSION BLVD,MONTCLAIR,CA,91766,CWA,No,,
ACE PRECISION TOOL,7611 SLATER AVE,HUNTINGTON BEACH,CA,92647,CWA,No,,
ACE TUBE BENDING,14 JOURNEY,ALISO VIEJO,CA,92656,CWA,No,,
ACH MEDIA,3544 LA MANCHA DR,BREA,CA,92823,CWA,No,,
ACID CANAL,2810SILVER,ANDERSON,CA,96007,CWA,No,,
ACKER STONE INDUSTRIES,13296 TEMESCAL CANYON RD,CORONA,CA,92883,CWA,Yes,09/17/2019,
ACKLEY METAL PRODUCTS,1311 E SAINT GERTRUDE PL,SANTA ANA,CA,92705,CWA,No,06/18/2018,
ACKLEY METAL PRODUCTS,1311 EAST SAINT GERTRUDE PLACE,SANTA ANA,CA,92705,CWA,No,07/07/2022,
ACL-ALAMEDA/CALAVERAS CR FILL,1000 EL CAMINO REAL,MILBRAE,CA,94030,CWA,No,,
ACL-LATEX PAINT TO PULGAS CK,UNKNOWN,UNKNOWN,CA,00000,CWA,No,,
ACL-RMC,1026 BRANSTEN RD,SAN CARLOS,CA,94070,CWA,No,,
ACM MACHINING,11390 GOLD DREDGE WY,RANCHO CORDOVA,CA,95742,CWA,Yes,04/08/2025,111998
ACM WEST,3218 LUYUNG DRIVE,RANCHO CORDOVA,CA,95742,CWA,No,11/20/2023,
ACME AUTO WRECKERS,2586 CORTEZ ST,OXNARD,CA,93036,CWA,No,03/25/2025,
ACME FOREIGN,305 SEBASTOPOL RD,SANTA ROSA,CA,95407,CWA,No,,
ACME MADE IN AMERICA,5340 HARBOR STREET,COMMERCE,CA,90040,CWA,No,,
ACME MADE IN AMERICA,5340 HARBOR STREET,COMMERCE,CA,90040,CWA,No,,
ACN RECYCLING,936 MAHAR AVENUE,WILMINGTON,CA,90744,CWA,No,09/19/2023,
ACORN ALEGRIA WINERY,P O BOX 2061,HEALDSBURG,CA,95448,CWA,No,,
ACORN PLASTICS,13818 OAKS AVE,CHINO,CA,91710,CWA,No,,
ACORN RIDGE CASINO,17600 VILLAGE DRIVE,PLYMOUTH,CA,95669,CWA,No,05/15/2026,
ACOSTA ROCK AND GRAVEL OPERATION,1000 W NORTH SHORE DRIVE,BIG BEAR CITY,CA,92314,CWA,No,,
ACOSTA TOOL AND DIE,160 INDUSTRY AVE,LA HABRA,CA,90631,CWA,No,,
ACQUIESCE WINERY,22353 N TRETHEWAY ROAD,ACAMPO,CA,95220,CWA,No,,
ACRA AEROSPACE,2121 E VIA BURTON ST,ANAHEIM,CA,92806,CWA,No,,
ACRA MACHINING,1620 SOUTH CARLOSE AVENUE # E,ONTARIO,CA,91761,CWA,No,,
ACRE COFFEE,1080  PETALUMA BLVD N.,PETALUMA,CA,94952,CWA,No,,
ACRO ASSOCIATES,1990 OLIVERA ROAD SUITE A,CONCORD,CA,94520,CWA,No,04/04/2019,
ACRO PRINTING,13301 PHILADELPHIA ST,WHITTIER,CA,90601,CWA,No,12/27/2017,
ACRYLONICS,656  STOCKTON AVE.,SAN JOSE,CA,95126,CWA,No,05/24/2019,
ACTION ARTS,7914 RONSON RD STE J,SAN DIEGO,CA,92111,CWA,No,,
ACTION COMPOSITES TECHNOLOGY,12576 KIRKHAM WAY SUITE 2,POWAY,CA,92064,CWA,No,,
ACTION INDUSTRIES,1120 OLYMPIC DR,CORONA,CA,92881,CWA,No,,
ACTION METAL RECYCLING,385 PITTSBURG AVE,RICHMOND,CA,94801,CWA,No,02/25/2010,
ACTION METAL RECYCLING,385 PITTSBURG AVE,RICHMOND,CA,94801,CWA,No,06/27/2012,
ACTION PLASTICS,645 S SANTA FE,SANTA ANA,CA,92705,CWA,No,10/29/2019,
ACTION PLASTICS,645 SANTA FE ST,SANTA ANA,CA,92705,CWA,No,,
ACTION PLASTICS,10397 ALDER AVENUE,BLOOMINGTON,CA,92316,CWA,No,,
ACTION PLASTICS,645 S SANTA FE,SANTA ANA,CA,92705,CWA,No,,
ACTION PRINTED CIRCUITS,1480 SIMPSON WAY,ESCONDIDO,CA,92029,CWA,No,,
ACTION RECYCLING,8642 N OLIVE AVE,ORANGE,CA,92685,CWA,Yes,06/07/2018,
ACTION RECYCLING,8642 N OLIVE AVE,ORANGE,CA,92865,CWA,No,,
ACTIONPAC SCALES & AUTOMATION,1621 FISKE PLACE,OXNARD,CA,93033,CWA,No,03/21/2019,
ACTIVAR CONSTRUCTION PRODUCTS GROUP,6285 RANDOLPH STREET,COMMERCE,CA,90040,CWA,No,02/09/2018,
ACTIVE GRINDING,871 S ROSE PL,ANAHEIM,CA,92805,CWA,No,,
ACTIVE MAGNETIC INSPECTION,9356 1/2 SAN FERNANDO,SUN VALLEY,CA,91352,CWA,No,02/07/2018,
ACTIVE PLATING,1411 E POMONA ST,SANTA ANA,CA,92705,CWA,No,,
ACTIVE RECYCLING CENTER 4,5601 W VALLEY BLVD,LOS ANGELES,CA,90032,CWA,Yes,06/26/2019,
ACTIVE RECYCLING MRF AND TRANSFER STATION,2000 W SLAUSON AVE,LOS ANGELES,CA,90047,CWA,Yes,12/31/2021,
ACTON FAITH BIBLE CHURCH,32643 GEM WAY ACTON CA 93510,ACTON,CA,93510,CWA,No,04/26/2022,
ACUITY BRANDS LIGHTING,1405 EAST LOCUST STREET,ONTARIO,CA,91761,CWA,No,,
ACUITY BRANDS LIGHTING LCD,9144 DEERING AVE,CHATSWORTH,CA,91311,CWA,No,,
ACUMENT GLOBAL TECH SATURN,425 S VARNEY ST,BURBANK,CA,91502,CWA,No,,
AD FLEET TRUCK AND TRAILER RE,8641 LIVE OAK AVE,FONTANA,CA,92335,CWA,No,,
AD MACHINE,1140 N KRAEMER BLVD,ANAHEIM,CA,92806,CWA,No,,
AD12 D1 SEWER CONSTRUCTION PROJECT,VARIOUS STREETS,DESERT HOT SPRINGS,CA,92240,CWA,No,,
AD12 SEWER CONSTRUCTION PROJECT,VARIOUS STREET,DESERT HOT SPRINGS,CA,92240,CWA,No,,
ADAM C FORNEY,12320 STOWE DR SUITE B,POWAY,CA,92064,CWA,No,,
ADAMS AND CHITTENDEN SCIENTIFIC GLASS,2741  EIGHTH ST.,BERKELEY,CA,94710,CWA,No,05/16/2019,
ADAMS AUTO WRECKING,5547 BANDERA ST,LOS ANGELES,CA,90058,CWA,Yes,02/03/2023,
ADAMS CAMPBELL,15343 PROCTOR AVE,CITY OF INDUSTRY,CA,91745,CWA,Yes,,
ADAMS NEON SIGNS,4354 TWAIN AVENUE,SAN DIEGO,CA,92120,CWA,No,,
ADAMS POOL SOLUTIONS,3675 OLD SANTA RITA ROAD,PLEASANTON,CA,94588,CWA,No,03/01/2023,
ADAPT AUTOMATION,1661 E PALM ST,SANTA ANA,CA,92701,CWA,No,06/18/2018,
ADCO,27615 AVENUE HOPKINS,SANTA CLARITA,CA,91355,CWA,No,08/23/2018,
ADCRAFT LABELS,1230 S SHERMAN ST,ANAHEIM,CA,92805,CWA,No,,
ADCRAFT PRODUCTS,1230 S SHERMAN ST,ANAHEIM,CA,92805,CWA,No,,
ADCRAFT PRODUCTS,1230 S SHERMAN ST,ANAHEIM,CA,92833,CWA,No,10/29/2019,
ADDIS 16K VAULT INSTALLATION,2ND STREET/HERMOSA AVENUE,HERMOSA BEACH,CA,90254,CWA,No,,
ADELANTO COMPOST OPERATION,UNKNOWN,SAN BERNARDINO,CA,00000,CWA,No,08/14/2003,
ADELANTO HIGH SCHOOL,"MOJAVE DR, RACCOON AVE, JOSHUA RD",EL MIRAGE,CA,92301,CWA,No,06/27/2011,
ADELANTO MOTORPLEX,8687 RANCHO ROAD,ADELANTO,CA,92301,CWA,No,,
ADELANTO WWTF,19101 JONATHAN ST.,ADELANTO,CA,92301,CWA,No,,
ADELANTO WWTP,19101 JONATHAN STREET,ADELANTO,CA,92301,CWA,No,,
ADELWIGGINS GRP,5000 TRIGGS ST,LOS ANGELES,CA,90022,CWA,No,,
ADEPT PROCESS SERVICES,1505 CLEVELAND AVE,NATIONAL CITY,CA,91950,CWA,No,,
ADESA INTERNATIONAL,1440 S VINEYARD AVE,ONTARIO,CA,91761,CWA,No,03/10/2020,
ADINE,12245 ADINE CT,GLEN ELLEN,CA,95442,CWA,No,11/09/2017,
ADJ PRECISION,1621 PACIFIC AVE #128,OXNARD,CA,93033,CWA,No,,
ADM DISTRIBUTION,3691 NOAKES STREET,LOS ANGELES,CA,90023,CWA,No,,
ADOBE CANYON,3 ADOBE CANYON,GLEN ELLEN,CA,95442,CWA,No,11/09/2017,
ADOBE CANYON,4 ADOBE CANYON,GLEN ELLEN,CA,95442,CWA,No,11/09/2017,
ADOBE CANYON,5,GLEN ELLEN,CA,95442,CWA,No,11/09/2017,
ADOBE CANYON,7 ADOBE CANYON,GLEN ELLEN,CA,95442,CWA,No,11/09/2017,
ADOBE CANYON,6 ADOBE CANYON,GLEN ELLEN,CA,95442,CWA,No,11/09/2017,
ADOBE CANYON,2 ADOBE CANYON,GLEN ELLEN,CA,95442,CWA,No,11/09/2017,
ADOBE CANYON,1 ADOBE CANYON,GLEN ELLEN,CA,95442,CWA,No,11/09/2017,
ADOBE CANYON,8 ADOBE CANYON,GLEN ELLEN,CA,95442,CWA,No,11/09/2017,
ADOLFO SELF STORAGE,4060 VIA PESCADOR,CAMARILLO,CA,93012,CWA,No,,
ADP GRANITE & MARBLE DESIGN,1565 LA MIRADA DR SUITE F,SAN MARCOS,CA,92078,CWA,Yes,01/25/2019,
ADRIAN'S ENTERPRISES,3800  NARVAEZ AVE UNIT.1,SAN JOSE,CA,95136,CWA,No,,
ADTECH PHOTONICS,18007 CORTNEY CT,CITY OF INDUSTRY,CA,91748,CWA,No,01/17/2018,
ADUALLOY,844 E CHARLESTON,PALO ALTO,CA,94303,CWA,No,,
ADVANCE FIRE PROTECTION,1451 W LAMBERT RD,LA HABRA,CA,90631,CWA,No,,
ADVANCE PLASTICS,225 W 30TH STREET,NATIONAL CITY,CA,91950,CWA,No,07/01/2020,
ADVANCE TECHNICAL INDUSTRIES,4035 SCHAEFER AVENUE,CHINO,CA,91710,CWA,No,,
ADVANCED AUTO BODY,2497SECOND STREET,NAPA,CA,94559,CWA,No,,
ADVANCED CHEMICAL TRANSPORT,2010 MISSION ROAD,SAN DIEGO,CA,92029,CWA,No,,
ADVANCED CHEMICAL TRANSPORT,600 IOWA STREET,REDLANDS,CA,92373,CWA,No,,
ADVANCED COLOR GRAPHICS,1921 S BUSINESS PKWY,ONTARIO,CA,91761,CWA,No,,
ADVANCED EXHIBIT METHODS,1984 E MCFADDEN AVE,SANTA ANA,CA,92705,CWA,No,,
ADVANCED FABRICATION AND MACHINE,1805 E VIA BURTON ST,ANAHEIM,CA,92806,CWA,No,09/21/2018,
ADVANCED FABRICATION AND MACHINE,1805 EAST VIA BURTON,ANAHEIM,CA,92806,CWA,No,,
ADVANCED IMAGE DIRECT,1415 S ACACIA AVE,FULLERTON,CA,92831,CWA,No,,
ADVANCED INDUSTRIAL CERAMICS,2449 ZANKER ROAD,SAN JOSE,CA,95131,CWA,No,,
ADVANCED INDUSTRIAL COATINGS,950 INDUSTRIAL DR,STOCKTON,CA,95206,CWA,No,,
ADVANCED INDUSTRIAL SERVICE,7831 ALONDRA BOULEVARD,PARAMOUNT,CA,90723,CWA,No,,
ADVANCED INDUSTRIAL SERVICES,PARCELS 2 3 4 18 19 OF PARCEL MAP 11596,BAKERSFIELD,CA,93308,CWA,No,,
ADVANCED INNOVATION WEST,9425 NEVADA STREET STE B,REDLANDS,CA,92374,CWA,No,,
ADVANCED LOGISTICS CENTER 10,12510 MICRO DR,MIRA LOMA,CA,91752,CWA,No,,
ADVANCED METAL FABRICATION,624 CALLE PLANO,CAMARILLO,CA,93012,CWA,No,01/22/2018,
ADVANCED METAL FINISHING,12972 EARHART AVE STE 301,AUBURN,CA,95602,CWA,No,05/07/2003,
ADVANCED METAL FINISHING,2130 MARCH ROAD,ROSEVILLE,CA,95747,CWA,No,11/20/2023,
ADVANCED METAL PRODUCTS,8830 REHCO RD STE B,SAN DIEGO,CA,92121,CWA,No,,
ADVANCED MOUNTING & DESIGN,1231 N SIMON CIR,ANAHEIM,CA,92806,CWA,No,,
ADVANCED MOUNTING & DESIGN,1231 N SIMON CIR,ANAHEIM,CA,92806,CWA,No,,
ADVANCED MRF,1533 WILSON AVE,NATIONAL CITY,CA,91950,CWA,No,07/08/2020,
ADVANCED PAPER FORMING,541 W RINCON ST,CORONA,CA,92880,CWA,No,,
ADVANCED PATTERN AND MOLD,1720 S BALBOA AVENUE,ONTARIO,CA,91761,CWA,No,05/03/2018,
ADVANCED PRECISION INCORPORATED,13445 YORBA AVENUE,CHINO,CA,91710,CWA,No,,
ADVANCED PRESSURE TECHNOLOGY,687 TECHNOLOGY WAY,NAPA,CA,94558,CWA,No,,
ADVANCED PROCESS SERVICE,2746 VAIL AVENUE,COMMERCE,CA,90040,CWA,No,,
ADVANCED STEEL RECOVERY,14451 WHITTRAM AVE,FONTANA,CA,92336,CWA,No,,
ADVANCED STERILIZATION PRODUCTS,33 TECHNOLOGY DR,IRVINE,CA,92618,CWA,No,,
ADVANCED STRUCTURAL TECHNOLOGIES,950 RICHMOND AVE,OXNARD,CA,93030,CWA,No,,
ADVANCED TECHNOLOGY COMMUNICATIONS,369 CLIFFWOOD PARK ST,BREA,CA,92821,CWA,No,,
ADVANCED TOOLING DESIGN,2289  RINGWOOD AVE BLDG D.,SAN JOSE,CA,95131,CWA,No,,
ADVANCED WATER PURIFICATION,5700 PERKINS RD,OXNARD,CA,93030,CWA,No,01/13/2011,
ADVANCED WATERJET & ENGRAVING,1613 N ORANGETHORPE WAY,ANAHEIM,CA,92801,CWA,No,07/01/2021,
ADVANCEPLASTICS,225 WEST 30TH STREETCA 91950,NATIONAL CITY,CA,91950,CWA,No,07/01/2020,
ADVANEX AMERICA METAL STAMPING,19920 SOUTH ALAMEDA STREET,COMPTON,CA,90221,CWA,No,01/24/2018,
ADVANEX AMERICA METAL STAMPING,19920 SOUTH ALAMEDA STREET,RANCHO DOMINGUEZ,CA,90221,CWA,No,,
ADVANEX AMERICAS,5780 CERRITOS AVE,CYPRESS,CA,90630,CWA,No,,
ADVANEX AMERICAS,5780 CERRITOS AVENUE,CYPRESS,CA,90630,CWA,No,10/29/2019,
ADVANEX AMERICAS,5780 CERRITOS AVE,CYPRESS,CA,90630,CWA,No,07/20/2023,
ADVANTAGE METAL PRODUCTS,7855 SOUTHFRONT RD,LIVERMORE,CA,CA,CWA,No,,
ADVENTURE PARK - NORTH DISCHARGE,10130 SOUTH GUNN,WHITTIER,CA,90605,CWA,No,,
ADVENTURE PARK - SOUTH DISCHARGE,10130 SOUTH GUNN,WHITTIER,CA,90605,CWA,No,,
ADVENTURE PRODUCTS,8675 MIRALANI,SAN DIEGO,CA,92126,CWA,No,,
AE ANODIZING,652 CHARLES STREET SUITE A,SAN JOSE,CA,95112,CWA,No,05/18/2022,
AEF FREIGHT USA INCORPORATED,15736 VALLEY BLVD,CITY OF INDUSTRY,CA,91744,CWA,No,,
AEP SPAN,10905 BEECH AVE,FONTANA,CA,92337,CWA,No,,
AER WORLDWIDE,42744 BOSCELL RD,FREMONT,CA,94538,CWA,No,02/16/2024,
AERIE,TTM 16882,CORONA DEL MAR,CA,92625,CWA,No,,
AERO CHROME PLATING,14660 ARMINTA ST,PANORAMA CITY,CA,91402,CWA,No,02/10/2022,
AERO DIV,666 E DYER RD,SANTA ANA,CA,92705,CWA,No,,
AERO DYNAMIC MACHINING,11791 MONARCH ST,GARDEN GROVE,CA,92841,CWA,No,04/24/2018,
AERO ELECTRIC CONNECTOR,19800 VAN NESS AVENUE,TORRANCE,CA,90501,CWA,No,05/01/2023,
AERO ENGINEERING AND MANUFACTURING,28217 AVE CROCKER,VALENCIA,CA,91355,CWA,No,01/10/2018,
AERO ENGINEERING AND MANUFACTURING,28217 AVE CROCKER,VALENCIA,CA,91355,CWA,No,,
AERO INDUSTRIES,139 INDUSTRIAL WAY,BUELLTON,CA,93427,CWA,No,,
AERO MASTER FORMING,15730 SALT LAKE AVE,CITY OF INDUSTRY,CA,91745,CWA,No,,
AERO POWDER COATING,710 MONTEREY PASS ROAD,MONTEREY PARK,CA,91754,CWA,No,08/09/2019,
AEROCUT MANUFACTURING,2664 S GRAND AVE,SANTA ANA,CA,92705,CWA,No,,
AERODYNAMIC PLATING,13629 ST ANDREWS PL,GARDENA,CA,90249,CWA,No,,
AEROFORMING,15716 MINNESOTA AVE,PARAMOUNT,CA,92503,CWA,No,04/20/2021,
AEROFORMING,15716 MINNESOTA AVENUE,PARAMOUNT,CA,90723,CWA,No,,
AEROJET ROCKETDYNE GWETS,AEROJET ROAD,SACRAMENTO,CA,95813-6000,CWA,Yes,06/09/2015,
AEROJET ROCKETDYNE SACRAMENTO,AEROJET ROAD,SACRAMENTO,CA,95670,CWA,No,02/11/2015,
AEROSPACE METAL FABRICATION,25570 RYE CANYON ROAD,SANTA CRUZ,CA,91355,CWA,No,08/17/2018,
AEROTEC ALLOYS,10632 ALONDRA BLVD,NORWALK,CA,90650,CWA,No,,
AES ALAMITOS ENERGY CENTER,690 NORTH STUDEBAKER,LONG BEACH,CA,90803,CWA,No,,
AES ALAMITOS ENERGY CENTER,690 NORTH STUDEBAKER,LONG BEACH,CA,90803,CWA,No,,
AESTHETICS INTERNATIONAL,5506 ADOLFO ROAD,CAMARILLO,CA,93012,CWA,Yes,11/22/2022,
AETHER MACHINING,1146 N FOUNTAIN WAY #B,ANAHEIM,CA,92806,CWA,No,,
AETHERCOMM,3205 LIONSHEAD AVENUE,CARLSBAD,CA,92010,CWA,No,08/14/2020,
AFAB PLASTIC MACHINE,15709 GARFIELD AVE,PARAMOUNT,CA,90723,CWA,No,,
AFAR USA,1248 ORANGETHORPE AVE,FULLERTON,CA,92831,CWA,No,,
AFC HYDRAULIC SEALS,4926 S BOYLE AVE,VERNON,CA,90058,CWA,No,06/12/2025,
AFFINITY FLAVORS,2026 CECELIA CIRCLE,CORONA,CA,92881,CWA,No,01/05/2022,
AFFORDABLE AUTO DISMANTLER,"2020 DONVILLE AVENUE, # B",SIMI VALLEY,CA,93065,CWA,No,07/07/2005,
AFI 1601 &1801 COOLEY,1601 & 1801 COOLEY DRIVE,COLTON,CA,92374,CWA,No,,
AFI 2250 WEST LUGONIA AVENUE,2250 WEST LUGONIA AVENUE,REDLANDS,CA,92374,CWA,No,05/19/2020,
AFI 2501 W SAN BERNARDINO,2501 W SAN BERNARDINO AVENUE,REDLANDS,CA,92374,CWA,No,,
AFI 755 ASHLEY WAY,755 ASHLEY WAY,COLTON,CA,92324,CWA,No,05/24/2021,
AFI COLTON MAIN PLANT,1601 ASHLEY WAY,COLTON,CA,92324,CWA,No,,
AFRICAN ROBIN VPABU551O,"GOLD & DIAMOND PARK, BUILDING #4, SUITE 226",DUBAI,XX,262206,CWA,No,,
AFTCO TACKLE,2400 S GARNSEY ST,SANTA ANA,CA,92707,CWA,No,,
AFTERTHOUGHT MINE,"SEC 10,11&15, T33N, R2W",REDDING,CA,96008,CWA,No,07/12/2000,
AFTO AUTO PARTS,3513 RECYCLE ROAD,RANCHO CORDOVA,CA,95670,CWA,Yes,,
AG INDUSTRIAL MANUFACTURING,110 BECKMAN RD,LODI,CA,95240,CWA,No,,
AG RECYCLING,774 W OLIVE AVE,PORTERVILLE,CA,93257,CWA,No,,
AG RECYCLING,774 W OLIVE AVE,PORTERVILLE,CA,93257,CWA,No,,
AG RECYCLING,774 W OLIVE AVE,PORTERVILLE,CA,93257,CWA,Yes,12/18/2019,
AGAPE RENEWAL MINISTRY,1919 BREA CANYON CUTOFF,ROWLAND,CA,91748,CWA,No,,
AGE NAMEPLATE,14423 MARQUARDT AVE,SANTA FE SPRINGS,CA,90670,CWA,No,,
AGE NAMEPLATE,14831 SPRING AVE,SANTA FE SPRINGS,CA,90670,CWA,No,07/21/2025,
AGG PRODUCTS,17400 CLEAR CREEK RD,REDDING,CA,96001,CWA,No,,
AGILENT TECHNOLOGIES,91 BLUE RAVINE RD,FOLSOM,CA,95630,CWA,No,,
AGILENT TECHNOLOGIES,1170 MARK AVENUE,CARPINTERIA,CA,93013,CWA,No,,
AGILENT TECHNOLOGIES,5301 STEVENS CREEK MS 510 35,SANTA CLARA,CA,95051,CWA,No,,
AGOURA BUSINESS CENTER NORTH INDUSTRIAL PARK,28721 CANWOOD ST.,AGOURA,CA,91301,CWA,No,,
AGOURA BUSINESS CENTER WEST,28631 CANWOOD,AGOURA HILLS,CA,91301,CWA,No,,
AGOURA SELF STORAGE,29301 AGOURA ROAD,AGOURA HILLS,CA,91301,CWA,No,03/21/2018,
AGRA MARKETING GROUP,60 DECLARATION DRIVE STE A,OLIVEHURST,CA,95973,CWA,No,,
AGRI CHIP,132 GARDEN ST,SANTA BARBARA,CA,93101,CWA,No,,
AGRIBAG,1401 FACTOR AVE,SAN LEANDRO,CA,94577,CWA,No,,
AGRICULTURAL BAG MANUFACTURING,960 98TH AVE,OAKLAND,CA,94603,CWA,No,08/31/2023,
AGRICULTURE POND,10600 ANDERSON VALLEY WAY,BOONVILLE,CA,95415,CWA,No,,
AGRIPROTEIN CALIFORNIA,1085 EAST CALIFORNIA STREET,ONTARIO,CA,91761,CWA,No,,
AGROMIN CHINO GREEN MATERIAL COMPOSTING OPERATION,8100 CHINO CORONA ROAD,CHINO,CA,91708,CWA,No,,
AGROMIN OCEANSIDE,1200 WILSHIRE ROAD,FALLBROOK,CA,92028,CWA,No,,
AGROMIN ORGANICS RECYCLING,6859 ARNOLD,OXNARD,CA,93033,CWA,No,05/09/2023,
AGRON BIOENERGY,860 W BEACH ST,WATSONVILLE,CA,95076,CWA,No,,
AGT MANUFACTURING INCORPORATED,9920 PROSPECT AVENUE SUITE 105,SANTEE,CA,92071,CWA,No,,
AGUA CALIENTE BAND/CAHUILLA IN,AGUA CALIENTE INDIAN RESERVATION,RIVERSIDE,CA,92501,CWA,No,,
AGUA CALIENTE CASINO CATHEDRAL CITY,68960 EAST PALM CANYON DRIVE,CATHEDRAL CITY,CA,92234,CWA,No,,
AGUA CALIENTE FUEL,32-279 BOB HOPE DRIVE,RANCHO MIRAGE,CA,92270,CWA,No,,
AGUA CALIENTE FUEL CATHEDRAL CITY,68780 E. PALM CANYON DRIVE,CATHEDRAL CITY,CA,92234,CWA,No,,
AGUA CALIENTE FUEL PALM SPRINGS,999 LAWRENCE CROSSLEY ROAD,PALM SPRINGS,CA,92203,CWA,No,,
AGUA CHINON PH 1 TO 3 JURISDICTION MITIGATION,IRVINE BOULEVARD,IRVINE,CA,92618,CWA,No,,
AGUA DULCE AIRPORT,33638 AGUA DULCE CANYON RD,AGUA DULCE,CA,91390,CWA,Yes,,
AGUA MANSA BIN STORAGE YARD,AGUA MANSA RD AT WILSON RD,JURUPA VALLEY,CA,92509,CWA,No,,
AGUA MANSA PROPERTIES DBA WYROC MATERIALS,588 E AGUA MANSA ROAD,RIALTO,CA,92376,CWA,No,02/14/2019,
AGUAR AUTO DISMANTLING,908 VREELAND AVE,WILMINGTON,CA,90744,CWA,No,,
AGUIAR - FARIA DAIRY,KNIEBES RD & ANDERSON RD,GUSTINE,CA,95322,CWA,No,04/30/1998,
AGUILAR FINE CABINETRY,581 N TWIN OAKS VALLEY RD,SAN MARCOS,CA,92069,CWA,No,,
AGUILAR FINE CABINETRY,301 ENTERPRISE STREET SUITE A B C,VISTA,CA,92078,CWA,No,,
AGUILAR FINE CABINETRY,301 ENTERPRISE STREET,SAN MARCOS,CA,92078,CWA,No,,
AH PARTS DISMANTLER,3559 RECYCLE ROAD,RANCHO CORDOVA,CA,95742,CWA,No,05/10/2018,
AH PLATING,1837 VICTORY PLACE,BURBANK,CA,91504,CWA,No,,
AHA QUIN MOBIL HOME PARK,33300 U S HIGHWAY 95,BLYTHE,CA,92225,CWA,No,06/23/2005,
AHEADTEK,6410 VIA DEL ORO,SAN JOSE,CA,95119,CWA,No,,
AHLEM FARMS,24093 AMERICAN AVE,HILMAR,CA,95324,CWA,No,03/15/2000,
AHLEM JAMES L & CAROL,23546 AMERICAN AVE,HILMAR,CA,95324,CWA,No,03/15/2000,
AHYDEN HILL MINE,HWY 139 12 MILES S OF,ADIN,CA,96006,CWA,No,,
AI INDUSTRIES,240 SOUTH VASCO ROAD,LIVERMORE,CA,94551,CWA,No,,
AIA COUNTERTOPS,11070 MULBERRY AVE SUITE B,FONTANA,CA,92337,CWA,No,,
AIM RECYCLING,785 E M STREET,COLTON,CA,92324,CWA,Yes,01/04/2022,
AIM RECYCLING,1030A AIRPORT ROAD,OCEANSIDE,CA,90670,CWA,No,,
AIM RECYCLING,1813 E ROBIDOUX STREET,WILMINGTON,CA,90744,CWA,No,02/08/2018,
AIM RECYCLING,981 HERITAGE ROAD,SAN DIEGO,CA,92154,CWA,No,03/17/2026,
AIM RECYCLING,11099 G AVENUE,HESPERIA,CA,92345,CWA,No,06/23/2022,
AIM RECYCLING,13750 E IMPERIAL HIGHWAY,SANTA FE SPRINGS,CA,90670,CWA,Yes,12/28/2017,
AIR & GROUND WORLD TRANSPORT,3041 EAST VIA MONDO,RANCHO DOMINGUEZ,CA,90221,CWA,No,,
AIR & POWER TOOL SPECIALISTS,12027 170TH STREET,ARTESIA,CA,90701,CWA,No,05/17/2021,
AIR & POWER TOOL SPECIALISTS,12027 170TH ST,ARTESIA,CA,90701,CWA,No,08/07/2019,
AIR BLOWN CONCRETE,601 W DELANO ST,ELVERTA,CA,95626,CWA,No,,
AIR DUCT PRODUCTS,1351 MANHATTAN AVE,FULLERTON,CA,92831,CWA,No,,
AIR LIQUIDE ADVANCED MATERIALS,46401 LANDING PARKWAY,FREMONT,CA,94538,CWA,No,03/12/2024,
AIR LIQUIDE INDUSTRIAL,1502 W ANAHEIM ST,LOS ANGELES,CA,90744,CWA,No,01/25/2018,
AIR LOUVERS,6285 RANDOLPH ST,COMMERCE,CA,90040,CWA,No,08/24/2010,
AIR ONE INTERNATIONAL,13936 SOUTH BROADWAY,LOS ANGELES,CA,90061,CWA,No,06/06/2018,
AIR PRODUCT  CHEMICALS,98 INDUSTRIAL CT,GALT,CA,95632,CWA,No,07/18/2024,
AIR PRODUCT  CHEMICALS,5025 83RD ST,SACRAMENTO,CA,95826,CWA,No,01/10/2020,
AIR PRODUCTS,1515 NORMAN AVE,SANTA CLARA,CA,95054,CWA,No,08/28/2019,
AIR SPRAY USA,77 PIPER AVENUE,CHICO,CA,95973,CWA,No,,
AIRBORNE SYSTEMS NORTH AMERICA,3100 W. SEGERSTROM AVE,SANTA ANA,CA,92704,CWA,No,04/16/2019,
AIRBORNE SYSTEMS NORTH AMERICA CA,3701 W WARNER AVE,SANTA ANA,CA,92704,CWA,No,,
AIRBORNE SYSTEMS NORTH AMERICA CA,3000 W SEGERSTROM AVE,SANTA ANA,CA,92704,CWA,No,,
AIRCAPTURE,2629 SEVENTH ST,BERKELEY,CA,94710,CWA,No,,
AIRCRAFT CONTROL & WARNING SITE GW TREATMENT FACILITY,10503 ARMSTRONG ROAD,MATHER,CA,95655,CWA,No,08/13/2002,
AIRGAS LCO2,3030 NAVY DRIVE,STOCKTON,CA,95206,CWA,No,,
AIRGAS NCN,6801 FLORIN PERKINS RD,SACRAMENTO,CA,95828,CWA,No,,
AIRGAS STORE,598 ROSS AVE,EL CENTRO,CA,92243,CWA,No,12/22/2022,
AIRGAS WEST ACETYLENE PLANT,352 W 133RD ST,LOS ANGELES,CA,90061,CWA,Yes,,
AIROSA DAIRY,UNKNOWN,UNKNOWN,CA,00000,CWA,No,03/16/2006,
"AIRPORT BOULEVARD, SAN JOSE",AIRPORT BOULEVARD AND COLEMAN AVENUE,SAN JOSE,CA,95110,CWA,No,,
AIRPORT METAL SERVICE,21221 COTTONWOOD LANE,DIAMOND BAR,CA,91789,CWA,No,,
AIRPORT RD AUTO,VIA DEL NORTE & AIRPORT RD & HWY 76,OCEANSIDE,CA,92054,CWA,No,,
AIRPORT ROAD SITE,6699 AIRPORT ROAD,REDDING,CA,96002,CWA,No,,
AIRPORT SELF STORAGE,3551 W FIFTH STREET,OXNARD,CA,93030,CWA,No,06/15/2021,
AIRTECH INTERNATIONAL INCORPORATED,6377 KIMBALL AVENUE,CHINO,CA,91708,CWA,No,,
AIRTECH INTERNATIONAL INCORPORATED,5700 SKYLAB ROAD,HUNTINGTON BEACH,CA,92647,CWA,No,03/01/2019,
AIRWAY PLACE INDUSTRIAL PROJECT,814 AIRWAY PLACE,HEMET,CA,92545,CWA,No,05/03/2018,
AIRWORLD GILLESPIE FIELD,2111 N MARSHALL AVE EL CAJON CA,EL CAJON,CA,92020,CWA,No,,
AIS ATHLETIC UNIFORMS,2460 57TH STREET,HUNTINGTON PARK,CA,90255,CWA,No,06/19/2018,
AJ AUTO DISMANTLING,2223 E ANAHEIM STREET,WILMINGTON,CA,90744,CWA,No,,
AJ GLASS,2985 E MIRALOMA AVE,ANAHEIM,CA,92806,CWA,No,,
AJ GLASS,2985 E MIRALOMA AVE STE J,ANAHEIM,CA,92806,CWA,No,07/26/2021,
AJAX AUTO WRECKERS,84851 AVENUA 48,COACHELLA,CA,92236,CWA,No,,
AJAX VPBE7892A,"17TH KM NATIONAL ROAD, ATHENS-LAMIA & FOINIKOS ST",ATHENS,XX,14564,CWA,No,,
AJINOMOTO ALTHEA,11040 ROSELLE ST,SAN DIEGO,CA,92121,CWA,No,,
AJINOMOTO ALTHEA,11040 ROSELLE ST,SAN DIEGO,CA,92121,CWA,No,,
AJINOMOTO FOODS NORTH AMERICA,8411 SIEMPRE VIVA RD,SAN DIEGO,CA,92154,CWA,No,,
AJR TRUCKING,435 E WEBER AVENUE,COMPTON,CA,90222,CWA,No,,
AJS PARCEL,APN 035-050-073-000 CAVITT STALLMAN RD,GRANITE BAY,CA,95746,CWA,No,,
AK RECYCLING,1031 S SANTA FE AVENUE,COMPTON,CA,90221,CWA,No,,
AK WARREN WATER RESOURCE FACILITY,24501 SOUTH FIGUEROA ST,CARSON,CA,90745,CWA,Yes,05/05/2025,
AKASH WINERY & VINEYARD,39730 CALLE CONTENTO,TEMECULA,CA,92591,CWA,No,,
AKRA PLASTIC PRODUCTS,1504 E CEDAR STREET,ONTARIO,CA,91761,CWA,No,,
AL BAHR SHRINE CAMP RECOVERY EFFORT,11670 SUNRISE HIGHWAY,MOUNT LAGUNA,CA,91948,CWA,No,,
AL CON,2680 POMONA BOULEVARD UNIT K,POMONA,CA,91768,CWA,No,07/25/2017,
AL INDUSTRIES INCORPORATION,1641 EAST SAINT GERTRUDE PLACE,SANTA ANA,CA,92705,CWA,No,,
AL LARSON BOAT SHOP,"BERTH 258, 1046 SEASIDE AVENUE",TERMINAL ISLAND,CA,90731,CWA,No,05/15/2013,
AL MAG HEAT TREAT,9735 ALPACA ST,SOUTH EL MONTE,CA,91733,CWA,Yes,12/15/2021,
AL ROHRS  SON,1436 W SANTA ANA ST,ANAHEIM,CA,92802,CWA,No,,
AL TILE,3722 MAIN ST,SAN DIEGO,CA,92113,CWA,Yes,,
AL'S CUSTOM WOODWORKING,22416 NORMANDIE AVENUE,TORRANCE,CA,90502,CWA,No,,
AL-CA MACHINE INDUSTRY,2610 S CRODDY WY,SANTA ANA,CA,92704,CWA,No,06/18/2018,
AL-CON,2680 POMONA BLVD,POMONA,CA,91768,CWA,No,01/15/2019,
ALAMEDA CNTY M.A.D.-AQ PESTICIDE,NOT APPLICABLE,LIVERMORE,CA,94550,CWA,No,,
ALAMEDA COUNTY INDUSTRIES,610 ALADDIN AVE,SAN LEANDRO,CA,94577,CWA,Yes,,
ALAMEDA COUNTY STORMWATER,ALAMEDA COUNTY,ALAMEDA,CA,94502,CWA,No,11/10/2001,
ALAMEDA COUNTY WS,NOT APPLICABLE,NOT APPLICABLE,CA,94538,CWA,No,,
ALAMEDA DC,1450 S LOOP RD,ALAMEDA,CA,94502,CWA,No,11/01/2023,
ALAMEDA IMPORTS,9601 S ALAMEDA ST,LOS ANGELES,CA,90002,CWA,No,,
ALAMEDA LANDING RESIDENTIAL PHASE1,2701 FIFTH STREET,ALAMEDA,CA,94501,CWA,No,,
ALAMEDA METALS RECYCLING,10907 S ALAMEDA ST,LOS ANGELES,CA,90059,CWA,No,01/28/2010,
ALAMEDA MUNICIPAL GOLF COURSE,1 CLUBHOUSE MEMORIAL DR ALAMEDA CA,ALAMEDA,CA,94502,CWA,No,07/09/2019,
ALAMEDA POINT NAVAL AIR STATION,"2450 SARATOGA STREET, SUITE 200, ALAMEDA",ALAMEDA,CA,94510,CWA,No,,
ALAMEDA RECYCLING & METALS,2241 E 89TH ST 8833 S ALAMEDA ST,LOS ANGELES,CA,90002,CWA,No,,
ALAMEDA RECYCLING & METALS,2241 EAST 89TH STREET,LOS ANGELES,CA,90002,CWA,No,,111998
ALAMEDA RECYCLING AND METALS,1230 ALAMEDA ST,WILMINGTON,CA,90744,CWA,No,,
ALAMEDA SEWER COLLECTION SYSTEM,ALAMEDA CITY LIMITS,ALAMEDA,CA,9999,CWA,No,05/07/2024,
ALAMEDA-WET WTHR SEWER BYPASS,"ALAMEDA POINT, BLD 1, RM 110",ALAMEDA,CA,00000,CWA,No,,
ALAMILLO REBAR,15534 GARFIELD AVENUE,PARAMOUNT,CA,90723,CWA,No,,
ALAMITOS BARRIER PROJECT - CI 9018,6801 2ND,LONG BEACH,CA,90803,CWA,No,11/09/2022,
ALAMITOS BARRIER PROJECT - LOS CERRITOS CHANNEL WATERSHED,ALAMITOS BARRIER PROJECT (LOS CERRITOS CHANNEL),LONG BEACH,CA,90278,CWA,No,05/21/2025,
ALAMITOS BARRIER PROJECT - SAN GABRIEL RIVER WATERSHED,SAN GABRIEL RIVER  ESTUARY,LONG BEACH,CA,90815,CWA,No,06/25/2025,
"ALAMITOS BARRIER PROJECT 1,2&3",ALONG SAN GAB R & LOS ALAMI,LONG BEACH,CA,90815,CWA,No,06/16/2005,
ALAMITOS BAY MARINA,205 MARINA DRIVE,LONG BEACH,CA,90803,CWA,No,10/31/2018,
ALAMITOS ENERGY CENTER,690 NORTH STUDEBAKER ROAD,LONG BEACH,CA,90803,CWA,No,,
ALAMITOS GENERATING STATION,690 N STUDEBAKER RD,LONG BEACH,CA,90803,CWA,Yes,04/29/2025,
ALAMITOS LEASE,2001 PACIFIC COAST HIGHWAY,SEAL BEACH,CA,90740,CWA,No,,
ALAMITOS TANK FARM,692 NORTH STUDEBAKER,LONG BEACH,CA,90803,CWA,No,02/23/2022,
ALAMO CREEK,4510 CAMINO TASSAJARA,DANVILLE,CA,94501,CWA,No,,
ALAMO RECYCLING,430 N BERRY ST,BREA,CA,92821,CWA,No,,
ALAMO RENT A CAR,2942 KETTNER BOULEVARD,SAN DIEGO,CA,92103,CWA,No,,
ALAMO SELF STORAGE,645 TANK FARM ROAD,SAN LUIS OBISPO,CA,93401,CWA,No,,
ALAMO SOLAR,14523 MELROSE AVE,ORO GRANDE,CA,92368,CWA,No,,
ALAN BEELS SURF SERVICES,10639 ROSELLE ST.,SAN DIEGO,CA,92121,CWA,No,,
ALARD MACHINE PRODUCTS,1629 W 132ND ST,GARDENA,CA,90249,CWA,No,12/16/2024,
ALATUS AEROSYSTEMS,17055 E GALE AVE,INDUSTRY,CA,91745,CWA,No,,
ALATUS AEROSYSTEMS,423 BERRY WAY,BREA,CA,92821,CWA,No,,
ALATUS AEROSYSTEMS,423 BERRY WY,BREA,CA,92821,CWA,No,10/05/2018,
ALATUS AEROSYSTEMS,9301 MASON AVE,CHATSWORTH,CA,91311,CWA,No,10/01/2021,
ALATUS AEROSYSTEMS WAL,20415 WALNUT DR,WALNUT,CA,91789,CWA,No,12/04/2019,
ALBANY SEWER COLLECTION SYSTEM,ALBANY CITY LIMITS,ALBANY,CA,9999,CWA,No,07/23/2024,
ALBANY WET WEATHER BYPASS,BUCHANAN ST EXTENSION,ALBANY,CA,94706,CWA,No,04/09/2009,
ALBER SEAFOOD,PIER 1 FERRY BUILDING,SAN FRANCISCO,CA,94111,CWA,No,,
ALBER SEAFOODS,PIER 45 SHED B-4,SAN FRANCISCO,CA,94133,CWA,No,02/17/2011,424460
ALBERHILL RANCH TRACT MAP 28214,6455 ALBERHILL RANCH ROAD,LAKE ELSINORE,CA,92530,CWA,No,,
ALBERHILL RIDGE,6455 ALBERHILL RANCH ROAD,LAKE ELSINORE,CA,92530,CWA,No,,
ALBERT & TERI MORETTI DAIRY,UNKNOWN,UNKNOWN,CA,00000,CWA,No,,
ALBERT MELLO DAIRY,2700 LLANO ROAD,SANTA ROSA,CA,95407,CWA,No,11/17/2011,
ALBERT ROBLES CENTER (ARC) FOR WATER RECYCLING & ENV. LEARNING,4330 SAN GABRIEL RIVER PKWY,PICO RIVERA,CA,90660,CWA,No,,
ALBERT ROBLES CENTER FOR WATER RECYCLING AND ENVIRONMENTAL LEARNING,4320 SAN GABRIEL RIVER PARKWAY,PICO RIVERA,CA,90712,CWA,Yes,12/08/2023,
ALBERTO'S POLISHING AND REFINISHING,1436 E WALNUT ST,PASADENA,CA,91106,CWA,No,06/14/2019,
ALBERTOS  POLISHING AND REFINISHING,1436 WALNUT,PASADENA,CA,91106,CWA,No,10/23/2023,
ALBERTSONS MILK AND BREAD,3361 BOXFORD AVE,LOS ANGELES,CA,90040,CWA,Yes,01/05/2024,
ALBINI FAMILY VINEYARDS,886 JENSEN LANE,WINDSOR,CA,95492,CWA,No,,
ALCA MACHINE INDUSTRIES,2610 S CRODDY WY,SANTA ANA,CA,92704,CWA,No,03/11/2020,
ALCA MACHINE INDUSTRIES,2610 S CRODDY WAY UNIT G,SANTA ANA,CA,92704,CWA,No,10/29/2019,
ALCO IRON  METALS,1815 NAVY DR,STOCKTON,CA,95206,CWA,No,01/31/2019,
ALCO IRON AND METAL,2201 W WASHINGTON ST # 21,STOCKTON,CA,95203,CWA,No,09/25/2009,
ALCO IRON AND METAL,2140 DAVIS ST,SAN LEANDRO,CA,94577,CWA,No,02/13/2020,
ALCO WATER SERVICE WS,NOT APPLICABLE,NOT APPLICABLE,CA,93905,CWA,No,,
ALCOA STORAGE,575 ALCOA CIR,CORONA,CA,92880,CWA,No,,
ALCON PALLETS,2159 EAST 92 STREET,LOS ANGELES,CA,90002,CWA,Yes,01/30/2023,
ALCON SIGNS,1256 BROOKS STREET,ONTARIO,CA,91761,CWA,No,,
ALDER AVE AND SANTA ANA AVE SIDEWALK PROJECT,BLOOMINGTON AVE,RIALTO,CA,92316,CWA,No,,
ALDER MOVING SERVICES,880 N FRANKLIN ST,FORT BRAGG,CA,95437,CWA,No,,
ALEGRIA VILLAGE K REMEDIATION,774 CALLE DE SOTO,SAN MARCOS,CA,92069,CWA,No,,
ALEJANDRAS RECYCLING CENTER,1424 COFFEE RD,MODESTO,CA,95355,CWA,No,,
ALEKSEY SEMENOV,12143 BRANFORD STREET,SUN VALLEY,CA,91352,CWA,No,01/22/2019,
ALERE SAN DIEGO INCORPORATION,9975 SUMMERS RIDGE ROAD,SAN DIEGO,CA,92121,CWA,No,,
ALESMITH,9368 CABOT DR,SAN DIEGO,CA,92126,CWA,No,,
ALEX LOPEZ SURFBOARDS,1665 SOUTH RANCHO SANTA FE SUITE E1,SAN MARCOS,CA,92078,CWA,No,08/12/2025,
ALEXANDERS MOBILITY SERVICES,2942 DOW AVE,TUSTIN,CA,92780,CWA,No,,
ALEXANDRE ACRES,210 SAGE ROAD,FERNDALE,CA,95536,CWA,No,01/26/2024,
ALEXANDRE DAIRY,8371 LOWER LAKE RD,CRESCENT CITY,CA,95531,CWA,No,06/24/2011,
ALEXANDRE DAIRY,8371 LOWER LAKE ROAD,CRESCENT CITY,CA,95531,CWA,No,11/07/2012,
ALEXANDRE ECO DAIRY,2250 FRED HAIGHT DRIVE,CRESCENT CITY,CA,95531,CWA,No,06/23/2011,
ALEXANDRE ECODAIRY,2250 FRED HAIGHT DRIVE (NO MAIL),SMITH RIVER,CA,95567,CWA,No,11/07/2012,
ALEXANDRE FAMILY CREAMERY,14710 WICKS BLVD,SAN LEANDRO,CA,94577,CWA,No,,
ALEXS RED BARN WINERY,39820 CALLE CONTENTO,TEMECULA,CA,92591,CWA,No,,
ALF AUTO WRECKERS,13075 MONTEREY HIGHWAY,SAN MARTIN,CA,95046,CWA,No,,
ALF AUTO WRECKERS,13075 MONTEREY HWY,SAN MARTIN,CA,95046,CWA,No,,
ALFARO FAMILY VINEYARDS,420 HAMES RD,CORRALITOS,CA,95076,CWA,No,,
ALFRED C NUNES DAIRY,5119 S. MORGAN RD.,TURLOCK,CA,95380,CWA,No,02/11/2009,
ALFRED S AUTO DISMANTLING,9601 GLENOAKS BLVD,SUN VALLEY,CA,91352,CWA,No,,
ALFRED SIGNS,14976 FOOTHILL BLVD,FONTANA,CA,92335,CWA,Yes,,
ALFREDO'S AUTO SHOP,2312 EAST 95TH STREET UNIT D,LOS ANGELES,CA,90002,CWA,No,,
ALGEB CNC MACHINING,1653 PACIFIC AVE UNIT 305,OXNARD,CA,93033,CWA,No,10/20/2023,
ALGER PRECISION MACHINING,724 S BON VIEW AVE,ONTARIO,CA,91761,CWA,No,01/31/2024,
ALHAMBRA UNIFIED SCHOOL DISTRICT,1515 W MISSION RD,ALHAMBRA,CA,91803,CWA,Yes,04/26/2024,
ALIANZA RECYCLING,2301 GIBSON STREET,BAKERSFIELD,CA,93308,CWA,No,10/09/2019,
ALICANTE II AT MOCKINGBIRD CANYON,MOCKINGBIRD CANYON ROAD AND MARIPOSA,RIVERSIDE,CA,92504,CWA,No,02/05/2018,
ALICE & ALBERT MENDES,1124 RUBIE RD,CROWS LANDING,CA,95313,CWA,No,04/27/1998,
ALIGN PRECISION,7100 BELGRAVE AVENUE,GARDEN GROVE,CA,92841,CWA,No,,
ALISAL UNION SCHOOL DISTRICT TRANSPORTATION,427 BARDIN RD,SALINAS,CA,93905,CWA,No,,
ALISO CANYON AND OAT MOUNTAIN FIELDS,12801 TAMPA AVENUE,NORTHRIDGE,CA,91324,CWA,Yes,11/16/2021,
ALISO CANYON TURBINE REPLACEMENT PROJECT,12801 TAMPA AVE,LOS ANGELES,CA,91326,CWA,No,,
ALISO CREEK OCEAN OUTFALL,34156 DEL OBISPO STREET,ORANGE COUNTY,CA,92629,CWA,Yes,05/09/2024,
ALL AMERICAN ASPHALT,13646 LIVE OAK LANE,IRWINDALE,CA,92878,CWA,Yes,02/20/2025,
ALL AMERICAN ASPHALT,11549 BRADLEY AVE,SAN FERNANDO,CA,91340,CWA,Yes,11/09/2022,
ALL AMERICAN ASPHALT,10671 JEFFREY RD,IRVINE,CA,92602,CWA,No,,
ALL AMERICAN ASPHALT,14490 EDWARDS ST,WESTMINSTER,CA,92683,CWA,No,,
ALL AMERICAN ASPHALT CORONA,1776 ALL AMERICAN WAY,CORONA,CA,92879,CWA,No,,
ALL AMERICAN METAL RECYCLERS,45405 INDUSTRIAL PLACE,FREMONT,CA,94538,CWA,No,09/27/2019,
ALL AMERICAN SELF STORAGE,3040 TAYLOR ROAD,ROSEVILLE,CA,95678,CWA,No,,
ALL AMERICAN SELF STORAGE,6225 EL CAJON BLVD,SAN DIEGO,CA,92115,CWA,No,,
ALL CALIFORNIA TRUCK  AUTO SALVAGE,867 ALPHA ST,DUARTE,CA,91010,CWA,No,05/24/2022,
ALL CAR  TRUCK RECYCLING,19555 OLINDA RD,ANDERSON,CA,96007,CWA,No,08/16/2023,
ALL CAR AUTO SUPPLY,1327 W HOLT AVE,POMONA,CA,91768,CWA,No,,
ALL CHEVY AND CADILLAC AUTO WRECKING,3697 RECYCLE ROAD,RANCHO CORDOVA,CA,95742,CWA,Yes,07/16/2025,
ALL CHRYSLER  DODGE AUTO WRECKING,3791 RECYCLE ROAD SUITE 2,RANCHO CORDOVA,CA,95742,CWA,No,08/05/2025,
ALL CITIES FORMER LANDFILL,4001 WEST WINTON AVENUE,HAYWARD,CA,94545,CWA,No,11/20/2019,
ALL CITY STORAGE,1750 LA COSTA MEADOWS DR,SAN MARCOS,CA,92078,CWA,No,,
ALL CLEAN HAZARDOUS WASTE REMOVAL,21 GREAT OAKS BLVD,SAN JOSE,CA,95119,CWA,No,,
ALL CLEAN HAZARDOUS WASTE REMOVAL,21  GREAT OAKS BLVD.,SAN JOSE,CA,95119,CWA,No,04/19/2019,
ALL COAST FOREST PROD,250 ASTI RD,CLOVERDALE,CA,95425,CWA,No,,
ALL COMPUTER SURPLUS,303 SO. MARSHALL AVE.,EL CAJON,CA,92020,CWA,No,,
ALL DODGE TRUCK,11350 S BRIDGE ST,RANCHO CORDOVA,CA,95670,CWA,No,01/16/2019,
ALL FOREIGN AUTO PARTS,3750 RECYCLE ROAD,RANCHO CORDOVA,CA,95742,CWA,Yes,11/14/2024,
ALL GERMAN AUTO RECYCLING,3715 RECYCLE RD,RANCHO CORDOVA,CA,95742,CWA,No,,
ALL GERMAN PLUS AUTO RECYCLING,3715 RECYCLE ROAD,RANCHO CORDOVA,CA,95742,CWA,No,10/06/2023,
ALL GLASS AND UPHOLSTERY,2024 W 15TH ST,LONG BEACH,CA,90813,CWA,No,08/13/2019,
ALL GREEN ELECTRONICS RECYCLING,15561 DEL AMO AVE,TUSTIN,CA,92780,CWA,No,,
ALL GREEN ELECTRONICS RECYCLING,15561 DEL AMO AVE,TUSTIN,CA,92780,CWA,No,,
ALL HONDA & NISSAN AUTO RECYCLING,3750 RECYCLE ROAD,RANCHO CORDOVA,CA,95742,CWA,No,,
ALL IMPORT AUTO SALVAGE,1507 2ND ST,BERKELEY,CA,94710,CWA,No,,
ALL IN METAL,1275 W STATE ST,ONTARIO,CA,91762,CWA,No,02/08/2024,
ALL JAPANESE AUTO PARTS,2218 E 92ND ST,LOS ANGELES,CA,90002,CWA,No,,
ALL JAPANESE AUTO RECYCLING,775 ENERGY WAY STE B,CHULA VISTA,CA,91911,CWA,No,,
ALL JAPANESE AUTO WRECKING,3689 RECYCLE ROAD,RANCHO CORDOVA,CA,95742,CWA,No,,
ALL MET RECYCLING,1401 N MILLER STREET,ANAHEIM,CA,92806,CWA,Yes,11/13/2019,
ALL METALS,15515 MINNESOTA AVENUE,PARAMOUNT,CA,90723,CWA,No,,
ALL METALS PROCESSING,264 W. SPAZIER AVE.,BURBANK,CA,91506,CWA,No,09/06/2006,
ALL NEW STAMPING,10801 LOWER AZUSA RD,EL MONTE,CA,91731,CWA,No,,
ALL NISAN INF MAZD AUTO,826 E WASHINGTON AVE,SANTA ANA,CA,92701,CWA,No,,
ALL PARTS AUTO RECYCLING,RANCHO VISTA BLVD 8TH ST E,PALMDALE,CA,93551,CWA,No,,
ALL POWERS LAB,1010 MURRAY ST,BERKELEY,CA,94710,CWA,No,08/27/2018,
ALL PURPOSE BRANDING,10001 PIONEER BLVD,SANTA FE SPRINGS,CA,90670,CWA,No,,
ALL RECYCLING CENTER,931 WEST MAIN ST,BARSTOW,CA,92311,CWA,No,,
ALL REPAIR AND SERVICE,9420 MISSION BLVD,JURUPA VALLEY,CA,92509,CWA,No,05/13/2025,
ALL RIGHT STORAGE,11300 SORRENTO VALLEY RD,SAN DIEGO,CA,92121,CWA,No,,
ALL ROCK,6634 FLINTKOTE HILL ROAD,SAN ANDREAS,CA,95249,CWA,No,01/17/2019,
ALL SHORES SEAFOOD,PIER 45 SHED B,SAN FRANCISCO,CA,94133,CWA,No,,
ALL SHORES SEAFOOD,45 PIER # B,SAN FRANCISCO,CA,94133,CWA,No,,
ALL STAR AUTO DISMANTLERS,12345 BRANFORD ST,SUN VALLEY,CA,91352,CWA,No,,
ALL STAR AUTO RECYCLING,22521 CAPAY RD,CORNING,CA,96021,CWA,Yes,09/07/2022,
ALL STATE AUTO DISMANTLING,11167 TUXFORD ST,SUN VALLEY,CA,91352,CWA,No,,
ALL STATE PAPER AND METAL RECYCLING,13195 WHITTRAM AVE,RANCHO CUCAMONGA,CA,91739,CWA,No,,
ALL STATE PLASTICS,15352 PROCTOR AVE,INDUSTRY,CA,91745,CWA,No,05/29/2025,
ALL TRUCK PARTS,12181 BRANFORD ST,SUN VALLEY,CA,91352,CWA,No,10/20/2021,
ALL TRUCKS DOMESTIC,11407 ELKS CIR,RANCHO CORDOVA,CA,95742,CWA,No,04/16/2021,
ALL TRUCKS RECYCLING,11407 ELKS CIR UNIT 2,RANCHO CORDOVA,CA,95742,CWA,Yes,07/12/2023,
ALL TRUCKS RECYCLING FOREIGN,3761 RECYCLE ROAD,RANCHO CORDOVA,CA,95742,CWA,No,07/09/2021,
ALL VALLEY SAND AND GRAVEL,16250 FILBERT ST,SYLMAR,CA,91342,CWA,No,,
ALL VALLEY WROUGHT IRON,4685 INDUSTRIAL ST SUITE 3M,SIMI VALLEY,CA,93063,CWA,No,,
ALL WAYS METAL RECYCLING,1425 N MAGNOLIA AVE,EL CAJON,CA,92020,CWA,No,10/02/2018,
ALL WAYS RECYCLING,1425 NORTH MAGNOLIA AVENUE,EL CAJON,CA,92020,CWA,No,,
ALLAN B BYRNE DBA SIR SPEEDY PRINTING 0310,1161 CALLE SUERTE,CAMARILLO,CA,93012,CWA,No,01/19/2018,
ALLBRITE CAR CARE PRODUCTS,1201 N LAS BRISAS,ANAHEIM,CA,92806,CWA,No,,
ALLEGRA PRINT AND IMAGING,7515 METROPOLITAN DRIVE #405,SAN DIEGO,CA,92108,CWA,No,,
ALLEN D FINCH AUTO SALVAGE AND STORAGE,2787 LINDERO STREET,PHELAN,CA,92371,CWA,No,,
ALLEN DISTRIBUTION,990 NORTH BARRINGTON AVENUE,ONTARIO,CA,91764,CWA,Yes,05/24/2023,
ALLEN DISTRIBUTION BLDG 52,800 N BARRINGTON AVE,ONTARIO,CA,91764,CWA,Yes,05/24/2023,
ALLEN INDUSTRIAL INCORPORATED,960 S HATHAWAY STREET,BANNING,CA,92220,CWA,No,,
ALLEN PACKAGING,1150 VALENCIA AVENUE,TUSTIN,CA,92780,CWA,No,,
ALLEN STINSON,12052 ENTERPRISE MINE ROAD,NATIONAL CITY,CA,95959,CWA,No,,
ALLENCO ENERGY,814 W 23RD ST,LOS ANGELES,CA,90007,CWA,No,,
ALLIANCE FINISHING AND MANUFACTURING,1721 IVES AVENUE,OXNARD,CA,93033,CWA,No,06/15/2021,
ALLIANCE MACHINING,16100  GARFIELD AVE STE A,PARAMOUNT,CA,90723,CWA,Yes,10/28/2022,
ALLIANCE READY MIX,9048 BRADLEY AVENUE,SUN VALLEY,CA,91352,CWA,No,12/09/2015,
ALLIANCE READY MIX INCORPORATED,2488 RAMADA DR,PASO ROBLES,CA,93446,CWA,Yes,,
ALLIANCE RESIDENTIAL REDEVELOPMENT,2855 BROADWAY,OAKLAND,CA,94611,CWA,No,,
ALLIE HANSON DESIGN,2325 MARICOPA HWY,OJAI,CA,93023,CWA,No,,
ALLIED BEVERAGES,5801 NICOLLE STREET,VENTURA,CA,93003,CWA,Yes,04/14/2021,
ALLIED COMPOSITE STRUCTURES,1195 COLUMBIA ST,BREA,CA,92821,CWA,No,08/08/2018,
ALLIED HEALTH BUILDING RENOVATION,1111 EAST ARTESIA BOULEVARD,COMPTON,CA,90221,CWA,No,,
ALLIED MECHANICAL,1720 S BON VIEW AVE,ONTARIO,CA,91761,CWA,No,,
ALLIED PACKAGING,2295 PASEO DE LAS AMERICAS #23,SAN DIEGO,CA,92154,CWA,No,,
ALLIED PRA - FIREWORKS EVENT LOCATIONS,VARIOUS LOCATIONS IN SAN DIEGO COUNTY,NOT APPLICABLE,CA,00000,CWA,No,,
ALLIED PRESSROOM CHEMICALS,3546 EMERY STREET,LOS ANGELES,CA,90023,CWA,No,06/26/2019,
ALLIED RECYCLING,1425 N MAGNOLIA AVE,EL CAJON,CA,92020,CWA,Yes,,
ALLISON DRIVE,3630 ALLISON DRIVE,ROSEVILLE,CA,95661,CWA,No,,
ALLOY METAL PRODUCTS,7801 LAS POSITAS RD,LIVERMORE,CA,94551,CWA,No,09/01/2022,
ALLOY PROCESSING,1900 W WALNUT STREET,COMPTON,CA,90220,CWA,Yes,04/08/2024,
ALLSACMETALS,5340 ROSEVILLE ROAD,NORTH HIGHLANDS,CA,95660,CWA,No,09/27/2018,
ALLSKATES DISTRIBUTION,8830 REHCO ROAD #A,SAN DIEGO,CA,92121,CWA,No,,
ALLSTAGE CONSTRUCTION,2791 N SATURN ST,BREA,CA,92821,CWA,No,,
ALLSTYLE SCREENPRINTING,2435 LA MIRADA DRIVE,VISTA,CA,92081,CWA,No,10/06/2021,
ALLTEX INK,14650 FIRESTONE BLVD,LA MIRADA,CA,90638,CWA,No,06/16/2021,
ALLURE HOME CREATION,5525 CONCOURS STREET,ONTARIO,CA,91764,CWA,No,,
ALLURE LABS,30901 WIEGMAN CT,HAYWARD,CA,94544,CWA,No,09/01/2021,
ALMADEN RANCH,"5138 CHERRY AVENUE SAN JOSE, CA 95118",SAN JOSE,CA,95118,CWA,No,02/07/2018,
ALMADEN TRACT NO 31154,S OF INT N LYON AVE,SAN JACINTO,CA,92582,CWA,No,08/16/2018,
ALMAGUER PRECISION MFG,1240  YARD CT.,SAN JOSE,CA,95133,CWA,No,,
ALMEIDA EGIDIO & MARIA,6271 COLUMBUS AVE,HILMAR,CA,95324,CWA,No,02/10/2000,
ALMENDRA WINERY AND DISTILLERY,9275 MIDWAY,DURHAM,CA,95938,CWA,No,08/20/2025,
ALMONDRIDGE,EAST OF PHILLIPS LANE AT ALMONDRIDGE DRIVE,ANTIOCH,CA,94509,CWA,No,,
ALMONTE SD COLLECTION SYSTEM,PO BOX 698,MILL VALLEY,CA,94942,CWA,No,08/07/2007,
ALMORE DYE HOUSE,6850 TUJUNGA AVE,NORTH HOLLYWOOD,CA,91605,CWA,No,,
ALMORE DYE HOUSE,6850 TUJUNGA AVENUE,NORTH HOLLYWOOD,CA,91605,CWA,No,05/13/2021,
ALOHA MINI STORAGE,910 GUADALUPE ST,NIPOMO,CA,93444,CWA,No,,
ALOHA SEAFOOD,PIER 45 SHED D6,SAN FRANCISCO,CA,94133,CWA,No,,
ALOHA SEAFOOD,PIER 45 SHED D6,SAN FRANCISCO,CA,94133,CWA,No,,
ALON ASPHALT MOJAVE,1873 PURDY ROAD,MOJAVE,CA,93501,CWA,No,,
ALON BAKERSFIELD REFINERY,6451 ROSEDALE HIGHWAY,BAKERSFIELD,CA,93308,CWA,No,04/16/2007,
ALONDRA COMMUNITY PARK,3850 WEST MANHATTAN BEACH,EL CAMINO VILLAGE,CA,90260,CWA,No,10/17/2024,
ALORA,16 VIA PAULINA SAN CLEMENTE CA,SAN CLEMENTE,CA,92673,CWA,No,,
ALPERS TROUT HATCHERY,UNKNOWN,MAMMOTH LAKES,CA,00000,CWA,No,06/09/2004,
ALPHA AUTO PARTS,783 ENERGY WAY #A,CHULA VISTA,CA,91911,CWA,Yes,,
ALPHA AUTO WRECKING,772 ALPHA ST,DUARTE,CA,91010,CWA,No,,
ALPHA DYNO NOBEL,3400 NADER ROAD,LINCOLN,CA,95648,CWA,No,04/23/2024,
ALPHA DYNO NOBEL,2901 HWY 16,PLYMOUTH,CA,95669,CWA,No,12/16/2022,
ALPHA ENTERPRISES,11805 1/2 SLAUSON AVENUE,SANTA FE SPRINGS,CA,90670,CWA,No,02/05/2019,
ALPHA MATERIALS,20TH ST VAN DELL RD,RIVERSIDE,CA,92509,CWA,No,,
ALPHA OMEGA SWISS,23305 LA PALMA AVE,YORBA LINDA,CA,92886,CWA,No,,
ALPHA OMEGA SWISS,23305 LA PALMA AVE,YORBA LINDA,CA,92887,CWA,No,,
ALPHA PRINTING,2886 E. THOUSAND OAKS BLVD.,THOUSAND OAKS,CA,91362,CWA,No,03/12/2019,
ALPHA PRINTING,2886 EAST THOUSAND OAKS BLVD,THOUSAND OAKS,CA,91362,CWA,No,,
ALPHA RECYCLING DBA RSA,13314 SATICOY ST,NORTH HOLLYWOOD,CA,91605,CWA,No,,
ALPHA SURPLUS,1980 ELM COURT,ONTARIO,CA,91761,CWA,No,,
ALPHAGRAPHICS,1938 KELLOGG AVENUE,CARLSBAD,CA,92008,CWA,No,,
ALPINE MOBILE HOME EST,2400 ALPINE BLVD,ALPINE,CA,91901,CWA,No,,
ALPINE USD TRANS COMPOUND,1323 ADMINISTRATION WAY,ALPINE,CA,91901,CWA,No,,
ALPINE VIEW ESTATES,6731 N LAKE BLVD,TAHOE VISTA,CA,96148,CWA,No,07/15/2025,
ALPS INNOVATION HOTELS,PALOMAR AIRPORT RD AND INNOVATION WAY,CARLSBAD,CA,92009,CWA,No,,
ALQILA,14145 DANIELSON ST,POWAY,CA,92064,CWA,No,,
ALSTYLE APPAREL & ACTIVEWEAR,1600 S CLAUDINA WY,ANAHEIM,CA,92805,CWA,No,,
ALTA COPY,8510 REDWOOD CREEK LANE,SAN DIEGO,CA,92126,CWA,No,,
ALTA DENA CERTIFIED DAIRY  COI SOUTH,17851 RAILROAD ST,CITY OF INDUSTRY,CA,91748,CWA,No,,
ALTA DENA DAIRY,17637 E VALLEY BLVD,INDUSTRY,CA,91744,CWA,Yes,,
ALTA DENA DAIRY,17851 RAILROAD,INDUSTRY,CA,91748,CWA,Yes,09/25/2024,
ALTA DESIGN & MANUFACTURING,885  AUZERAIS AVE.,SAN JOSE,CA,95126,CWA,No,,
ALTA TRACT 30050,NEC ACANTO DRIVE AND S. PALM CANYON DRIVE,PALM SPRINGS,CA,92264,CWA,No,,
ALTA VERDE ESCENA TRACT 32233 2,EAST OF GRANDVIEW STREET,PALM SPRINGS,CA,92264,CWA,No,,
ALTA VERDE MONTE SERENO TRACT 30046,NORTH OF BOGERT TRAIL,PALM SPRINGS,CA,92262,CWA,No,,
ALTA WS,NOT APPLICABLE,ALTA,CA,95701,CWA,No,,
ALTAGAS SAN JOAQUIN ENERGY TRACY COMBINED CYCLE POWER PLANT,14950 W SCHULTE RD,TRACY,CA,94509,CWA,No,,
ALTAIR PARAMOUNT FACILITY,14700 DOWNEY AVENUE,PARAMOUNT,CA,90723,CWA,No,,
ALTAMONT LANDFILL,10840 ALTAMONT PASS RD,LIVERMORE,CA,94551,CWA,No,,
ALTAMONT LANDFILL & RESOURCE,10840 ALTAMONT PASS ROAD,LIVERMORE,CA,94550,CWA,No,02/22/2002,
ALTAMONT LANDFILL & RESOURCE RECOVERY FACILITY,10840 ALTAMONT PASS ROAD,LIVERMORE,CA,94551,CWA,No,,
ALTER BANDIT AUTO RECYCLING,45555 N DIVISION STREET,LANCASTER,CA,93534,CWA,No,,
ALTER MACHINING,11612 EAST WASHINGTON BLVD UNIT E,WHITTIER,CA,90606,CWA,No,01/31/2019,
ALTERED STONES,10419 MILLS AVENUE,MONTCLAIR,CA,91711,CWA,No,,
ALTHEA TECHNOLOGIES,11040 ROSELLE ST,SAN DIEGO,CA,92121,CWA,No,,
ALTIUM PACKAGING,1217 E SAINT GERTRUDE PL,SANTA ANA,CA,92707,CWA,No,,
ALTIUM PACKAGING,1070 SAMUELSON ST,CITY OF INDUSTRY,CA,91748,CWA,Yes,,
ALTIUM PACKAGING,5772 JURUPA ST PLANT B,ONTARIO,CA,91761,CWA,No,,
ALTIUM PACKAGING,1201 E CERRITOS AVE,ANAHEIM,CA,92805,CWA,No,,
ALTIUM PACKAGING,75 W VALPICO RD,TRACY,CA,95376,CWA,No,,
ALTIUM PACKAGING,4516 ASUZA CANYON RD,IRWINDALE,CA,91706,CWA,No,,
ALTIUM PACKAGING,1500 E 223RD ST,CARSON,CA,90745,CWA,No,11/08/2018,
ALTMAN SPECIALTY PLANTS,15102 LAKE MATHEWS DRIVE,RIVERSIDE,CA,92570,CWA,No,03/10/2020,
ALTO SYSTEMS,2867 SURVEYOR STREET,POMONA,CA,91768,CWA,No,,
ALTON & MILLIKAN APARTMENTS,2501 ALTON PARKWAY,IRVINE,CA,92606,CWA,No,,
ALTON SOUTH CONSERVATION BANK,2779 PINER RD,SANTA ROSA,CA,95403,CWA,No,,
ALTURAS CITY WS,200 WEST NORTH,ALTURAS,CA,96101,CWA,No,,
ALTURAS DISPOSAL,39263 HWY 299,ALTURAS,CA,96101,CWA,No,,
ALTURAS VECTOR CONTROL,NOT APPLICABLE,ALTURAS,CA,96101,CWA,No,,
ALTURAS WWTP,20099 COUNTY ROAD 54,ALTURAS,CA,96101,CWA,Yes,05/22/2024,
ALTURDYNE INTERNATIONAL,660 STEELE ST,EL CAJON,CA,92020,CWA,Yes,,
ALUM ROCK UNION ELEMENTARY SCHOOL DISTRICT,2930 GAY AVE,SAN JOSE,CA,95127,CWA,No,09/07/2023,
ALUMET SUPPLY,2410 ARTESIA AVE,FULLERTON,CA,92833,CWA,No,,
ALUMI CRAFT,10815 WHEATLANDS AVE,SANTEE,CA,92071,CWA,No,,
ALUMIN-ART PLATING,803 W STATE ST,ONTARIO,CA,91762,CWA,No,,
ALUMINUM FABRICATOR,14760 DON JULIAN RD,LA PUENTE,CA,91746,CWA,No,04/28/2021,
ALUMINUM INTERIOR MOLDINGS,6833 ROSECRANS AVENUE #G,PARAMOUNT,CA,90723,CWA,No,,
ALUMINUM PRECISION PROD,1001 MCWANE BLVD,OXNARD,CA,93033,CWA,Yes,08/17/2023,
ALUMINUM PRECISION PRODUCT,2621 S SUSAN STREET,SANTA ANA,CA,92704,CWA,No,07/30/2018,
ALUMINUM PRECISION PRODUCTS,3333 W WARNER AVE,SANTA ANA,CA,92704,CWA,No,,
ALUMINUM PRECISION PRODUCTS,502 E ALTON AVE,SANTA ANA,CA,92707,CWA,No,,
ALVA MANUFACTURING,236 ORANGETHORPE AVE,PLACENTIA,CA,92870,CWA,No,,
ALVARA GUILLEN AND R. STEVEN AUSTIN,APN 385 260 009,LAKE ELSINORE,CA,92530,CWA,Yes,,
ALVAREZ BODY SHOP,12234 FIRESTONE BOULEVARD,NORWALK,CA,90650,CWA,No,02/16/2018,
ALVARO FABIAN GRANITE CABINETS,527 S CLYDEBANK AVE,AZUSA,CA,91702,CWA,No,02/14/2020,
ALVES INCORPORATED,4200 WEST END RD,ARCATA,CA,95521,CWA,No,,
"ALVES, ANTONIO",1740 CLAUS RD,MODESTO,CA,95355,CWA,No,09/18/1997,
"ALVES, JOE",5442 SMITH RD,OAKDALE,CA,95361,CWA,No,09/19/1997,
ALVINS AUTOMOTIVE RECYCLING,3291 SAN PABLO AVE,OAKLAND,CA,94608,CWA,No,,
ALVIZAR STONE FABRICATION,2931 S MAIN ST,SANTA ANA,CA,92707,CWA,No,,
AMA PLASTICS,350 W RINCON ST,CORONA,CA,92880,CWA,No,,
AMA PLASTICS,350 W RINCON STREET,CORONA,CA,92880,CWA,No,,
AMA PLASTICS,1100 CITRUS STREET,RIVERSIDE,CA,92507,CWA,Yes,11/02/2022,
AMADA AMERICA,14646 NORTHAM,LA MIRADA,CA,90638,CWA,Yes,04/29/2025,
AMADOR CNTY REGIONAL OUTFALL,500 ARGONAUT LANE,JACKSON,CA,95642-2379,CWA,No,,
AMADOR COUNTY UNIFIED SCHOOL DISTRICT,545 INDEPENDENCE DR,SUTTER CREEK,CA,95685,CWA,No,07/19/2023,
AMADOR SOIL STOCKPILE SITE,E ALCOSTA BLVD AND ESTERO DR,SAN RAMON,CA,94583,CWA,No,,
AMADOR TASTING ROOM,10851 SHENANDOAH ROAD,PLYMOUTH,CA,95669,CWA,No,,
AMADOR WATER AGENCY BUCKHORN WS (PRIMARY),NOT APPLICABLE,SUTTER CREEK,CA,95685,CWA,No,,
"AMADOR WATER AGENCY, IONE WS",NOT APPLICABLE,SUTTER CREEK,CA,95685,CWA,No,,
"AMADOR WATER AGENCY, SUTTER CREEK WS",NOT APPLICABLE,SUTTER CREEK,CA,95685,CWA,No,,
AMADOR WINERY,11076 BELL ROAD,PLYMOUTH,CA,94574,CWA,No,,
AMANZI HOTEL,298SOUTHCHESTNUT,VENTURA,CA,93001,CWA,No,,
AMAPOLA CREEK VINEYARDS & WINERY,392 LONDON WAY,SONOMA,CA,95476,CWA,No,,
"AMARAL, ARMELIM",6133 SMITH RD,OAKDALE,CA,95361,CWA,No,03/27/1998,
AMARANTE,SW OF INTERSECTION OF GATEKEEPER ROAD AND ROWAN DR,SAN RAMON,CA,94582,CWA,No,,
AMAZON DOT COM DOT GOLDEN STATE FC LL ONT6,24208 SAN MICHELE ROAD,MORENO VALLEY,CA,92551,CWA,No,,
AMBASSADOR LAUNDRY - 91-018,201 EAST HALEY,SANTA BARBARA,CA,93102,CWA,No,06/18/2002,
AMBCO ELECTRONICS,15052 RED HILL,TUSTIN,CA,92780,CWA,No,,
AMBRIT INDUSTRIES,432 MAGNOLIA AVE,GLENDALE,CA,91204,CWA,No,,
AMBRIZ PALLETS,15121 WHITTRAM AVENUE,FONTANA,CA,92335,CWA,No,,
AMBRIZ PALLETS,15121 WHITTRAM AVE,FONTANA,CA,92335,CWA,No,,
AMC AUTO SALVAGE,1310 E LOMITA BLVD,WILMINGTON,CA,90744,CWA,No,,
AMC LONG BEACH SHIPYARD,515 PIER T AVE,LONG BEACH,CA,908026212,CWA,No,05/05/2000,
AMCOR,5416 UNION PACIFIC AVE,COMMERCE,CA,90022,CWA,No,,
AMCOR RIGID PLASTICS,9541 N MASON AVENUE,CHATSWORTH,CA,91311,CWA,No,06/30/2021,
AMD RECYCLING,324 KINGS STREET,SALINAS,CA,93907,CWA,No,01/16/2020,
AMEDEE GEOTHERMAL POWER PLANT,"AMEDEE HOT SPRINGS, SECTION 8, T28N, R16E, MDB&M",SUSANVILLE,CA,96127,CWA,No,05/26/2021,
AMEE BAY,3460 MAIN STREET,SAN DIEGO,CA,92113,CWA,No,,
AMENDED SOILS,3705 MARK STATION RD,WINDSOR,CA,95492,CWA,No,,
AMENT MARINE,OLD THORTON ROAD,ISLETON,CA,95641,CWA,No,,
AMERALS TRUCK AUTO WRECKING SCRAP METALS,4468 FORNI RD,EL DORADO,CA,95623,CWA,No,,
AMERICA ASIA EXPRESS,6024 FERGUSON DRIVE,COMMERCE,CA,90022,CWA,No,,
AMERICA AUTO DISMANTLING,1180 B HERITAGE ROAD,SAN DIEGO,CA,92154,CWA,No,06/12/2018,
AMERICAN AGAR FACILITY-REMED,1751 HANCOCK ST,SAN DIEGO,CA,92110,CWA,No,,
AMERICAN AIR FILTER INTERNATIONAL,3940 E EARLSTONE ST,ONTARIO,CA,91761,CWA,No,06/08/2023,
AMERICAN AIRCRAFT PRODUCTS,15411 S BROADWAY AVE,GARDENA,CA,90248,CWA,No,02/13/2024,
AMERICAN ALLIED IMAGING,1300 PIONEER ST,BREA,CA,92821,CWA,No,,
AMERICAN ALUPACK INDUSTRIES,1201 N RICE AVE,OXNARD,CA,93030,CWA,No,,
AMERICAN APPAREL DISTRIBUTION CENTER,16400 TROJAN WAY,LA MIRADA,CA,90638,CWA,No,,
AMERICAN APPAREL GARMENT DYEING,2654 SEQUOIA DR.,SOUTH GATE,CA,90280,CWA,No,,
AMERICAN APPAREL HEADQUARTERS,747 WAREHOUSE ST.,LOS ANGELES,CA,90021,CWA,No,,
AMERICAN AUTO WRECKERS,6128 STOCKTON BLVD,SACRAMENTO,CA,95824,CWA,No,,
AMERICAN AUTO WRECKING,1908 W 5TH ST,SANTA ANA,CA,92703,CWA,No,,
AMERICAN BEEF PACKERS,7777 SCHAEFER,ONTARIO,CA,91761,CWA,Yes,08/06/2020,
AMERICAN BUILDING SUPPLY,8360 ELDER CREEK ROAD,SACRAMENTO,CA,95828,CWA,No,,
AMERICAN BUILDING SUPPLY,6300 S WATT AVENUE,SACRAMENTO,CA,95829,CWA,No,,
AMERICAN BUILDING SUPPLY,1 WAYNE COURT,SACRAMENTO,CA,95828,CWA,No,01/10/2020,
AMERICAN BUILDING SUPPLY,8401 ROVANA CIRCLE,SACRAMENTO,CA,95828,CWA,No,08/29/2023,
AMERICAN CABINET WORKS,13518 S NORMANDIE AVE,GARDENA,CA,90249,CWA,No,11/27/2023,
AMERICAN CANVAS,5630 HOLT BLVD,MONTCLAIR,CA,91763,CWA,No,,
AMERICAN CANYON SANI LANDFILL,WEST AMERICAN CANYON ROAD FOOT OF,AMERICAN CANYON,CA,94589,CWA,No,,
AMERICAN CANYON WRF,151 MEZZETTA COURT,AMERICAN CANYON,CA,94503,CWA,Yes,06/17/2024,
AMERICAN CANYON WWTF,151 MEZZETTA COURT,AMERICAN CANYON,CA,94503,CWA,No,,
AMERICAN CIRCUIT CARD RETAINERS,2310 E ORANGETHORPE AVE,ANAHEIM,CA,92806,CWA,No,,
AMERICAN CIRCUIT TECHNOLOGY,5330 HUNTER,ANAHEIM,CA,92807,CWA,No,06/25/2018,
AMERICAN CITY BANK BUILDING,10000 SANTA MONICA BLVD,LOS ANGELES,CA,90067,CWA,No,06/18/2002,
AMERICAN CONCRETE,540 OPPER STREET,ESCONDIDO,CA,92029,CWA,No,,
AMERICAN COOLING TOWER,3130 W HARVARD ST,SANTA ANA,CA,92704,CWA,No,10/29/2019,
AMERICAN CRATING,1813 N AMERICAN ST,ANAHEIM,CA,92801,CWA,No,,
AMERICAN CUSTOM MARBLE INCORPORATED,806 WEST HOME STREET,SAN JOSE,CA,95126,CWA,No,05/08/2019,
AMERICAN CUSTOM MARBLE INCORPORATED,806 WEST HOME STREET,SAN JOSE,CA,95126,CWA,No,,
AMERICAN ETCHING AND MANUFACTURING,13730 DESMOND STREET,PACOIMA,CA,91331,CWA,No,,
AMERICAN EXPORT,1399 N MILLER ST,ANAHEIM,CA,92806,CWA,No,09/21/2018,
AMERICAN EXPORT LINES,13500 SOUTH FIGUEROA STREET,LOS ANGELES,CA,90061,CWA,No,05/29/2019,
AMERICAN FAUCET AND COATING,3280 CORPORATE VIEW DR,VISTA,CA,92091,CWA,No,05/03/2007,
AMERICAN FENCE,9944 PROSPECT AVENUE,SANTEE,CA,92071,CWA,No,12/13/2022,
AMERICAN FOAM  PACKAGING,15110 S BROADWAY,ROSEWOOD,CA,90248,CWA,No,04/08/2024,
AMERICAN GIRL MINE,3737 AMERICAN GIRL ROAD,WINTERHAVEN,CA,92283,CWA,Yes,,
AMERICAN GRANITE MARBLE AND TILE,740 METCALF ST #22,ESCONDIDO,CA,92025,CWA,No,09/01/2021,
AMERICAN HANDFORGE,165 S SPRUCE,RIALTO,CA,92376,CWA,No,,
AMERICAN HEAVY MOVING  RIGGING,11532 E END AVE,CHINO,CA,91710,CWA,No,,
AMERICAN HEROES MANUFACTURING INCORPORATED,4681 ARROW HWY SUITE A,MONTCLAIR,CA,91763,CWA,Yes,05/18/2023,
AMERICAN HVAC MANUFACTURING INCORPORATED,2070 EAST SLAUSON AVENUE,HUNTINGTON PARK,CA,90255,CWA,No,01/02/2018,
AMERICAN IMPORT AUTO DISM,285 LEO AVE,SAN JOSE,CA,95112,CWA,No,04/12/2018,
AMERICAN INDUSTRIAL SERVICES,5626 CHERRY AVENUE,LONG BEACH,CA,90805,CWA,Yes,09/08/2017,
AMERICAN INKS AND COATING,2150 MAPLE PRIVADO,ONTARIO,CA,91761,CWA,No,,
AMERICAN INNOVATIVE PRODUCTS,1525 N ENDEAVOUR PL  #H,ANAHEIM,CA,92801,CWA,No,,
AMERICAN INTERNATIONAL INDUSTRIES,2220 GASPAR AVE,COMMERCE,CA,90040,CWA,Yes,11/05/2024,
AMERICAN IRONWORKS MFG,12326 MONTAGUE ST,PACOIMA,CA,91331,CWA,No,,
AMERICAN LUBRICATION EQUIPMENT,1251 N PATT ST,ANAHEIM,CA,92801,CWA,No,,
AMERICAN LUBRICATION EQUIPMENT,1251 NORTH PATT STREET,ANAHEIM,CA,92801,CWA,No,10/29/2019,
AMERICAN LUBRICATION EQUIPMENT,1251 N PATT ST,ANAHEIM,CA,92801,CWA,Yes,,
AMERICAN MACHINE & HYDRAULICS,1270 AVENIDA ACASO UNIT J,CAMARILLO,CA,93012,CWA,Yes,06/29/2022,
AMERICAN MADE,8727 UTICA AVENUE,RANCHO CUCAMONGA,CA,91730,CWA,No,,
AMERICAN MAILING AND PRINTING,116 N KRAEMER PL,ANAHEIM,CA,92806,CWA,No,,
AMERICAN MARBLE,1280 N MELROSE DRIVE,VISTA,CA,92083,CWA,No,,
AMERICAN MARINE,1500 SOUTH BARRACUDA ST.,TERMINAL ISLAND,CA,90731,CWA,No,08/18/2009,
AMERICAN MASTERTECH,1330 THURMAN ST.,LODI,CA,95240,CWA,No,,
AMERICAN MEDICAL DESIGN,8951 MORRO ROAD,ATASCADERO,CA,93422,CWA,No,,
AMERICAN METAL AND IRON (AMI),1045 COMMERICAL COURT,SAN JOSE,CA,95133,CWA,No,12/19/2008,
AMERICAN METAL AND IRON (AMI),1045 COMMERICAL COURT,SAN JOSE,CA,95133,CWA,No,12/07/2007,
AMERICAN METAL AND IRON (AMI),11665 BERRYESSA ROAD,SAN JOSE,CA,95133,CWA,No,02/06/2009,
AMERICAN METAL BEARING,7191 ACACIA AVE,GARDEN GROVE,CA,92841,CWA,Yes,,
AMERICAN METAL PROCESSING,390 FRONT ST,EL CAJON,CA,92020,CWA,No,,
AMERICAN METAL RECOVERY SERVICES,19610 SOUTH RANCHO WAY,RANCHO DOMINGUEZ,CA,90220,CWA,No,,
AMERICAN METAL RECYCLING,11150 REDWOOD AVE,FONTANA,CA,92337,CWA,Yes,04/10/2025,
AMERICAN MODULAR SYSTEMS,787 SPRECKLES AVE,MANTECA,CA,95336,CWA,No,,
AMERICAN MOTORSPORTS,1914 MISSION RD,ESCONDIDO,CA,92029,CWA,No,08/11/2021,
AMERICAN NAIL PLATE LIGHTING,9044 DEL MAR AV,MONTCLAIR,CA,91763,CWA,No,01/31/2024,
AMERICAN OIL,13226 NELSON AVE,CITY OF INDUSTRY,CA,91746,CWA,No,04/23/2020,
AMERICAN PACIFIC INDUSTRIES,3450 EAST PHILADELPHIA STREET,ONTARIO,CA,91761,CWA,No,,
AMERICAN PACIFIC INDUSTRIES,2260 SOUTH HAVEN AVE,ONTARIO,CA,91761,CWA,No,,
AMERICAN PACIFIC INDUSTRIES,2260 SOUTH HAVEN AVE,ONTARIO,CA,91761,CWA,Yes,,
AMERICAN PHOTOENGRAVING,611 S PALM ST,LA HABRA,CA,90631,CWA,No,11/19/2018,
AMERICAN PLASTIC TECHNOLOGIES,1150 W CENTRAL AVE,BREA,CA,92821,CWA,No,,
AMERICAN POWER WASHING AND SANITATION,3401  E BAYSHORE RD.,REDWOOD CITY,CA,94063,CWA,No,10/11/2019,
AMERICAN PRECISION,5601 RESEARCH DR,HUNTINGTON BEACH,CA,92649,CWA,No,,
AMERICAN PRECISION HYDRAULICS,5601 RESEARCH DRIVE,HUNTINGTON BEACH,CA,92649,CWA,No,12/26/2018,
AMERICAN PRECISION MACHINE TECH,7888 SILVERTON AVE STE H,SAN DIEGO,CA,92126,CWA,No,,
AMERICAN PVD COATINGS,9445 WASHBURN RD,DOWNEY,CA,90242,CWA,No,08/26/2010,
AMERICAN REBEL MANUFACTURING,400 S LEMON ST,ANAHEIM,CA,92805,CWA,No,09/21/2018,
AMERICAN REBEL MFG,400 S LEMON STREET,ANAHEIM,CA,92805,CWA,No,09/29/2020,
AMERICAN RECLAMATION,4560 DORAN,LOS ANGELES,CA,90039,CWA,Yes,,
AMERICAN RECYCLING,4070 HOME AVE,SAN DIEGO,CA,92105,CWA,No,08/21/2018,
AMERICAN RECYCLING HOME AVE,4070 HOME AVE,SAN DIEGO,CA,92105,CWA,No,,
AMERICAN RECYCLING INTERNATIONAL DBA LKQ PICK YOUR PART  CHULA VISTA,825 ENERGY WAY,CHULA VISTA,CA,91911,CWA,No,,
AMERICAN RECYCLING INTERNATIONAL DBA LKQ PICK YOUR PART  CHULA VISTA,850 ENERGY WAY,CHULA VISTA,CA,91911,CWA,No,,
AMERICAN RECYCLING INTERNATIONAL DBA LKQ PICK YOUR PART  CHULA VISTA,800 ENERGY WAY,CHULA VISTA,CA,91911,CWA,No,,
AMERICAN RECYCLING INTERNATIONAL DBA LKQ PICK YOUR PART  FONTANA,15228 BOYLE AVE,FONTANA,CA,92337,CWA,Yes,,
AMERICAN RECYCLING INTERNATIONAL DBA LKQ PICK YOUR PART  OCEANSIDE,2315 CARPENTER RD,OCEANSIDE,CA,92058,CWA,No,,
AMERICAN RECYCLING INTERNATIONAL DBA LKQ PICK YOUR PART  OCEANSIDE,1030 AIRPORT RD,OCEANSIDE,CA,92058,CWA,No,,
AMERICAN RECYCLING INTERNATIONAL DBA LKQ PICK YOUR PART  SANTA FE SPRINGS,13780 E IMPERIAL HIGHWAY,SANTA FE SPRINGS,CA,90670,CWA,No,12/22/2021,
AMERICAN RECYCLING INTERNATIONAL DBA LKQ PICK YOUR PART  THOUSAND PALMS,27600 N SIERRA DEL SOL RD,THOUSAND PALMS,CA,92276,CWA,No,11/20/2019,
AMERICAN RECYCLING INTERNATIONAL DBA LKQ PICK YOUR PART  VICTORVILLE,17229 GASLINE RD,VICTORVILLE,CA,92394,CWA,No,07/26/2021,
AMERICAN RECYCLING PALM AVENUE,1705 PALM AVENUE,SAN DIEGO,CA,92154,CWA,No,,
AMERICAN RECYCLING PALM AVENUE,1705 PALM AVENUE,SAN DIEGO,CA,92154,CWA,No,,
AMERICAN RIVER AG,875 ALFALFA PLANT ROAD,COURTLAND,CA,95615,CWA,No,,
AMERICAN SAMPLE,4200 E MISSION BLVD,ONTARIO,CA,91761,CWA,No,,
AMERICAN SOIL,689 BANCROFT WAY,BERKELEY,CA,94710,CWA,No,,
AMERICAN SOIL,601- 695  BANCROFT WAY.,BERKELEY,CA,94710,CWA,No,05/16/2019,
AMERICAN SOIL AND STONE,2121 SAN JOAQUIN ST,RICHMOND,CA,94804,CWA,Yes,,
AMERICAN SPUTTERING TECHNOLOGIES,13240 EVENING CREEK DR S #308,SAN DIEGO,CA,92128,CWA,No,,
AMERICAN STAGE TOURS,865 HOWE RD,MARTINEZ,CA,94553,CWA,No,,
AMERICAN STAINLESS PUMPS,14032 AVALON BLVD.,LOS ANGELES,CA,90061,CWA,No,07/20/2018,
AMERICAN STANDARD COATING,4584 EAST 50TH ST,VERNON,CA,90058,CWA,No,,
AMERICAN STAR TRAILWAYS,791 PRICE STREET,PISMO BEACH,CA,93449,CWA,Yes,,
AMERICAN STORAGE,3000 DUTTON B AVE,SANTA ROSA,CA,95407,CWA,No,,
AMERICAN SUNNY FOODS,2404 STAGECOACH RD,STOCKTON,CA,95215,CWA,No,05/02/2001,
AMERICAN TOOTH INDUSTRIES,1200 STELLAR DRIVE,OXNARD,CA,93033,CWA,Yes,07/14/2023,
AMERICAN TRAFFIC PRODUCTS,1450 N FITZGERALD AVE,RIALTO,CA,92376,CWA,No,08/27/2019,
AMERICAN TRANSPORTATION SERVICES,1941 W 9TH ST,LONG BEACH,CA,90813,CWA,No,,
AMERICAN TRUCK BODIES AND REPAIR,15567 ARROW RT,FONTANA,CA,92335,CWA,No,,
AMERICAN TRUCK PARTS,19229 AVE 152,PORTERVILLE,CA,93257-8,CWA,Yes,,
AMERICAN TURNKEY FABRICATORS,9175 MILLIKEN AVE,RANCHO CUCAMONGA,CA,91730,CWA,Yes,05/18/2023,
AMERICAN VALLEY AVIATION,550 ORION WAY,QUINCY,CA,95971,CWA,No,,
AMERICAN VALLEY WWTP,900 SPANISH CREEK RD,QUINCY,CA,95971,CWA,Yes,04/20/2023,
AMERICAN VINEYARD VILLAGE,1671 VINEYARD RD,ROSEVILLE,CA,95747,CWA,No,,
AMERICAN WASTE TRANSFER STATION,1449 W ROSECRANS AVE,GARDENA,CA,90249,CWA,No,07/27/2023,
AMERICAN WOOD FIBERS,4560 SKYWAY,OLIVEHURST,CA,95961,CWA,Yes,09/01/2020,
AMERICAN WOODMARK,11350 RIVERSIDE DRIVE,MIRA LOMA,CA,91752,CWA,No,,
AMERICAN WOODMARK,400 EAST ORANGETHORPE AVE,ANAHEIM,CA,92801,CWA,Yes,,
AMERICAN WOODMARK,400 E ORANGETHORPE AVE,ANAHEIM,CA,92801,CWA,No,,
AMERICAS PRINTER,6910 ARAGON CIRCLE,BUENA PARK,CA,90620,CWA,Yes,,
AMERICAS RECYCLED PALLETS,14108 SANTA ANA AVENUE,FONTANA,CA,92337,CWA,No,,
AMERICAS STYRENICS,305 CRENSHAW BLVD,TORRANCE,CA,90503,CWA,No,,111998
AMERICOLD,1610 EAST SEPULVEDA BOULEVARD,CARSON,CA,90745,CWA,No,05/27/2021,
AMERICOLD,2750 ORBITER ST,BREA,CA,92821,CWA,No,,
AMERICOLD,2050 LAPHAM DR,MODESTO,CA,95354,CWA,Yes,02/21/2018,
AMERICOLD,750 W RIVERSIDE DRIVE,WATSONVILLE,CA,95076,CWA,No,05/25/2021,
AMERICOLD,19840 SOUTH RANCHO WAY,COMPTON,CA,90220,CWA,No,05/07/2021,
AMERICOLD,950 SANBORN ROAD,SALINAS,CA,93902,CWA,No,,
AMERICOLD,950 S SANBORN ROAD,SALINAS,CA,93902,CWA,No,,
AMERICOLD,1415 N RAYMOND AVE,ANAHEIM,CA,92801,CWA,No,,
AMERICOLD LOGISTICS VICTORVILLE,12979 ENTERPRISE WAY,VICTORVILLE,CA,92395,CWA,No,,
AMERICOLD VERNON 3,4224 DISTRICT BLVD,VERNON,CA,90058,CWA,No,08/07/2018,
AMERIFLEX,2390 RAILROAD ST,CORONA,CA,92878,CWA,Yes,,
AMERIFLEX,291 BONNIE LANE STE 101 & 102,CORONA,CA,92880,CWA,No,,
AMERIGAS,16800 S MAIN ST,CARSON,CA,90248,CWA,Yes,05/08/2023,
AMERIGAS YARD,45755 COMMERCE STREET,INDIO,CA,92201,CWA,No,,
AMERIPRIDE,1050 W WHITESBRIDGE,FRESNO,CA,93706,CWA,No,01/31/2013,
AMERIPRIDE UNIT 3,8450 GERBER ROAD,SACRAMENTO,CA,95828,CWA,No,02/03/2011,
AMERISOURCE BERGEN,24903 AVENUE KEARNY,SANTA CLARITA,CA,91355,CWA,No,08/23/2018,
AMERON POLE PROD,4417 OAKPORT ST,OAKLAND,CA,94601,CWA,No,,
AMERON POLE PROD,1020 B ST,FILLMORE,CA,93015,CWA,No,,
AMERON PROTECTIVE LINING PROD,201 N BERRY ST,BREA,CA,92821,CWA,No,03/29/2018,
AMETEK,474 RALEIGH AVE,EL CAJON,CA,92020,CWA,No,,
AMETEK,474 RALEIGH AVENUE,EL CAJON,CA,92614,CWA,No,,
AMETEK AEROSPACE AND DEFENSE,17032 ARMSTRONG AVE,IRVINE,CA,92614,CWA,No,09/26/2018,
AMETEK FMH,17072 DAIMLER STREET,IRVINE,CA,92614,CWA,No,,
AMETEK HERMETIC SEAL,4232 TEMPLE CITY,ROSEMEAD,CA,91770,CWA,No,10/01/2019,
AMETEK PROGRAMMABLE POWER,9250 BROWN DEER RD,SAN DIEGO,CA,92121,CWA,No,,
AMEZCUA TRUCKING,1850 WILLOW AVE,SAN LEANDRO,CA,94579,CWA,No,,
AMF HOLLY ART,1883 MOUNT VERNON AVE,POMONA,CA,91768,CWA,No,,
AMF SUPPORT,13455 ESTELLE ST,CORONA,CA,92879,CWA,No,08/13/2019,
AMFAB,1809 N NATIONAL ST,ANAHEIM,CA,92801,CWA,No,,
AMG RESOURCES,15332 S MCKINLEY AVE,LATHROP,CA,95330,CWA,Yes,,
AMG RESOURCES,15332 MCKINLEY AVE,LATHROP,CA,95330,CWA,No,,
AMG TORRANCE,2535 MARICOPA ST,TORRANCE,CA,90503,CWA,No,,
AMH RECYCLING,11230 ROSCOE BOULEVARD,SUN VALLEY,CA,91352,CWA,No,03/16/2018,
AMH RECYCLING,11230 ROSCOE BOULEVARD,SUN VALLEY,CA,91352,CWA,No,,
AMIGO CUSTOM SCREEN PRINTS,6351 YARROW DR,CARLSBAD,CA,92011,CWA,No,,
AMITY MANUFACTURING,612 COMMERCIAL AVENUE,COVINA,CA,91723,CWA,No,09/04/2019,
AMIZETTA,1099 GREENFIELD ROAD,SAINT HELENA,CA,94574,CWA,No,,
AMKO RECYCLING,340 W VALLEY BLVD,COLTON,CA,92324,CWA,No,,
AMLI MARINA DEL REY NO. 2 PROJECT,4242 VIA MARINA,MARINA DEL REY,CA,90292,CWA,No,,
AMLI MARINA DEL REY PROJECT,4242 VIA MARINA,MARINA DEL REY,CA,90292,CWA,No,,
AMLON INDUSTRIES,254 HELICOPTER CIRCLE,CORONA,CA,92880,CWA,No,,
AMMEX MINE,SHELL CANYON ROAD,OCOTILLO,CA,92249,CWA,Yes,,
AMMEX RECYCLING  DISPOSAL,3315 WASHINGTON,LOS ANGELES,CA,90023,CWA,No,,
AMORCO TERMINAL TANK FARM,1750 MARINA VISTA WAY,MARTINEZ,CA,94553,CWA,No,,
AMOS BROTHERS DAIRY,3420 GUERNEVILLE ROAD,SANTA ROSA DIVISION,CA,95401,CWA,No,01/19/2023,
AMPHENOL DC ELECTRONICS,1870  LITTLE ORCHARD ST STE A.,SAN JOSE,CA,95125,CWA,No,,
AMPINE PROCESS WATER DISCHARGE,11610 AMPINE FIBREFORM,SUTTER CREEK,CA,95685,CWA,No,,
AMPINE PROCESS WATER DISCHARGE,11610 AMPINE FIBREFORM,SUTTER CREEK,CA,95685,CWA,No,,
AMPM HESPERIA,14920 MAIN STREET,HESPERIA,CA,92345,CWA,No,,
AMPORTS,1997 ELM ST,BENICIA,CA,94510,CWA,No,,
AMR BALBOA SAN DIEGO,8808 BALBOA AVE,SAN DIEGO,CA,92123,CWA,No,,
AMR BURLINGAME,1510 ROLLINS RD,BURLINGAME,CA,94010,CWA,No,,
AMR CONCORD,2400 BISSO LANE,CONCORD,CA,94520,CWA,No,04/25/2019,
AMR HAWTHORNE,13933 CRENSHAW BOULEVARD,HAWTHORNE,CA,90205,CWA,Yes,,
AMR IRWINDALE,5257 N VINCENT AVE,BALDWIN PARK,CA,91706,CWA,No,,
AMR LAGUNA HILLS,23091 TERRA DRIVE,LAGUNA HILLS,CA,92653,CWA,No,,
AMR LANCASTER,1055 W AVENUE J,LANCASTER,CA,93534,CWA,No,,
AMR MENIFEE,29714 B HAUN RD,MENIFEE,CA,92586,CWA,No,,
AMR MOORPARK,616 FITCH AVE,MOORPARK,CA,93021,CWA,No,05/24/2019,
AMR NORTH HOLLYWOOD,12638 SATICOY STREET SOUTH,NORTH HOLLYWOOD,CA,91605,CWA,No,05/13/2021,
AMR PACAMBULANCE SAN DIEGO,5550 OBERLIN DRIVE,SAN DIEGO,CA,92121,CWA,No,,
AMR PALM SPRINGS,1111 MONTALVO DR,PALM SPRINGS,CA,92262,CWA,No,01/14/2019,
AMR RANCHO CUCAMONGA,7925 CENTER AVE,RANCHO CUCAMONGA,CA,91730,CWA,No,,
AMR REDLANDS,1920 AND 1930 W PARK AVENUE,REDLANDS,CA,92373,CWA,No,07/29/2020,
AMR REDLANDS,600 IOWA ST,REDLANDS,CA,92373,CWA,No,,
AMR RIVERSIDE,879 MARLBOROUGH AVE,RIVERSIDE,CA,92507,CWA,No,,
AMR ROCKLIN,6101 PACIFIC STREET,ROCKLIN,CA,95677,CWA,No,,
AMR RURAL METRO SAN JOSE,1345 VANDER WAY,SAN JOSE,CA,95112,CWA,No,,
AMR RURALMETRO SAN DIEGO,3870 KEARNY VILLA ROAD,SAN DIEGO,CA,92123,CWA,No,,
AMR SACRAMENTO,1101 FEE DR,SACRAMENTO,CA,95815,CWA,No,03/25/2025,
AMR SALINAS,34 SIMAS STREET,SALINAS,CA,93901,CWA,No,,
AMR SANTA ROSA,930 SOUTH A STREET,SANTA ROSA,CA,95404,CWA,No,,
AMR STOCKTON,3755 N WEST LANE,STOCKTON,CA,95204,CWA,No,08/27/2025,
AMR STRATOS MODESTO,4846 STRATOS WAY,MODESTO,CA,95356,CWA,No,,
AMR VICTORVILLE,14828 7TH ST,VICTORVILLE,CA,92395,CWA,No,,
AMR WEST SACRAMENTO,1255 TRIANGLE COURT,WEST SACRAMENTO,CA,95605,CWA,No,12/15/2021,
AMRIZE,12271 MONARCH ST,GARDEN GROVE,CA,92841,CWA,No,,
AMS COATINGS & AMS SERVICES,2012 S WRIGHT ST,SANTA ANA,CA,92705,CWA,No,,
AMS FULFILLMENT,"27420 AVENUE SCOTT, UNIT D",SANTA CLARITA,CA,91355,CWA,No,,
AMS FULFILLMENT,27801 AVENUE SCOTT,SANTA CLARITA,CA,91355,CWA,No,08/10/2018,
AMSAFE AVIATION,2220 E CERRITOS AVE,ANAHEIM,CA,92806,CWA,No,09/21/2018,
AMSAFE BRIDPORT,2220ECERRITOSAVE,ANAHEIM,CA,92806,CWA,No,07/26/2021,
AMSWEDE RECYCLING,149 REED CT,CHULA VISTA,CA,91932,CWA,No,,
AMTECOL,810 WRIGHT AVE,RICHMOND,CA,94804,CWA,No,,
AMTRAK GOLETA LAYOVER FACILITY,25 LA PATERA LN,GOLETA,CA,93117,CWA,No,,
AMTRAK OAKLAND MAINTENANCE FACILITY,1303 3RD ST,OAKLAND,CA,94607,CWA,No,,
AMTRAK S L O MAINTENANCE FACILITY,1011 12 RAILROAD AVE,SAN LUIS OBISPO,CA,93401,CWA,No,04/24/2024,
AMYS KITCHEN,2330 NORTH POINT PARKWAY,SANTA ROSA,CA,95407,CWA,No,,
AMYS KITCHEN,3000 DUTTON AVENUE,SANTA ROSA,CA,95407,CWA,No,,
ANACAPA BOATYARD,3203 SOUTH VICTORIA AVE,OXNARD,CA,93035,CWA,Yes,01/09/2024,
ANACAPA FOODS,4300 ETTING RD,OXNARD,CA,93033,CWA,No,,
ANACAPA MARINE SERVICES,3203 S VICTORIA AVE,OXNARD,CA,93035,CWA,No,08/02/2001,
ANACO,1375 MAGNOLIA AVE,CORONA,CA,92879,CWA,No,12/03/2019,
ANACOSTIA RAIL HOLDINGS,705 707 761 HENRY FORD AVE,WILMINGTON,CA,90744,CWA,No,03/19/2025,
ANADITE CALIFORNIA RESTORATION TRUST,10647 GARFIELD,SOUTH GATE,CA,90280,CWA,No,11/20/2019,
ANAHEIM,1260 S TALT AVE,ANAHEIM,CA,92806,CWA,No,,
ANAHEIM AUTO WRECKING,2211 E ANAHEIM ST,WILMINGTON,CA,90744,CWA,No,10/01/2021,
ANAHEIM CITY UTILITY VAULT DISCHARGES,VARIOUS LOCATIONS,ANAHEIM,CA,00000,CWA,No,,
ANAHEIM CITY WS,NOT APPLICABLE,ANAHEIM,CA,92805,CWA,No,,
ANAHEIM CUSTOM EXTRUDERS,4640 E LA PALMA AVE,ANAHEIM,CA,92807,CWA,No,,
ANAHEIM ELEMENTARY SCH DIST,1001 S EAST ST BLDG C,ANAHEIM,CA,92805,CWA,No,,
ANAHEIM HIGH SCHOOL DISTRICT,501 N CRESCENT WY,ANAHEIM,CA,92803,CWA,No,,
ANAHEIM MEDICAL CTR,3400 E LA PALMA AVE.,ANAHEIM,CA,92806,CWA,No,03/31/2011,
ANAHEIM RESORTS TRANSPORTATION,1354 SOUTH ANAHEIM BLVD,ANAHEIM,CA,92805,CWA,Yes,,
ANAHEIM TRANSPORTATION NETWORK,1354 S ANAHEIM BLVD,ANAHEIM,CA,92805,CWA,No,,
ANAHEIM TRUCK DEPOT,1231 N BLUE GUM ST,ANAHEIM,CA,92806,CWA,No,,
ANAVERDE,GREENBRIER STREET,PALMDALE,CA,93551,CWA,No,,
ANCHOR BAY WWTF,46890 GETCHELL GULCH RD,ANCHOR BAY,CA,95445,CWA,Yes,11/02/2022,
ANCHOR MARINE CANVAS,"6400 E MARINA DRIVE, #7",LONG BEACH,CA,90803,CWA,No,05/21/2019,
ANCHOR PRINTING,649 S B STREET,TUSTIN,CA,92780,CWA,No,,
ANCHOR PRINTING,649 S B ST,TUSTIN,CA,92780,CWA,No,03/12/2019,
ANCHORS WAY MARINE CENTERS,3615 VICTORIA AVE,OXNARD,CA,93035,CWA,No,04/05/2012,
ANCIEN WINES,4047 EAST THIRD AVENUE,NAPA,CA,94558,CWA,No,,
ANCON MARINE SERVICES,1022 EUBANK AVENUE,WILMINGTON,CA,90744,CWA,No,09/19/2023,
AND CITY OF SANTA ANA,SANTA ANA & ORANGE COUNTY,SANTA ANA,CA,92706,CWA,No,,
ANDERSON  LA,3550 TYBURN ST,LOS ANGELES,CA,90065,CWA,No,07/09/2018,
ANDERSON BOATWORKS,226 21ST ST,NEWPORT BEACH,CA,92663,CWA,No,,
ANDERSON COTTONWOOD CONCRETE PRODUCTS,3119 TRADEWAY,COTTONWOOD,CA,96022,CWA,No,,
ANDERSON COTTONWOOD DISPOSAL,8595 COMMERCIAL WAY,REDDING,CA,96002,CWA,No,,
ANDERSON COTTONWOOD ID,2810 SILVER,ANDERSON,CA,96007,CWA,No,,
ANDERSON LANDFILL,18703 CAMBRIDGE,ANDERSON,CA,96007,CWA,No,09/21/2021,
ANDERSON MIDDLE SCHOOL,1646 FERRY STREET,ANDERSON,CA,96002,CWA,No,,111998
ANDERSON RUBBISH DISPOSAL,4590 INDUSTRIAL ST,SIMI VALLEY,CA,93063,CWA,No,,
ANDERSON SITE,SOLANO COUNTY,.,CA,94533,CWA,No,05/07/1997,
ANDERSON TRUCK TRAIL,"LATITUDE 32.862, LONG -116.745",ALPINE,CA,91901,CWA,No,09/07/2017,
ANDERSON TRUCK TRAIL,589 ANDERSON ROAD,ALPINE,CA,91903,CWA,No,09/07/2017,
ANDERSON VALLEY BREWING,17700 HWY 253,BOONVILLE,CA,95415,CWA,No,,
ANDERSON WELDING & IRON,967 W HYDE PARK BLVD,INGLEWOOD,CA,90302,CWA,No,03/22/2022,
ANDERSON WPCP,1887 HOWARD ST.,ANDERSON,CA,96007-3396,CWA,No,,
ANDERSON WPCP,3701 RUPERT RD,ANDERSON,CA,96007,CWA,Yes,04/04/2023,
ANDERSONS PULL N SAVE,4199 FEATHER RIVER BLVD,OLIVEHURST,CA,95953,CWA,No,02/26/2019,
ANDRADE RECYCLING,19847 1/2 ORANGE BELT DRIVE,STRATHMORE,CA,93267,CWA,No,,
ANDRADE TRUCKING,1150 MABURY RD,SAN JOSE,CA,95133,CWA,No,,
ANDRE GRANITE & TILE,1832 E BALL RD,ANAHEIM,CA,92806,CWA,No,11/15/2017,
ANDRE GRANITE AND TILE,1832 E BALL RD,ANAHEIM,CA,92805,CWA,No,,
ANDRE LANDSCAPING SERVICES,14055 RANCHO COURT,FONTANA,CA,92337,CWA,No,,
ANDREESONS TILE MARBLE & GRANITE,1534 E EDINGER AVE,SANTA ANA,CA,92705,CWA,No,,
ANDREW,10350 CLYBOURN AVENUE,SUNLAND,CA,91040,CWA,No,05/04/2018,
ANDREW AUTO BODY,526 GALVESTON #C,WEST SACRAMENTO,CA,95691,CWA,No,11/13/2017,
ANDREW DRAPER,12650 HIGHWAY 67,LAKESIDE,CA,92040,CWA,No,08/11/2021,
ANDREWS LOGISTICS,13400 S FIGUEROA ST,LOS ANGELES,CA,CA,CWA,Yes,08/06/2025,
ANDRUS FONTANA YARD,15777 SLOVER AVENUE,FONTANA,CA,92337,CWA,No,,
ANDY'S MACHINE TOOL SERVICE,607 CAMERON CREST DRIVE,DIAMOND BAR,CA,91765,CWA,No,,
ANDYS AUTO WRECKING,3131 EDISON HWY,BAKERSFIELD,CA,93307,CWA,No,,
ANETH CONSENT DECREE REVIEW,UNKNOWN,UNKNOWN,CA,00000,CWA,No,01/25/2005,
ANGEL ISLAND STATE PARK,1455 A-EAST FRANCISCO BLVD,SAN RAFAEL,CA,94901,CWA,No,06/27/2002,
ANGEL RAMIREZ,811 STE E ENERGY WAY,CHULA VISTA,CA,91911,CWA,No,,
ANGELES C AND D RECYCLING,11401 PENDLETON STREET,SUN VALLEY,CA,91352,CWA,Yes,,
ANGELICA HEALTH CARE SERVICES,3939 MARKET STREET,SAN DIEGO,CA,92102,CWA,No,,
ANGELOS STONE,1170 NORTH BLUE GUM STREET STE A,ANAHEIM,CA,92806,CWA,No,,
ANGELS CITY WS,PO BOX 667,ANGELS CAMP,CA,95370,CWA,No,,
ANGELS DISMANTLING,11128 TUXFORD ST,SUN VALLEY,CA,91352,CWA,No,,
ANGELUS ALUMINUM FOUNDRY,3479 E PICO BLVD,LOS ANGELES,CA,90023,CWA,No,,
ANGELUS MANUFACTURING,5431 BROOKS ST,MONTCLAIR,CA,91763,CWA,No,,
ANGELUS PLATING WORKS,1713 WEST 134TH STREET,GARDENA,CA,90249,CWA,No,11/20/2017,
ANGELUS PRECISION GRINDING,10935 VULCAN STREET,SOUTH GATE,CA,90280,CWA,No,08/06/2019,
ANGELUS PRECISION GRINDING,10935 VULCAN ST,SOUTH GATE,CA,90280,CWA,No,06/28/2021,
ANGELUS WESTERN PAPER FIBERS,2474 PORTER ST,LOS ANGELES,CA,90021,CWA,Yes,,
ANGLE IRONWORKS,2000 POMONA BLVD,POMONA,CA,91768,CWA,No,,
ANGULAR MACHINING,2040  HARTOG DR STE A.,SAN JOSE,CA,95131,CWA,No,,
ANHEUSER BUSCH,3101 BUSCH DR,FAIRFIELD,CA,94534,CWA,No,,
ANHEUSER BUSCH,4545 BROOKS STREET,MONTCLAIR,CA,91763,CWA,No,,
ANHEUSER BUSCH SALES OF BEACH CITIES,20499  SOUTH REEVES AVENUE,CARSON,CA,90810,CWA,No,01/09/2024,
ANHEUSER BUSCH SALES OF OAKLAND,8380 PARDEE DRIVE,OAKLAND,CA,94621,CWA,No,12/05/2017,
ANHEUSER BUSCH SALES OF POMONA,2800 S RESERVOIR STREET,POMONA,CA,91766,CWA,Yes,01/08/2024,
ANHEUSER BUSCH SALES OF RIVERSIDE,1400 MARLBOROUGH AVENUE,RIVERSIDE,CA,92507,CWA,No,,
ANHEUSER BUSCH SALES SAN DIEGO,5959 SANTA FE ST,SAN DIEGO,CA,92109,CWA,No,10/12/2021,
ANIMAL CARE SERVICES NEW KENNEL BLDG,2510 CLAY BANK RD,FAIRFIELD,CA,94533,CWA,No,,
ANITA AUTO DISMANTLER,UNKNOWN,WEST SACRAMENTO,CA,00000,CWA,No,07/07/2005,
ANK METAL RECYCLING LLP,8832 BRADELY AVE,SUN VALLEY,CA,91352,CWA,No,08/21/2019,
ANNAPOLIS TRANSFER STATION,33549 ANNAPOLIS RD,ANNAPOLIS,CA,95412,CWA,No,,
ANNIEGLASS,310 HARVEST DR,WATSONVILLE,CA,95076,CWA,No,,
ANOCHEM COATINGS,1102 E WASHINGTON AVE,SANTA ANA,CA,92701,CWA,No,12/02/2020,
ANOCHEM COATINGS,1102 E WASHINGTON AVE,SANTA ANA,CA,92701,CWA,No,06/18/2018,
ANOCOTE METAL FINISHING,7550 TRADE STREET,SAN DIEGO,CA,92121,CWA,No,,
ANODIZING INDISTRIES WORTH FACILITY,4677 WORTH STREET,LOS ANGELES,CA,90063,CWA,No,07/16/2018,
ANODIZING INDUSTRIES,5222 ALHAMBRA AVE,LOS ANGELES,CA,90032,CWA,No,07/16/2018,
ANODIZING INDUSTRIES  NADCAP FACILITY,5160 ALHAMBRA AVENUE,LOS ANGELES,CA,91132,CWA,No,12/06/2023,
ANOMALY VINEYARDS,455 BELLA VISTA CT,SAINT HELENA,CA,94574,CWA,No,,
ANOROC PRECISION SHEET METAL,14831 SOUTH SAN PEDRO STREET,ROSEWOOD,CA,90248,CWA,No,,
ANS SIGNS,9971 CAMPO ROAD,SPRING VALLEY,CA,91977,CWA,No,12/16/2022,
ANSAC COLUMBIA VPBD7714A,"1100 MELVILLE STREET, SUITE 950","VANCOUVER, CANADA",CA,V6E4A6,CWA,No,,
ANSELMO PEREZ,617 VINELAND AVENUE,LA PUENTE,CA,91746,CWA,No,,
ANSON WOODWORKING INCORPORATED,189 STARE STREET,POMONA,CA,91767,CWA,No,,
ANTELOPE VALLEY MEDICAL CAMPUS,615 WEST AVENUE L,LANCASTER,CA,93534,CWA,No,,
ANTELOPE WS,NOT APPLICABLE,ANTELOPE,CA,95843,CWA,No,,
ANTERRA ENERGY SERVICES,918 MISSION ROCK RD STE C2,SANTA PAULA,CA,93060,CWA,No,,
ANTERRA ENERGY SERVICES,1933 EAST WOOLEY ROAD,OXNARD,CA,93030,CWA,No,06/06/2019,
ANTHOLOGY OF WOODLAND HILLS,6033 DE SOTO,LOS ANGELES,CA,91367,CWA,No,03/23/2022,
ANTHONY AND SUSAN WRIGHT,6650 INDIAN OAKS LANE,LOOMIS,CA,95650,CWA,No,,
ANTHONY TORRES DEMOLITION,1807 MOUNT VERNON AVE,POMONA,CA,91768,CWA,No,11/28/2017,
ANTINORI NAPA VALLEY,3700 SODA CANYON RD,NAPA,CA,94558,CWA,No,,
ANTIOCH BUILDING MATERIAL,1375 CALIFORNIA AVENUE,PITTSBURG,CA,CA,CWA,No,,
ANTIOCH CITY DPW - AQUATIC PESTICIDES,NOT APPLICABLE,ANTIOCH,CA,94509,CWA,No,,
ANTIOCH FACILITY,6000 BRIDGEHEAD RD,ANTIOCH,CA,94509,CWA,No,10/25/2000,
ANTIOCH PULP & PAPER MILL,2301 WILBUR AVE,ANTIOCH,CA,94509,CWA,No,05/05/2004,
ANTIOCH RECYCLING CENTER,1305 SUNSET DR,ANTIOCH,CA,94509,CWA,No,,
ANTIOCH UNIFIED SCHOOL DISTRICT,701 W 18TH ST,ANTIOCH,CA,94509,CWA,No,11/13/2023,
ANTLER MOUNTIAN GATE JUNCTION TRANSMISSION LINE,19663NORTHSOLUS CAMPGROUND,LAKEHEAD,CA,96051,CWA,No,04/03/2025,
ANTLERS BRIDGE,INTERSTATE 5 AT SHASTA LAKE,LAKEHEAD,CA,96051,CWA,No,01/08/2013,
ANTLERS RESORT  MARINA,20679 ANTLERS,LAKEHEAD,CA,96051,CWA,No,,
ANTON MENLO,3605 HAVEN AVENUE,MENLO PARK,CA,94025,CWA,No,,
ANTON MOUNTAIN VIEW,398 ORTEGA,MOUNTAIN VIEW,CA,94040,CWA,No,,
ANTONIO BETTENCOURT DAIRY,11530 ALVARADO RD,OAKDALE,CA,95361,CWA,No,01/14/2009,
ANTONIO REIS DAIRY,UNKNOWN,UNKNOWN,CA,00000,CWA,No,03/16/2007,
ANTRIN MINIATURE SPECIALTIES,488 INDUSTRIAL WAY,FALLBROOK,CA,92028,CWA,No,,
ANVIL CASES,15730 SALT LAKE AVE,CITY OF INDUSTRY,CA,91745,CWA,No,01/16/2018,
ANVIL CASES,1242 EAST EDNA PLACE UNIT B,COVINA,CA,91724,CWA,No,,
ANZA CLOSED LANDFILL,40329 TERWILLIGER RD,ANZA,CA,92306,CWA,No,,
ANZA KNIVES,9380 C BOND AVE,EL CAJON,CA,92021,CWA,No,,
ANZA KNIVES,9380 BOND AVENUE SUITE C,EL CAJON,CA,92021,CWA,No,,
ANZA KNIVES,9380 C BOND AVE,EL CAJON,CA,92021,CWA,No,02/28/2023,
ANZA TRANSFER STATION,40329 TER WILLIGER ROAD,ANZA,CA,92306,CWA,No,,
AOCLSC,3365 EAST SLAUSON AVENUE,VERNON,CA,90058,CWA,Yes,03/29/2021,
AOCUSA,4000 E WASHINGTON BLVD,COMMERCE,CA,90023,CWA,Yes,09/25/2023,
AOCUSA,3365 E SLAUSON AVE,VERNON,CA,90058,CWA,No,,
AP PRECISION METAL FABRICATION,195 EAST EASY STREET SUITE F,SIMI VALLEY,CA,93063,CWA,No,,
AP SHOWCHROME & CUSTOM ENGRAVING,895 S EAST ST,ANAHEIM,CA,92805,CWA,No,,
AP VIN,622 TREAT AVENUE,SAN FRANCISCO,CA,94110,CWA,No,,
APACHE AUTO WRECKING,542 N MISSION RD,LOS ANGELES,CA,90033,CWA,Yes,,
APC BERTH 193,325 YACHT ST,WILMINGTON,CA,90744,CWA,Yes,11/06/2019,
APCT ANAHEIM,250 E EMERSON AVE,ORANGE,CA,92865,CWA,No,08/21/2017,
APCTOC,1900 PETRA LN,PLACENTIA,CA,92870,CWA,No,,
APELZONE,16477 SLOVE AVENUE,FONTANA,CA,92337,CWA,No,,
APEX BULK COMMODITIES,12531 VIOLET RD,ADELANTO,CA,92301,CWA,Yes,,
APEX BULK COMMODITIES,14080 SLOVER AVE,FONTANA,CA,92337,CWA,No,,
APEX BULK COMMODITIES,8319 KIMBER AVE,BAKERSFIELD,CA,92301,CWA,Yes,,
APEX BULK COMMODITIES,16953 NORTH D STREET,VICTORVILLE,CA,92394,CWA,Yes,,
APEX BULK COMMODITIES,11741 SANTA FE AVE E,HESPERIA,CA,92345,CWA,No,10/09/2018,
APEX BULK COMMODITIES,11741 SANTA FE AVE E,HESPERIA,CA,92345,CWA,No,,
APF MOTORCYCLE SALVAGE INCORPORATED,3967,FRESNO,CA,93725,CWA,No,,
API KIRK CONTAINERS,2131 GARFIELD,LOS ANGELES,CA,90040,CWA,No,,
APICAL INDUSTRIES DBA DART AEROSPACE,3030 ENTERPRISE COURT,VISTA,CA,92081,CWA,No,,
APIO INCORPORATED,4575 WEST MAIN,GUADALUPE,CA,00000,CWA,No,,
APL COLUMBUS - NOI VPBD0278N,9 NORTH BUONA VISTA DRIVE,SINGAPORE,CA,138588,CWA,No,,
APM TERMINAL,2500 NAVY WAY,SAN PEDRO,CA,90731,CWA,No,05/17/2007,
APM TERMINALS,2500 NAVY WAY,SAN PEDRO,CA,90731,CWA,No,01/22/2024,
APN #054-090-021,UNKNOWN,COARSEGOLD,CA,00000,CWA,No,,
APN 0200 051 013,4061 SKYLINE RD,RANCHO CUCAMONGA,CA,91701,CWA,No,,
APN 0252 141 82 83,18017 VALLEY BLVD & 18020 TAYLOR AVE,BLOOMINGTON,CA,92316,CWA,No,,
APN 030 470 049,LARKIN ROAD,OROVILLE,CA,95965,CWA,No,,
APN 046-090-016-000,APN 046-090-016-000,-,CA,95963,CWA,Yes,,
APN 0620-050-055 (WHEELER CANYON),4104 WHEELER CANYON ROAD,SANTA PAULA,CA,93060,CWA,Yes,06/27/2023,
APN 099-030-059 / HWY 135 DRAINAGE PIPE,HWY 135 NEAR LOS ALAMOS,LOS ALAMOS,CA,93440,CWA,No,,
APN 103101130,SWC CARRIAGE HILLS LANE AND OLD CARBON CANYON ROAD,CHINO HILLS,CA,91709,CWA,No,01/17/2019,
APN 116 38 02 GOLD RUN RD,APN 116 38 02 GOLD RUN ROAD,SUSANVILLE,CA,96130,CWA,No,,
APN 162 190 002,NWC 60TH AND BEACH STREETS,JURUPA VALLEY,CA,92509,CWA,No,,
APN 217 050 003 217 050 018 217 060 014,BROCKTON AVE AND TEQUESQUITE AVE,RIVERSIDE,CA,92501,CWA,No,,
APN 309020005,26963 PICO AVENUE,NUEVO,CA,92567,CWA,No,,
APN 649 0 162 01,THE NORTHERLY TERMINUS OF HEALY TRAIL IN THE MANOR,CHATSWORTH LAKE MANOR,CA,91311,CWA,No,,
APOLLO MASTERS,101 WEST LINCON ST,BANNING,CA,92220,CWA,No,,
APOLLO METAL,15315 ILLINOIS AVE,PARAMOUNT,CA,90723,CWA,No,,
APOLLO WOOD RECOVERY,7225 EDISON AVE,ONTARIO,CA,91762,CWA,Yes,,
APPAREL BRANDERS,350 WEST COMPTON BOULEVARD,GARDENA,CA,90248,CWA,No,06/18/2018,
APPLE AUTO DISMANTLING,2701 ANAHEIM,WILMINGTON,CA,90744,CWA,Yes,,
APPLE AUTO DISMANTLING FACILITY,1551 WALNUT ST SOUTH,SAN BERNARDINO,CA,92410,CWA,No,,
APPLE CAMPUS 2,10900 NORTH WOLFE RD,CUPERTINO,CA,95014,CWA,No,,
APPLE MARKETS INCORPORATED,65105 DILLON RD,DESERT HOT SPRINGS,CA,92240,CWA,No,,
APPLE RECYCLING FIVE,80631 INDIO BLVD,INDIO,CA,92201,CWA,No,,
APPLE VALLEY 126,CHOCO ROAD AND HUASNA ROAD,APPLE VALLEY,CA,92307,CWA,No,,
APPLE VALLEY AIRPORT,21600 CORWIN RD,APPLE VALLEY,CA,92307,CWA,No,,
APPLE VALLEY MUNICIPAL LF,E OF APPLE VALLEY,APPLE VALLEY,CA,92307,CWA,No,,
APPLE VALLEY NORTH WS,NOT APPLICABLE,NOT APPLICABLE,CA,92308,CWA,No,,
APPLE VALLEY RECYCLING,20947 BEAR VALLEY RD,APPLE VALLEY,CA,92308,CWA,Yes,,
APPLE VALLEY SUBREGIONAL WATER RECLAMATION PLANT,21060 OTOE RD,APPLE VALLEY,CA,92394,CWA,No,,
APPLEGATE WS,NOT APPLICABLE,APPLEGATE,CA,95703,CWA,No,,
APPLIANCE RECYCLING CENTERS AMERICA,1920 S ACACIA AVE,COMPTON,CA,90220,CWA,No,,
APPLIANCE REPAIR,1084 WESR 2ND STREET,POMONA,CA,91768,CWA,No,12/12/2017,
APPLIED COMPOSITE STRUCTURES,1095 & 1195 COLUMBIA ST,BREA,CA,92821,CWA,No,,
APPLIED CONVEYOR TECHNOLOGY,14644 EL MOLINO STREET,FONTANA,CA,92335,CWA,No,,
APPLIED MACHINING,1151  RINGWOOD CT SUITE 10 A.,SAN JOSE,CA,95131,CWA,No,,
APPLIED MATERIALS,3101 SCOTT BLVD,SANTA CLARA,CA,95054,CWA,No,,
APPLIED MATERIALS ARQUES CAMPUS,974 E ARQUES AVE,SUNNYVALE,CA,94085,CWA,No,,
APPLIED MATERIALS B21,1285 WALSH AVE,SANTA CLARA,CA,95054,CWA,No,,
APPLIED MATERIALS B72,1140 E ARQUES AVE,SUNNYVALE,CA,94085,CWA,No,,
APPLIED MATERIALS B73,1198 E ARQUES AVENUE,SUNNYVALE,CA,95054,CWA,No,,
APPLIED MATERIALS BOWERS CAMPUS,3050 3090 3100 BOWERS AVE 3300 3320 3330 3340 SCOT,SANTA CLARA,CA,95054,CWA,No,,
APPLIED MEDICAL RESOURCES,9401 TOLEDO WAY,IRVINE,CA,92618,CWA,No,,
APPLIED MEDICAL RESOURCES,30200 AVENIDA DE LAS BANDERAS,RANCHO SANTA MARGARITA,CA,92688,CWA,No,09/07/2017,
APPLIED MEDICAL RESOURCES,30152 AVENTURA,RANCHO SANTA MARGARITA,CA,92688,CWA,No,09/07/2017,
APPLIED MEDICAL RESOURCES,20161 WINDROW DRIVE,LAKE FOREST,CA,92630,CWA,No,,
APPLIED MEDICAL RESOURCES,22822 AVENIDA EMPRESA,RANCHO SANTA MARGARITA,CA,92688,CWA,No,09/07/2017,
APPLIED MEDICAL RESOURCES,22432 EMPRESA,RANCHO SANTA MARGARITA,CA,92688,CWA,No,09/07/2017,
APPLIED MEDICAL RESOURCES,22982 ARROYO VISTA,RANCHO SANTA MARGARITA,CA,92688,CWA,No,09/07/2017,
APPLIED NATURAL GAS FUELS,10787 MULBERRY AVE,FONTANA,CA,92337,CWA,No,,
APPLIED TECHNOLOGIES ASSOCIATES,3025 BUENA VISTA DR,PASO ROBLES,CA,93446,CWA,No,,
APPLIED TECHNOLOGIES ASSOCIATES,3025 BUENA VISTA DR,PASO ROBLES,CA,93446,CWA,No,,
APPLIED THIN FILM PRODUCTS,3439 EDISON WAY,FREMONT,CA,94538,CWA,No,,
APRICOT DESIGNS,677 ARROW GRAND CIRCLE,COVINA,CA,91722,CWA,No,09/10/2019,
AQAU LUNG AMERICA,2340 COUSTEAU COURT,VISTA,CA,92081,CWA,No,,
AQUA SERVICE ENGINEERS,13560 COLOMBARD COURT,FONTANA,CA,92337,CWA,No,,
AQUA TECH WATERJET,1009 E CHESTNUT AVE,SANTA ANA,CA,92701,CWA,No,,
AQUA TRI,501 DOUBLEDAY,ONTARIO,CA,91761,CWA,No,,
AQUAJET ART,382 ENTERPRISE STREET #105,SAN MARCOS,CA,92078,CWA,No,,
AQUAPULSE CHEMICALS,1230 E 5TH STREET,OXNARD,CA,93030,CWA,No,09/11/2019,
AQUARIAN DRUMHEADS.COM,1140 N TUSTIN AVE,ANAHEIM,CA,92807,CWA,No,,
AQUARIUS MARINE,9384 FROST MAR PL,SAN DIEGO,CA,92121,CWA,No,,
AQUATIC HERBICIDE APPLICATION LAGUNA DE SANTA ROSA,NOT APPLICABLE,NOT APPLICABLE,CA,00000,CWA,No,,
AQUATIC PESTICIDE/WEED CONTROL,32353 WEST TRIUNFO CANYON,WESTLAKE VILLAGE,CA,91361,CWA,No,,
AQUATIC PESTICIDE/WEED CONTROL,NOT APPLICABLE,THOUSAND OAKS,CA,00000,CWA,No,,
AQUATIC PESTICIDE/WEED CONTROL,29033 LAKE VISTA,AGOURA,CA,91301,CWA,No,,
AQUATIC PESTICIDE/WEED CONTROL,800 VICTORIA,VENTURA,CA,93009,CWA,No,,
AQUATIC PESTICIDES - VECTOR,NOT APPLICABLE,NOT APPLICABLE,CA,00000,CWA,No,,
AQUATIC PESTICIDES - VECTOR,NOT APPLICABLE,NOT APPLICABLE,CA,00000,CWA,No,,
AQUATIC PESTICIDES - VECTOR-ORANGE COUNTY,NOT APPLICABLE,NOT APPLICABLE,CA,00000,CWA,No,,
AQUATIC PESTICIDES FOR WEED CONTROL,POINT MUGU AND PORT HUENEME TIDAL CANALS,POINT MUGU,CA,00000,CWA,No,,
AQUATIC PESTICIDES- VECTOR CONTROL,NOT APPLICABLE,NOT APPLICABLE,CA,00000,CWA,No,,
AQUIFER RECLAMATION WELLS,15 LOCATIONS- FREMONT NEWARK,FREMONT,CA,94536,CWA,No,03/22/2007,
ARA AUTOMATED FINISHING,1286 ANVILWOOD AVE,SUNNYVALE,CA,94089,CWA,No,,
ARAMARK,330 CHESTNUT ST,OAKLAND,CA,94607,CWA,No,09/18/2006,
ARANDA TOOLING,15301 SPRINGDALE ST,HUNTINGTON BEACH,CA,92649,CWA,No,,
ARASTRADERO ROAD,ARASTRADERO ROAD AT ALPINE ROAD,PORTOLA VALLEY,CA,94028,CWA,No,,
ARBOR RANCH,POINSETTIA AVENUE AND LINDA VISTA DRIVE,SAN MARCOS,CA,92078,CWA,No,12/14/2009,
ARBUCKLE WS,NOT APPLICABLE,ARBUCKLE,CA,95912,CWA,No,,
ARC DOCUMENT SOLUTIONS,171 E THOUSAND OAKS BLVD SUITE 108,THOUSAND OAKS,CA,91360,CWA,No,03/12/2019,
ARC DOCUMENT SOLUTIONS,171 E THOUSAND OAKS BLVD,THOUSAND OAKS,CA,91360,CWA,Yes,09/26/2024,
ARC PLASTICS,14010 SHOEMAKER AVE,NORWALK,CA,90650,CWA,No,08/07/2019,
ARC SAN DIEGO,1200 4TH AVE,SAN DIEGO,CA,92101,CWA,No,,
ARCADIA CITY WS,11800 GOLDRING ROAD PO BOX 60021,ARCADIA,CA,91066,CWA,No,,
ARCADIA HIGH SCHOOL,234 CAMPUS DR,ARCADIA,CA,91007,CWA,No,,
ARCATA DIVISION SAWMILL,2593 NEW NAVY BASE ROAD,ARCATA,CA,95521,CWA,No,01/11/2012,
ARCATA EUREKA AIRPORT,1106 2ND ST,EUREKA,CA,95501,CWA,No,,
ARCATA FOREST PRODUCTS,105 ALDER GROVE ROAD,ARCATA,CA,95521,CWA,No,,
ARCATA RESOURCE RECOVERY,1445 10TH ST,ARCATA,CA,95521,CWA,No,,
ARCATA SCRAP  SALVAGE,192 S G ST,ARCATA,CA,95521,CWA,No,,
ARCATA WWTF,736 F ST.,ARCATA,CA,95521,CWA,No,12/07/2017,
ARCATA WWTF,600 SOUTH G STREET,ARCATA,CA,95521,CWA,Yes,04/02/2026,
ARCH MEDICAL SOLUTIONS,950 BORRA PL,ESCONDIDO,CA,92029,CWA,No,09/01/2021,
ARCHER DANIELS MIDLAND SPECIALTY COMMODITIES,861 PERFORMANCE DR.,STOCKTON,CA,95206,CWA,No,,
ARCHIBALD RANCH,13838 SOUTH ARCHIBALD,ONTARIO,CA,91761,CWA,No,,
ARCHITECTURAL CAST STONE,3239 BANCROFT DR.,SPRING VALLEY,CA,91977,CWA,No,08/07/2020,
ARCHITECTURAL CAST STONE AKA MODERN STAIRWAYS,3239 BANCROFT DRIVE,SPRING VALLEY,CA,91977,CWA,No,09/29/2021,
ARCHITECTURAL CATHODE LIGHTING,5301 PACIFIC BOULEVARD,HUNTINGTON PARK,CA,90255,CWA,No,06/21/2018,
ARCHITECTURAL FACADES UNLIMIT,600 E LUCHESSA AVE,GILROY,CA,95020,CWA,No,,
ARCHITECTURAL MILLWORK,121 LEE RD,WATSONVILLE,CA,95076,CWA,No,11/12/2024,
ARCHITECTURAL MILLWORK & DESIGN,121 LEE ROAD,WATSONVILLE,CA,95076,CWA,No,11/12/2024,
ARCHITECTURAL MILLWORK SOLUTIONS INCORPORATED,900 ARMORLITE DRIVE,SAN MARCOS,CA,92069,CWA,No,,
ARCHSTONE PRESIDIO VIEW,1SPECTRUM POINTE225,LAKE FOREST,CA,92630,CWA,No,,
"ARCO #1956, DEWATERING",26001LA PAZ,MISSION VIEJO,CA,00000,CWA,No,,
ARCO AMPM,27900 DATE PALM DRIVE,CATHEDRAL CITY,CA,92234,CWA,No,,
ARCO AMPM,48055 GRAPEFRUIT BLVD,COACHELLA,CA,92236,CWA,No,,
ARCO AMPM AND RETAIL CENTER,1801 TO 1823 E BRUNDAGE LANE,BAKERSFIELD,CA,93301,CWA,No,,
ARCO SS #423 REMEDIATION,12109WOODSIDE,LAKESIDE,CA,92040,CWA,No,,
ARCO SS #423 REMEDIATION,12109WOODSIDE,LAKESIDE,CA,92040,CWA,No,,
ARCO SS#1851 REMED,13292 HIGHWAY 8 BUSINESS,LAKESIDE,CA,92040,CWA,No,,
ARCOHE UNION SCHOOL DISTRICT,11755 IVIE RD,HERALD,CA,95638,CWA,No,01/09/2020,
ARCOSA LIGHTWEIGHT,17410 E LOCKWOOD VALLEY RD,FRAZIER PARK,CA,93225,CWA,No,03/11/2020,
ARD EEVIN RESIDENCES,1732 AND 1740 ARD EEVIN AVENUE,GLENDALE,CA,91202,CWA,No,,
ARDAGH METAL PACKAGING,2433 CROCKER CIRCLE,FAIRFIELD,CA,94533,CWA,No,,
ARDEN AREA WS,NOT APPLICABLE,SACRAMENTO,CA,95825,CWA,No,,
ARDEN ENGINEERING,1878 N MAIN ST,ORANGE,CA,92865,CWA,No,07/30/2019,
ARDEN ENGINEERING DBA VERUS AEROSPACE,3130 MIRALOMA AVENUE,ANAHEIM,CA,92865,CWA,Yes,06/06/2018,
ARDEN WS,NOT APPLICABLE,SACRAMENTO,CA,95864,CWA,No,,
ARDENT MILLS,1200 PUTMAN AVE,YUBA CITY,CA,95991,CWA,No,10/14/2019,
ARDENT MILLS,1200 PUTMAN AVE,YUBA CITY,CA,95991,CWA,Yes,06/14/2023,
ARDENT MILLS,2020 E STEEL RD,COLTON,CA,92324,CWA,No,,
ARDEX STOCKTON PLANT,2612 STATION DRIVE,STOCKTON,CA,95215,CWA,No,,
ARE 3535 3565 GENERAL ATOMICS COURT,3535 GENERAL ATOMICS COURT,SAN DIEGO,CA,92037,CWA,No,,
AREA B STOCKPILE,6101 HARRISON AVE,CORONA,CA,92880,CWA,No,,
ARENA AT AGUA CALIENTE,400 E. AMADO ROAD,PALM SPRINGS,CA,92262,CWA,No,,
ARENAL SURFBOARDS,1362 TOWER SQUARE,VENTURA,CA,93003,CWA,Yes,05/16/2024,
ARENAS INDUSTRIAL FINISHING,962  N 10TH ST.,SAN JOSE,CA,95112,CWA,No,,
AREVALO TORTILLERIA INCORPORATED,1537 WEST MINES AVENUE,MONTEBELLO,CA,90640,CWA,Yes,,
ARGENT HIBISCUS - VPABS821O,1290 SAN PABLO AVE.,RODEO,CA,94572,CWA,No,06/03/2025,
ARGENT MATERIALS,8300 BALDWIN STREET,OAKLAND,CA,94621,CWA,No,03/21/2017,
ARGENT MATERIALS RECYCLE YARD,8300 BALDWIN ST,OAKLAND,CA,94621,CWA,No,,
ARGON ST,2810 BUNSEN AVE,VENTURA,CA,93004,CWA,No,,
ARGON ST,2810 BUNSEN AVE,VENTURA,CA,93004,CWA,Yes,,
ARIANA SWEETS,4461  PERALTA BOULEVARD.,FREMONT,CA,94536,CWA,No,,
ARIE WEEDA,16475 S BRENNAN RD,ESCALON,CA,95320,CWA,No,01/30/2008,
ARIGOLD JUICE PRODUCTS,355 N JOY ST,CORONA,CA,92879,CWA,No,,
ARION GLOBAL,1734 TYLER AVE,SOUTH EL MONTE,CA,91733,CWA,No,,
ARIS HELICOPTERS,1965 AVIATION DRIVE # F,CORONA,CA,92880,CWA,No,,
ARIS NATURAL FOODS,1232 WEST 135TH STREET,GARDENA,CA,90249,CWA,No,11/26/2019,
ARISTE USED AUTO BODY PARTS & WRECKING,1538 E OPP ST,WILMINGTON,CA,90744,CWA,No,02/14/2018,
ARISTE USED AUTO BODY PARTS & WRECKING,1538 E OPP ST,WILMINGTON,CA,90744,CWA,No,09/17/2021,
ARIVINYL METAL LAMINATORS,233 N SHERMAN AVE,CORONA,CA,92882,CWA,No,,
ARIZA GLOBAL FOODS INCORPORATED,7602 JACKSON STREET,PARAMOUNT,CA,90723,CWA,No,04/05/2023,
ARIZONA CALIFORNIA RAILROAD,UNKNOWN,UNKNOWN,CA,00000,CWA,No,,
ARKEMA,19206 HAWTHORNE BLVD,TORRANCE,CA,90503,CWA,No,06/01/2018,
ARLEN COLLISON,2624 E 125TH ST,COMPTON,CA,90222,CWA,No,08/01/2018,
ARLINGTON WELL,5109 ARLINGTON,LOS ANGELES,CA,90043,CWA,No,,
ARLINGTON WELL,5109 ARLINGTON,LOS ANGELES,CA,90043,CWA,No,04/28/2023,
ARLINGTON YARD,6095 INDUSTRIAL STREET,RIVERSIDE,CA,92504,CWA,No,05/24/2022,
ARLON EMD,9433 HYSSOP DRIVE,RANCHO CUCAMONGA,CA,91730,CWA,Yes,,
ARM AUTO DISMANTLER,3391 FITZGERALD RD UNIT C,RANCHO CORDOVA,CA,95742,CWA,No,10/25/2018,
ARMANDO GONZALEZ,9926 PROCTOR VALLEY RD,CHULA VISTA,CA,91914,CWA,No,,
ARMANDO'S CUTTING SERVICE,2454 57TH STREET,HUNTINGTON PARK,CA,90255,CWA,No,06/19/2018,
ARMC SANTA MONICA,1620 19TH STREET,SANTA MONICA,CA,90404,CWA,No,02/21/2019,
ARMIDA WINERY,2201 WESTSIDE ROAD,HEALDSBURG,CA,91739,CWA,No,,
ARMSTRONG WS,NOT APPLICABLE,NOT APPLICABLE,CA,00000,CWA,No,,
ARNOLD GONSALVES ENGINEERING,5731 CHINO AVE,CHINO,CA,91710,CWA,No,,
ARNOLD MAGNETICS,841 AVENIDA ACASO,CAMARILLO,CA,93012,CWA,No,03/01/2018,
ARNOLD S AUTO,864 VALLEJO AVE,NOVATO,CA,94945,CWA,No,01/09/2023,
AROMA NATURALS,13767 MILROY PLACE,SANTA FE SPRINGS,CA,90670,CWA,Yes,07/09/2025,
ARREDONDO MANUFACTURING,2984 1ST STREET,LA VERNE,CA,91750,CWA,No,07/09/2018,
ARRIBAS BROS,1431 S VERNON,ANAHEIM,CA,92805,CWA,No,,
ARRIS COMPOSITES,710 BANCROFT WAY,BERKELEY,CA,94710,CWA,No,08/05/2021,
ARRIVE HOTEL,1551 NORTH PALM CANYON,PALM SPRINGS,CA,92262,CWA,No,,
ARROW ENGINEERING,4946 AZUSA CANYON ROAD,IRWINDALE,CA,91706,CWA,Yes,02/20/2025,
ARROW MACHINE INDUSTRIES,340 VERNON WAY SUITE E,EL CAJON,CA,92020,CWA,No,06/02/2022,
ARROW MACHINING,1130 N KRAEMER BLVD,ANAHEIM,CA,92806,CWA,No,,
ARROW STATION,4974 ARROW HIGHWAY,MONTCLAIR,CA,91763,CWA,No,,
ARROW WELL REHABILITATION,5120 LANTE,BALDWIN PARK,CA,91706,CWA,No,,
ARROWHEAD BRASS  PLUMBING,5142 ALHAMBRA AVE,LOS ANGELES,CA,90032,CWA,No,,
ARROWHEAD MOUNTAIN ROAD,19664 ARROWHEAD MOUNTAIN RD,SONOMA,CA,95476,CWA,No,,
ARROWHEAD PRODUCTS,4411 KATELLA AVE,LOS ALAMITOS,CA,90720,CWA,Yes,,
ARROWOOD WINERY,14347 HWY 12,GLEN ELLEN,CA,95442,CWA,No,,
ARROYO CONEJO N. FORK OF UPSTREAM OF KEATS AVE. PROJECT,"EAST OF KEATS AVE, BETWEEN  SIRIUS AND TENNYSON S",THOUSAND OAKS,CA,93009,CWA,No,,
ARROYO CRAFTSMAN LIGHTING,4509 LITTLE JOHN STREET,BALDWIN PARK,CA,91706,CWA,No,02/02/2018,
ARROYO GRANDE PRODUCED WRF,1821 PRICE CANYON ROAD,SAN LUIS OBISPO,CA,93401,CWA,Yes,04/04/2013,
ARROYO SIMI SOUTH BANK RESTORATION,"UPSTREANM OF MADERA RD, ALONG DISTRICT'S ACCESS R",SIMI VALLEY,CA,93065,CWA,No,,
ARROYO SIMI STABILIZER REPLACEMENT DOWNSTREAM OF LETA YANCY,SOUTH TERMINUS OF LETA YANCY ROAD AT ARROYO SIMI,MOORPARK,CA,93021,CWA,No,,
ARROYO TRUCK,9101 GLENOAKS BLVD,SUN VALLEY,CA,91352,CWA,No,,
ART AND FRAMING SOLUTIONS,4250 MORENA BLVD B,SAN DIEGO,CA,92117,CWA,No,,
ART LASER ENGRAVING,445 W GARFIELD AVE STE 6,GLENDALE,CA,91204,CWA,No,12/06/2019,
ART VENEGAS DAIRY - EUCLID,13835 EUCLID,ONTARIO,CA,91762,CWA,Yes,07/22/2019,
ARTEK MANUFACTURING,901 LANE AVENUE,CHULA VISTA,CA,91914,CWA,No,,
ARTEMIS VOYAGER - VPBE6317G,841 CHEVRON WAY,RICHMOND,CA,94801,CWA,No,06/05/2025,
ARTESA WINERY,1345 HENRY RD,NAPA,CA,94559,CWA,No,,
ARTESIAN RD AND RIO VISTA RD,ARTESIAN RD AND RIO VISTA RD,SAN DIEGO,CA,92127,CWA,No,05/23/2019,
ARTFUL EXPRESSION AUTO INTERIORS,"2705 NORTH TOWNE AVENUE, D",POMONA,CA,91767,CWA,No,,
ARTHUR R. WILSON QUARRY,END OF QUARRY ROAD,AROMAS,CA,95004,CWA,Yes,07/31/2024,212313
ARTHUR VITORIA DIARY,14018 CROWS LANDING RD,CROWS LANDING,CA,95313,CWA,No,01/14/2009,
ARTIFICIAL GRASS RECYCLERS,1980 S RIVER RD,WEST SACRAMENTO,CA,95691,CWA,No,04/26/2023,
ARTISAN BRONZE,1850 SUNKIST CIR STE B,OXNARD,CA,93033,CWA,No,,
ARTISAN COVE,901 MARINA WAY SOUTH,RICHMOND,CA,94804,CWA,No,,
ARTISAN RNCH,WICHITA & KIAMICHI ROADS,APPLE VALLEY,CA,92307,CWA,No,,
ARTISAN STONE TILE WORKS,3319 W HARVARD AVE,SANTA ANA,CA,92704,CWA,No,06/18/2018,
ARTISTAS PALLETS,14040 SLOVER AVENUE,FONTANA,CA,92334,CWA,No,,
ARTISTIC IRON WORKS,542 EAST EDAN PLACE,COVINA,CA,91723,CWA,No,08/26/2019,
ARTISTIC SILVER PLATING,2344 ORANGE AVE,SIGNAL HILL,CA,90755,CWA,No,08/26/2010,
ARTS AUTO SALVAGE,11163 TUXFORD ST,SUN VALLEY,CA,91352,CWA,No,11/05/2021,
ARTS AUTO WRECKING,2440 DURFEE AVE,EL MONTE,CA,91732,CWA,No,,
ARTS WOODWORKER,2911 E MIRALOMA AVE,ANAHEIM,CA,92806,CWA,No,,
ARTSOLUTE MEDIA GROUP,1130 COINER COURT,CITY OF INDUSTRY,CA,91748,CWA,No,08/17/2023,
ARTURO'S AUTOBODY & PAINT,1407 W HOLT AVE,POMONA,CA,91768,CWA,No,,
ARUNDELL BARRANCA HYDRAULIC DEFICIENCY IMPROVEMENT,1750 ARUNDELL,VENTURA,CA,93003,CWA,No,,
ARVIN WWTP,P.O. BOX 665,ARVIN,CA,93203,CWA,No,12/31/2024,
ARYZTA FRESH START BAKERIES,1220 S BAKER AVE,ONTARIO,CA,91761,CWA,No,,
ARYZTA NEWARK,6500 OVERLAKE PLACE,NEWARK,CA,94560,CWA,No,,
AS MATCH DYEING,2522 E 37TH ST,LOS ANGELES,CA,90058,CWA,No,12/23/2019,
ASAP CUSTOM CABINETS,202 GREENFIELD DR # D,EL CAJON,CA,92020,CWA,No,,
ASC PROCESS SYSTEMS,28402 LIVINGSTON AVE,VALENCIA,CA,91355,CWA,Yes,12/02/2022,
ASC PROFILES,2110 ENTERPRISE BLVD,WEST SACRAMENTO,CA,95691,CWA,No,02/28/2020,
ASCENCION VILLA,1414 DESCANSO AVENUE SUITE F,SAN MARCOS,CA,92069,CWA,No,,
ASCO,1749 STERGIOS RD,CALEXICO,CA,92231,CWA,No,12/22/2022,
ASCO METALS,13014 LOS NIETOS RD,SANTA FE SPRINGS,CA,90670,CWA,Yes,,
ASCON LANDFILL SITE,21641 MAGNOLIA ST,HUNTINGTON BEACH,CA,92646,CWA,No,,
ASDF,ASDF,BABCOCK CROSSING,CA,32412,CWA,No,,
ASEPTIC SOLUTION USA,484 ALCOA CIRCLE,CORONA,CA,92880,CWA,No,08/27/2024,
ASH SLOUGH AT RD 9,22648ROAD 9,MADERA,CA,00000,CWA,No,,
ASH SOIL AMENDMENT PALO CEDRO,345 SAXONY ROAD SUITE 201,ENCINITAS,CA,92024,CWA,No,,
ASHBURY GRAPHITE,2855 FRANKLIN CANYON RD,RODEO,CA,94572,CWA,Yes,,
ASHES & DIAMONDS WINERY,4130 HOWARD LANE,NAPA,CA,94558,CWA,No,05/01/2024,
ASHES AND DIAMONDS WINERY,4130 HOWARD LANE,NAPA,CA,94558,CWA,No,,
ASHLAN HMA,3570 W ASHLAN AVE,FRESNO,CA,93722,CWA,No,,
ASHMORES AUTOWRECKING,2586 S UNION AVENUE,BAKERSFIELD,CA,93307,CWA,No,,
ASHO AUTO SALES,7310 POGO ROW SPACE #41,SAN DIEGO,CA,92154,CWA,No,06/18/2019,
ASIA GENERAL CONTRACTORS,7624 MAIE AVENUE,LOS ANGELES,CA,90001,CWA,No,12/02/2019,
ASIAN AUTO RECYCLING,3565 RECYCLE RD,RANCHO CORDOVA,CA,95670,CWA,No,09/06/2005,
ASIAN AUTO RECYCLING,3569 RECYCLE RD UNIT 6,RANCHO CORDOVA,CA,95742,CWA,No,10/04/2017,
ASIAN AUTO RECYCLING,3569 RECYCLE RD,RANCHO CORDOVA,CA,95742,CWA,No,08/08/2019,
ASIAN AUTO RECYCLING,3569 RECYCLE  RD SUIT 6,RANCHO CORDOVA,CA,CA,CWA,No,06/02/2020,
ASIAN ORNAMENTAL IRON,489  REYNOLDS CIR.,SAN JOSE,CA,95112,CWA,No,04/19/2019,
ASK AUTO DISMANTLERS,14717 WHITTRAM AVE,FONTANA,CA,92335,CWA,No,,
ASP,33 TECHNOLOGY DRIVE,IRVINE,CA,92618,CWA,Yes,,
ASPAN WELL,220 NORTH ASPAN,AZUSA,CA,91702,CWA,No,,
ASPEN 6,9939 JACKSON ROAD,SACRAMENTO,CA,95864,CWA,No,,
ASPEN CREEK PROPERTIES,1009 MARTIS LNDG,TRUCKEE,CA,96161,CWA,No,,
ASPEN VI - STORMWATER DISCH,"JACKSON HWY, 1/2 MI E BRADSHAW",SACRAMENTO,CA,00000,CWA,No,04/10/2001,
ASPHALT COATINGS ENGINEERING,851 H ST,WASCO,CA,93280,CWA,No,,
"ASPHALT ROOFING MFG, LA",1632 NORTH SAN PABLO ST,LOS ANGELES,CA,90033,CWA,No,06/28/2000,
ASPHALT SHINGLE RECYCLERS,5900 COLISEUM WY,OAKLAND,CA,94621,CWA,Yes,,
ASPIRE APARTMENTS,PAVILLION PARKWAY AT ROBERTSON DRIVE,TRACY,CA,95304,CWA,No,,
ASSEMBLE,1414 HARBOR WAY S,RICHMOND,CA,94804,CWA,No,,
ASSISTED LIVING VILLAGE,6709 WALNUT AVE,ORANGEVALE,CA,95662,CWA,No,01/18/2019,
ASSOCIATED AEROSPACE ACTIVITIES,2502 WILLIAMS ST,SAN LEANDRO,CA,94577,CWA,No,,
ASSOCIATED AEROSPACE ACTIVITIES,2502 WILLIAMS STREET,SAN LEANDRO,CA,945773194,CWA,No,02/09/2010,
ASSOCIATED CONCRETE PRODUCTS,4301MAC ARTHUR,SANTA ANA,CA,92704,CWA,No,,
ASSOCIATED PLATING,9636 ANN STREET,SANTA FE SPRINGS,CA,90670,CWA,No,02/26/2020,
ASSOCIATED READY MIX,2730 E WASHINGTON,LOS ANGELES,CA,90023,CWA,No,12/08/2023,
ASSOCIATED READY MIX CONCRETE,392 DEL NORTE BLVD,OXNARD,CA,93030,CWA,No,10/25/2019,
ASSOCIATED READY MIXED CONC,8946 BRADLEY AVE,SUN VALLEY,CA,91352,CWA,Yes,07/16/2024,
ASSOCIATED READY MIXED CONC LA,2730 E WASHINGTON BLVD,LOS ANGELES,CA,90023,CWA,No,,
ASSOCIATED READY MIXED CONCRETE,9645 WASHBURN RD,DOWNEY,CA,90241,CWA,Yes,12/18/2019,
ASSOCIATED READY MIXED CONCRETE,8946 BRADLEY AVENUE,SUN VALLEY,CA,91352,CWA,No,12/07/2015,
ASSOCIATED READY MIXED CONCRETE,6851 E AVENUE T,LITTLEROCK,CA,93543,CWA,No,,
ASSOCIATED READY MIXED CONCRETE,18030 MOUNT WASHINGTON ST,FOUNTAIN VALLEY,CA,92708,CWA,No,,
ASSOCIATED READY MIXED CONCRETE,1696 CACTUS RD,SAN DIEGO,CA,92154,CWA,No,,
ASSOCIATED READY MIXED FOOTHIL,25901 TOWNE CENTRE DR,FOOTHILL RANCH,CA,92610,CWA,Yes,07/25/2022,
ASSOCIATED STORAGE MIRAMAR,9434 KEARNY MESA RD.,SAN DIEGO,CA,92126,CWA,No,,
ASSOCIATED TAGLINE,1504 HWY 183,SALINAS,CA,93907,CWA,Yes,,
ASSOCIATED TRACTOR SERVICE,1323 W CHARTER WAY,STOCKTON,CA,95206,CWA,Yes,12/18/2018,
ASSURED AGGREGATES,520 CRAZY HORSE CANYON RD  A,SALINAS,CA,93907,CWA,No,04/12/2023,
ASSURED AGGREGATES RECYCLING,3096 IMJIN ROAD,MARINA,CA,93933,CWA,No,,
ASTECH ENGINEERED PRODUCTS,3030 RED HILL AVENUE,SANTA ANA,CA,92705,CWA,No,09/12/2008,332812
ASTI REMANUFACTURING PLANT,26800 ASTI ROAD,CLOVERDALE,CA,95425,CWA,No,,
ASTI WINERY,26150 ASTI ROAD,CLOVERDALE,CA,95425,CWA,No,,
ASTOR MANUFACTURING,779 ANITA STREET UNIT B,CHULA VISTA,CA,91911,CWA,No,07/13/2023,
ASTORIA BAY VPAB4911O,31/F ONE ISLAND SOUTH 2 HEUNG YIP ROAD WONG CHUK H,HONG KONG,CA,85200,CWA,No,,
ASTORIA METALS HUNTERS PT,"HUNTERS PT FACILITY, BLDG 36",SAN FRANCISCO,CA,94124,CWA,No,04/17/2003,
ASTRO AEROSPACE,6338 LINDMAR DRIVE,GOLETA,CA,93117,CWA,No,,
ASTRO AEROSPACE,6384 VIA REAL,CARPINTERIA,CA,93015,CWA,No,,
ASTRO ALUMINUM,11040 PALMER AVE,SOUTH GATE,CA,90280,CWA,No,,
ASTRO AUTO PARTS,527 EAST MILL STREET,SAN BERNARDINO,CA,92408,CWA,No,,
ASTRO AUTO PARTS,527 E MILL ST,SAN BERNARDINO,CA,92408,CWA,Yes,,
ASTRO AUTO PARTS,527 E MILL STEET,SAN BERNARDINO,CA,92408,CWA,No,,
ASTRO AUTO WRECKING,1002 N SCHLEY AVE,WILMINGTON,CA,90744,CWA,No,,
ASTRO AUTO WRECKING,1002 N SCHLEY AVE,WILMINGTON,CA,90744,CWA,No,,
ASTRO CONVERTERS,155 MATA WAY,SAN MARCOS,CA,92069,CWA,No,,
ASTRONIC INCORPERATED,2 ORION,ALISO VIEJO,CA,92656,CWA,No,07/30/2018,
ASTROPHYSICS ONTARIO,1220 WANAMAKER AVENUE,ONTARIO,CA,91761,CWA,No,,
AT & T/STATEWIDE UTILITY GP,NOT APPLICABLE,SUSANVILLE,CA,00000,CWA,No,,
AT&T FACILITIES UNDER THE GENERAL UTILITIES PERMIT,NOT APPLICABLE,REDDING,CA,00000,CWA,No,,
AT&T PF NET FIBER OPTIC PROJECT,LINEAR PROJECT,ORANGE,CA,00000,CWA,No,,
AT&T STATEWIDE CABLE SYSTEM,NOT APPLICABLE,NOT APPLICABLE,CA,00000,CWA,No,,
AT&T UTILITY VAULT,VARIOUS LOCATIONS,SAN DIEGO,CA,00000,CWA,No,,
AT&T UTILITY VAULT DISCHARGES,REGION WIDE,NOT APPLICABLE,CA,00000,CWA,No,,
AT&T UTILITY VAULTS,NOT APPLICABLE,NOT APPLICABLE,CA,00000,CWA,No,,
ATALON WINERY,3299 BENNETT LN,CALISTOGA,CA,94515,CWA,No,,
ATASCADERO COLONY HERITAGE CENTER,6105 CAPISTRANO AVENUE,ATASCADERO,CA,93423,CWA,Yes,01/25/2023,
ATASCADERO UNIFIED SCHOOL DISTRICT,7125 SANTA LUCIA RD,ATASCADERO,CA,93422,CWA,No,,
ATASCADERO WASTE ALTERNATIVES,7675 SAN LUIS AVE,ATASCADERO,CA,93422,CWA,No,,
ATASCADERO WS,NOT APPLICABLE,NOT APPLICABLE,CA,93422,CWA,No,,
ATASCADERO WWTP,6500 PALMA AVENUE,ATASCADERO,CA,93422,CWA,No,,
ATB,3019 TANAGER AVENUE,COMMERCE,CA,90040,CWA,No,,
ATCHESON EXPRESS,1590 S ARCHIBALD AVE,ONTARIO,CA,91761,CWA,Yes,,
ATCO RUBBER PRODUCTS SACRAMENTO,1701 DIESEL DRIVE,SACRAMENTO,CA,95838,CWA,No,04/19/2023,
ATD - AMERICAN TIRE DISTRIBUTORS,19900 SOUTH SUSANA ROAD,RANCHO DOMINGUEZ,CA,90221,CWA,No,06/15/2018,
ATECH MANUFACTURING SOLUTIONS,1530  OAKLAND RD.,SAN JOSE,CA,95112,CWA,No,,
ATERING FACILITIES,UNKNOWN,IRVINE,CA,00000,CWA,No,,
ATG ELECTRONICS,10588 MONTE VISTA,MONTCLAIR,CA,91763,CWA,No,,
ATHENS PENDLETON MRF,11121 PENDELTON ST,SUN VALLEY,CA,91352,CWA,Yes,03/08/2022,
ATHENS SERVICES,9189 DE GARMO AVENUE,SUN VALLEY,CA,91352,CWA,No,,
ATHENS SERVICES LOPEZ CANYON,12221 LOPEZ CANYON ROAD,SYLMAR,CA,91342,CWA,No,02/20/2019,
ATHENS SERVICES MONTAGUE,12303 MONTAGUE ST,PACOIMA,CA,91331,CWA,No,12/04/2019,
ATHENS SERVICES PEORIA,11266 PEORIA ST,SUN VALLEY,CA,91352,CWA,No,,
ATHENS SERVICES RIVERSIDE,687 IOWA AVENUE,RIVERSIDE,CA,92507,CWA,No,03/07/2019,
ATHENS SERVICES SALT LAKE,15045 SALT LAKE AVE,LA PUENTE,CA,91746,CWA,No,06/04/2025,
ATHENS SERVICES SANTA PAULA,905 CORPORATION ST,SANTA PAULA,CA,93060,CWA,No,02/04/2025,
ATHENS SERVICES TORRANCE,1301 WEST 228TH STREET,TORRANCE,CA,90501,CWA,No,06/06/2025,
ATHENS SERVICES VALLEY MRF,14048 VALLEY BLVD,LA PUENTE,CA,91746,CWA,No,,
ATHENS SERVICES VAN NORMAN,127 VAN NORMAN RD,MONTEBELLO,CA,90640,CWA,Yes,,
ATHENS SERVICES VINCENT,5355 VINCENT AVE,IRWINDALE,CA,91706,CWA,Yes,10/03/2019,
ATHERTON,ANZA ROAD AND EL CHIMISAL ROAD,TEMECULA,CA,92592,CWA,No,,
ATHERTON PLAZA,5500 EAST ATHERTON,LONG BEACH,CA,90815,CWA,No,03/24/2023,
ATHLETIC EDUCATION AND FITNESS COMPLEX NEW STADIUM,16007 CRENSHAW BOULEVARD,TORRANCE,CA,90506,CWA,No,,
ATKINSON CONSTRUCTION,18201 VON KARMEN AVENUE,VALENCIA,CA,92612,CWA,No,03/27/2019,
ATLANTIC HERO VPAAK295O,6 SKOUZE ST,PIRAEUS,CA,18536,CWA,No,,
ATLANTIC HORIZON VPAAK298O,6 SKOUZE ST.,PIRAEUS,CA,18536,CWA,No,,
ATLANTIS VPAAM506R,98 WATER ST,WOODS HOLE,MA,2543,CWA,No,,
ATLAS IRON  METAL,10019 S ALAMEDA ST,LOS ANGELES,CA,90002,CWA,Yes,02/13/2025,
ATLAS MARBLE & GRANITE,27643  INDUSTRIAL BLVD.,HAYWARD,CA,94545,CWA,No,,
ATLAS METAL CUTTING,6344 DALE ST,BUENA PARK,CA,90621,CWA,No,03/28/2018,
ATLAS METAL CUTTING INCORPORATED,6344 DALE STREET,BUENA PARK,CA,90621,CWA,No,,
ATLAS ORNAMENTAL IRON WORKS,2510 EAST 52ND STREET,HUNTINGTON PARK,CA,90255,CWA,No,07/08/2025,
ATLAS PEAK,1055 ATLAS PEAK ROAD,NAPA,CA,94558,CWA,Yes,,
ATLAS PUMPING SERVICE,12740 VIGILANTE RD,LAKESIDE,CA,92040,CWA,No,,
ATLAS SPECIALITY PRODUCTS BLUE GUM SITE,2299 E WINSTON RD,ANAHEIM,CA,92806,CWA,No,,
ATLAS SPECIALITY PRODUCTS WINSTON SITE,2299 E WINSTON RD,ANAHEIM,CA,92806,CWA,No,,
ATLAS SPECIALTY PRODUCTS,2299 E WINSTON RD,ANAHEIM,CA,92806,CWA,No,11/15/2017,
ATLAS SPECIALTY PRODUCTS BLUE GUM SITE,1331 BLUE GUM,PLACENTIA,CA,CA,CWA,No,03/29/2018,
ATLAS SPECIALTY PRODUCTS WINSTON SITE,2299 EAST WINSTON ROAD,ANAHEIM,CA,CA,CWA,No,02/21/2018,
ATLAS STORAGE CENTERS,4511 RIVIERA SHORES STREET,SAN DIEGO,CA,92154,CWA,No,,
ATLAS TRANSFER,992 A RANCHEROS DR,SAN MARCOS,CA,92065,CWA,No,09/11/2020,
ATLAS TRANSFER  STORAGE,13026 STOWE DR,POWAY,CA,92064,CWA,No,,
ATLAS WOOD PRODUCTS,6904 CACTUS RD,SAN DIEGO,CA,92154,CWA,Yes,,
ATLAS WOOD PRODUCTS,8075 SIEMPRE VIVA ROAD,SAN DIEGO,CA,92154,CWA,No,,
ATMOST PRECISION,11625 ANABEL AVE,GARDEN GROVE,CA,92843,CWA,No,,
ATN HOLDING INCORPORATED,3810 WABASH DRIVE,MIRA LOMA,CA,91752,CWA,No,,
ATN HOLDING INCORPORATED,3810 WABASH DRIVE,MIRA LOMA,CA,91752,CWA,No,,
ATSI,2885 SCOTT STREET,VISTA,CA,92081,CWA,No,,
ATSMA-CAMERON DAIRY,5811 E LACEY BLVD.,HANFORD,CA,93230,CWA,No,11/16/2004,
ATT RECYCLE DBA LEO RECYCLE,215 LEO AVE,SAN JOSE,CA,95112,CWA,No,,
ATWATER ELEMENTARY SCHOOL DISTRICT,1850 JUNIPER AVE,ATWATER,CA,95301,CWA,No,,
ATWATER MERCED EXPRESSWAY SR99 INTERCHEANGE,STATION 189 TO STATION 253,ATWATER,CA,95301,CWA,No,,
ATWATER REGIONAL WASTEWATER TREATMENT FACILITY,530 SOUTH BERT CRANE ROAD,ATWATER,CA,95301,CWA,No,02/15/2019,
ATWATER REGIONAL WASTEWATER TREATMENT PLANT,530 S BERT CRANE RD,ATWATER,CA,95301,CWA,No,,
ATWATER REGIONAL WWTF,530 SOUTH BERT CRANE,ATWATER,CA,95340,CWA,Yes,11/02/2022,
ATWATER WWTF,750 BELLVUE ROAD,ATWATER,CA,95301-2898,CWA,No,12/05/2017,
ATWATER WWTF,550 COMMERCE RD,ATWATER,CA,95301,CWA,No,03/26/2010,
"ATWATER, CITY OF",750 BELLEVUE ROAD,ATWATER,CA,95301,CWA,No,,
ATWOOD SALES,719 S LAKEVIEW AVE,PLACENTIA,CA,92870,CWA,No,,
AUBERRY DEBRIS MANAGEMENT SITE,32180 AUBERRY ROAD,AUBERRY,CA,93602,CWA,No,,
AUBERRY TDSR,32180 AUBERRY ROAD,AUBERRY,CA,93602,CWA,No,,
AUBERT WINEGROWING INCORPORATED,333 SILVERADO TRAIL,CALISTOGA,CA,94515,CWA,No,,
AUBURN BOWMAN WS,NOT APPLICABLE,AUBURN,CA,95603,CWA,No,,
AUBURN CITY AIRPORT,13666 NEW AIRPORT ROAD,AUBURN,CA,95603,CWA,No,,
AUBURN FOLSOM ROAD WIDENING NORTH PHASE,AUBURN FOLSOM ROAD,GRANITE BAY,CA,95746,CWA,No,,
AUBURN RECYCLING AND SCRAP METALS,350 SACRAMENTO STREET,AUBURN,CA,95603,CWA,No,,
AUBURN WWTP,P.O. BOX 6071,AUBURN,CA,95604-6071,CWA,No,,
AUBURN WWTP,10441 OPHIR RD,AUBURN,CA,95603,CWA,No,06/16/2015,
AUBURN WWTP,10441 OPHIR,AUBURN,CA,95603,CWA,No,,
AUBURN WWTP,10441 OPHIR RD,AUBURN,CA,95603,CWA,Yes,,
AUGUSTINE METALS,2021 W PLACENTIA,COLTON,CA,92324,CWA,No,08/24/2021,
AURORA CASTING  ENGINEERING,1790 LEMONWOOD,SANTA PAULA,CA,93060,CWA,No,04/18/2018,
AURORA CASTING & ENGINEERING,1790 E LEMONWOOD DR,SANTA PAULA,CA,93060,CWA,No,04/18/2018,
AURORA LAS ENCINAS HOSPITAL,2900 EAST DEL MAR BOULEVARD,PASADENA,CA,91107,CWA,No,01/23/2019,111998
AUSD JIM LEAHY MAINTENANCE YARD,35 W SAINT JOSEPH ST,ARCADIA,CA,91007,CWA,No,05/09/2024,
AUSTAL USA BOATYARD,1313 BAY MARINA,NATIONAL CITY,CA,91950,CWA,No,,
AUTHENTIC FOODS,1850 WEST 169TH STREET SUITE B,GARDENA,CA,90247,CWA,No,,
AUTIN RD LF GROUNDWATER TRMT,2069 AUSTIN ROAD,STOCKTON,CA,95213,CWA,No,04/26/2000,
AUTO  GLASS,748 NORHT MISSION ROAD,LOS ANGELES,CA,90033,CWA,No,,
AUTO ALEX,11007 TUXFORD,SUN VALLEY,CA,91352,CWA,No,11/29/2017,
AUTO BODY PAINT,918 EAST 1ST STREET,POMONA,CA,91768,CWA,No,12/20/2017,
AUTO CHLOR SYSTEM,3400 THOMAS RD,SANTA CLARA,CA,95054,CWA,Yes,,
AUTO DEPOT SALVAGE,9501 S ALAMEDA ST,LOS ANGELES,CA,90002,CWA,No,10/07/2021,
AUTO DEPOT SALVAGE,9501 SOUTH ALAMEDA STREET,LOS ANGELES,CA,90002,CWA,No,06/06/2018,
AUTO DETAIL AND TINTING,1229 WEST HOLT AVENUE,POMONA,CA,91768,CWA,No,12/12/2017,
AUTO DISCOUNT CENTER,10861 1/2 VANOWEN STREET,NORTH HOLLYWOOD,CA,91605,CWA,No,,
AUTO FOX RECYCLERS,42255 6TH ST EAST,LANCASTER,CA,93535,CWA,No,,
AUTO PARTS,20134 ACCIDENTS LN,REDDING,CA,96003,CWA,No,,
AUTO PARTS FOR LESS,11134 TUXFORD ST,SUN VALLEY,CA,91352,CWA,No,10/09/2020,
AUTO PARTS LAB,16666 SMOKETREE STREET UNIT B,HESPERIA,CA,92345,CWA,No,,
AUTO PARTS PLEX,7677 ALAMEDA AVE,LOS ANGELES,CA,90001,CWA,No,,
AUTO REPAIR,1227 WEST HOLT AVENUE,POMONA,CA,91768,CWA,No,12/12/2017,
AUTO REPAIR DISMANTLER,1848 E 57TH ST,LOS ANGELES,CA,90058,CWA,No,,
AUTO TECH,2542 LEE AVENUE,SOUTH EL MONTE,CA,91733,CWA,No,,
AUTO TRANSPORT AND STORAGE,8850 PASEO DE LA FUENTE,SAN DIEGO,CA,92154,CWA,No,,
AUTOBAHN,642 WEST MAPLE STREET,SAN DIEGO,CA,92103,CWA,No,,
AUTOGATOR ROSEVILLE,1961 PFE RD,ROSEVILLE,CA,95747,CWA,No,,
AUTOHUB DISMANTLER,3131 SANKEY RD SHOP 28,PLEASANT GROVE,CA,95668,CWA,No,09/06/2022,
AUTOMATION MANAGERS,757 NORTH CONEY AVNUE,AZUSA,CA,91702,CWA,No,,
AUTOMOTIVE AND RICHNESS TRANSPORT,511 OHLONE PARKWAY,WATSONVILLE,CA,95076,CWA,No,,
AUTOMOTIVE FORMS,4061 CALLE TESORO,CAMARILLO,CA,93012,CWA,No,,
AUTOMOTIVE RACING PRODUCTS,250 QUAIL CT,SANTA PAULA,CA,93060,CWA,No,06/17/2025,
AUTOMOTIVE REPAIR YARD,805 WEST HOLT AVENUE,POMONA,CA,91768,CWA,No,12/12/2017,
AUTOMOTIVE RICHNESS & AUTO,516 DOLAN ROAD,MOSS LANDING,CA,91362,CWA,No,,
AUTOMOTIVE RICHNESS AND TRANSPORT,123 LEE ROAD,WATSONVILLE,CA,95076,CWA,No,,
AUTON MOTORIZED SYSTMS,24856 AVENUE ROCKEFELLER,VALENCIA,CA,91355,CWA,No,08/07/2018,
AUTOPOWER INDUSTRIES,3424 PICKETT ST,SAN DIEGO,CA,92110,CWA,No,,
AUTOZONE CROSSROADS 395,14287 HWY 395,VICTORVILLE,CA,92301,CWA,No,,
AUTOZONE ONTARIO DISTRIBUTION CENTER,1800 S WINEVILLE RD,ONTARIO,CA,91761,CWA,No,,
AUTUMN PARKWAY EXTENSION PH1,AUTUMN PARKWAY BETWEEN COLEMAN AVE AND WEST JULIAN,SAN JOSE,CA,95110,CWA,No,,
AUTUMN PRESS,945 CAMELIA STREET,BERKELEY,CA,94710,CWA,No,,
AUTUMN TERRACE,34684 BELLA VISTA,YUCAIPA,CA,92399,CWA,No,04/22/2020,
AV MACHINE SHOP,710  W JULIAN ST.,SAN JOSE,CA,95126,CWA,No,,
AV TRANSIT AUTHORITY,42210 6TH STREET WEST,LANCASTER,CA,93534,CWA,No,,
AV WELDING,150 S HARBOR BLVD,SANTA ANA,CA,92704,CWA,No,,
AVA HOLLYWOOD,6677 SANTA MONICA,LOS ANGELES,CA,90038,CWA,No,,
AVALANCHE TRUCK  VAN,916 E SLAUSON AVE,LOS ANGELES,CA,90011,CWA,No,,
AVALON,ROCKLIN ROAD AT S GROVE STREET,ROCKLIN,CA,95677,CWA,No,,
AVALON BAY FIREWORKS DISPLAY,NOT APPLICABLE,AVALON,CA,90704,CWA,No,,
AVALON CHEMTRANS,14700 S AVALON BLVD,ROSEWOOD,CA,90248,CWA,No,03/15/2024,
AVALON DUBLIN STATION II,5201 IRONHORSE PARKWAY,DUBLIN,CA,94568,CWA,No,,
AVALON FREIGHT SERVICES,40 PEBBLY BEACH ROAD,AVON,CA,90704,CWA,No,,
AVALON HOMES,"GREEN VALLEY ROAD, END OF IT",FREMONT,CA,00000,CWA,No,,
AVALON HUNTINGTON BEACH LOFTS,7400 CENTER AVENUE,HUNTINGTON BEACH,CA,92647,CWA,No,07/24/2018,
AVALON SURFACE MINE SMP 206,2565 AVALON ST,RUBIDOUX,CA,92509,CWA,No,,
AVALON WEST HOLLYWOOD,7302 SANTA MONICA BOULEVARD,WEST HOLLYWOOD,CA,90046,CWA,No,,
AVALON WWTF,123 PEBBLY BEACH ROAD,AVALON,CA,90704,CWA,Yes,06/05/2024,
AVALON WWTP,410 AVALON CANYON RD.,AVALON,CA,90704,CWA,No,,
AVALON WWTP,123 PEBBLY BEACH RD,AVALON,CA,92618,CWA,No,06/24/2025,
AVANTI BUILDING 8,23500 PARK SORRENTO,CALABASAS,CA,91302,CWA,No,,
AVDA AUCTION,7331 LAUREL CANYON BLVD,NORTH HOLLYWOOD,CA,90605,CWA,No,,
AVELINA,1142 MESCAL STREET,PERRIS,CA,92582,CWA,No,,
AVENAL LANDFILL,201 HYDRIL ROAD,AVENAL,CA,93204,CWA,No,,
AVENAL WWTP,919 SKYLINE BLVD.,AVENAL,CA,93204,CWA,No,,
AVENSOLE WINERY,34567 RANCHO CALIFORNIA ROAD,TEMECULA,CA,92592,CWA,No,,
AVENUE 416 EL MONTE WAY WIDENING PROJECT,AVENUE 416,DINUBA,CA,93618,CWA,No,,
AVIATION EQUIPMENT PROCESSING,1571 MACARTHUR BLVD,COSTA MESA,CA,92626,CWA,Yes,09/16/2019,
AVIATION REPAIR SOLUTIONS,1480 CANAL AVENUE,LONG BEACH,CA,90813,CWA,No,,
AVIATION STATION,AVIATION BLVD,EL SEGUNDO,CA,90245,CWA,No,,
AVIATION WELDING,"25011 AVENUE STANFORD, UNIT A",SANTA CLARITA,CA,91355,CWA,No,09/27/2018,
AVID BIOSERVICES,14282 FRANKLIN AVE,TUSTIN,CA,92780,CWA,No,03/12/2019,
AVID BIOSERVICES,14191 MYFORD RD,TUSTIN,CA,92780,CWA,No,10/29/2019,
AVILA BEACH CSD WWTP,2850 AVILA BEACH DR,AVILA BEACH,CA,93424,CWA,Yes,05/14/2024,
AVILA BEACH PIPELINE,10 SAN RAFAEL STREET,AVILA BEACH,CA,93424,CWA,No,,
AVILA BEACH PIPELINE,AVILA BEACH,AVILA BEACH,CA,93424,CWA,No,,
AVILA SURFBOARDS,3060 INDUSTRY ST SUITE 103,OCEANSIDE,CA,92054,CWA,No,04/02/2024,
"AVILA, ARNALDO PL",8178 PARADISE RD,MODESTO,CA,95358,CWA,No,09/18/1997,
AVITA MEDICAL AMERICAS,3007 BUNSEN AVENUE,VENTURA,CA,93003,CWA,No,06/27/2023,
AVK INDUSTRIAL PRODUCTS,25323 RYE CANYON ROAD,VALENCIA,CA,91355,CWA,No,,
AVO PIC MFG,854 B RANCHEROS DR,SAN MARCOS,CA,92069,CWA,No,,
AVOS AUTO WRECKING,711 ALPHA ST,DUARTE,CA,91010,CWA,No,,
AVRITEK,650 GATEWAY CENTER WAY,SAN DIEGO,CA,92102,CWA,No,,
AVTA BUS GARAGE,42210 6TH ST W,LANCASTER,CA,93554,CWA,No,,
AVX FILTERS,11144 PENROSE ST STE 7,SUN VALLEY,CA,91352,CWA,No,,
AWESOME SAUCE,222 FAKE STREET,SAN DIMAS,CA,95616,CWA,No,,
AWNING MATRIX,325 WEST MAIN STREET,ONTARIO,CA,91762,CWA,No,,
AXELGAARD MANUFACTURING,520 INDUSTRIAL WAY,FALLBROOK,CA,92028,CWA,No,,
AXIUM PLASTICS,5701 CLARK STREET,ONTARIO,CA,91761,CWA,Yes,09/14/2021,
AXSYS TECHNOLOGIES GENERAL DYNAMICS,7603 SAINT ANDREWS AVE,SAN DIEGO,CA,92154,CWA,No,,
AXYGEN,33210 CENTRAL AVENUE,UNION CITY,CA,94587,CWA,No,,
AYALA MATERIAL SERVICES,1677 S MAIN ST,MILPITAS,CA,95035,CWA,No,,
AYMAR ENGINEERING,9434 ABRAHAM WAY,SANTEE,CA,92071,CWA,No,,
AYRES HOTEL,2700 BUENA VISTA DRIVE,PASO ROBLES,CA,93446,CWA,No,,
AZ 6222,ROAD 128 AND DAWSON AVENUE,OROSI,CA,93647,CWA,No,,
AZ AUTO DISMANTLER,7006 MCCOMBER STREET,SACRAMENTO,CA,95828,CWA,No,,
AZEVEDO & NUNES DAIRY,1904 EDMINSTER RD,STEVINSON,CA,95374,CWA,No,04/30/1998,
AZEVEDO DAIRY,HILLMAR AREA,HILMAR,CA,95324,CWA,No,02/10/2000,
AZODIN PAINTBALL,667 BREA CANYON ROAD UNIT 26,DIAMOND BAR,CA,91789,CWA,No,,
AZTEC AUTO WRECKING,760 N MISSION ROAD,LOS ANGELES,CA,90033,CWA,No,,
AZTEC CONTAINERS,2600 SOUTH SANTA FE AVE,VISTA,CA,92084,CWA,No,,
AZTEC CONTAINERS,14022 SLOVER  AVENUE,FONTANA,CA,92335,CWA,No,,
AZTECA AUTO DISMANTLE,722 E LODI AVE,LODI,CA,95240,CWA,No,06/13/2024,
AZTECO BODY,905 WEST 2ND STREET,POMONA,CA,91768,CWA,No,12/20/2017,
AZULE INDUSTRIES,1057 COMMERCIAL STREET,SAN JOSE,CA,00000,CWA,No,,
AZURELITE,2301 E GLADWICK STREET,RANCHO DOMINGUEZ,CA,9022,CWA,Yes,09/13/2022,
AZUSA LIGHT AND WATER WS,729 NORTH AZUSA AVENUE,AZUSA,CA,91702,CWA,No,,
AZUSA PIPE & TUBE BENDING,766 NORTH TODD AVE,AZUSA,CA,91702,CWA,No,03/09/2020,
AZUSA ROCK,3901 FISH CANYON RD,AZUSA,CA,91016,CWA,No,,
AZUSA SCHOOL DISTRICT,546 S CITRUS AVE,AZUSA,CA,91702,CWA,No,,
AZUSA TRANSFER STATION  MRF,1501 W GLADSTONE ST,AZUSA,CA,91702,CWA,No,03/13/2024,
B  B PALLET,439 E CARLIN AVE,COMPTON,CA,90222,CWA,No,08/25/2017,
B & A TOWING,"PIER 68, PO BOX 410145",SAN FRANCISCO,CA,94141,CWA,No,09/09/2010,
B & C MACHINE,"28310 AVENUE CROCKER, UNIT D",SANTA CLARITA,CA,91355,CWA,No,07/18/2018,
B & F MODERN MANUFACTURING,2000 S YALE ST,SANTA ANA,CA,92704,CWA,No,07/30/2018,
B & G DAIRY,29401 ROAD 68,VISALIA,CA,93291,CWA,No,11/16/2004,
B & L ENGINEERING,1901 E CARNEGIE AVE,SANTA ANA,CA,92705,CWA,No,,
B & M LAWN & GARDEN CENTER,2801 E MIRALOMA AVE,ANAHEIM,CA,92806,CWA,No,,
B & S PALLETS,9518 REDWOOD,FONTANA,CA,92335,CWA,No,,
B & W CUSTOM RESTAURANT EQUIPMENT,541 E JAMIE,LA HABRA,CA,90631,CWA,No,09/29/2020,
B & W CUSTOM RESTAURANT EQUIPMENT,541 E JAMIE AVE,LA HABRA,CA,90631,CWA,No,11/19/2018,
B & Z PRINTING,3433 W HARVARD AVE,SANTA ANA,CA,92704,CWA,No,,
B 1 AUTO WRECKING,9651 S ALAMEDA ST,LOS ANGELES,CA,91010,CWA,No,,
B AND B AUTO PARTS,75860 BASELINE RD,TWENTYNINE PALMS,CA,92277,CWA,No,,
B AND B STABLES,10730EASTARTESIA,CERRITOS,CA,90703,CWA,No,,
B AND D INNOVATIVE TOOLS,1416 S RITCHEY ST,SANTA ANA,CA,92705,CWA,No,07/30/2018,
B AND D LITHO CALIFORNIA,325 N PONDEROSA AVE,ONTARIO,CA,91761,CWA,No,,
B AND P AUTO DISMANTLER AUTO REPAIR BODY SHOP,10832 KADOTA AVE,MONTCLAIR,CA,91763,CWA,Yes,,
B AND R ENGINEERING,1230 EAST EDNA PLACE,COVINA,CA,91722,CWA,No,09/10/2019,
B CELLARS WINERY,703 OAKVILLE CROSS ROAD,OAKVILLE,CA,94562,CWA,No,,
B FACTOR,4525 INDUSTRIAL STREET #4H,SIMI VALLEY,CA,93063,CWA,No,,
B K B AUTOMOTIVE COSMETICS,13400 SATICOY ST,NORTH HOLLYWOOD,CA,91605,CWA,No,,
B&A HEALTH PRODUCTS,925 W LAMBERT RD,BREA,CA,92821,CWA,No,02/21/2019,
B&D TOOLS,1416 S RITCHEY ST,SANTA ANA,CA,92705,CWA,No,,
B&G HOUSE OF PRINTING,1825 W 169TH STREET,GARDENA,CA,90247,CWA,No,01/22/2018,
B&G MILLWORKS,12522 LAKELAND ROAD,SANTA FE SPRINGS,CA,90670,CWA,No,04/09/2025,
B&R AUTO WRECKING,2815 FEATHER RIVER BLVD,OROVILLE,CA,96035,CWA,No,12/14/2022,
B&R AUTO WRECKING,7980 STATE HIGHWAY 99W,GERBER,CA,96035,CWA,No,03/16/2021,
B-LINE EXPORT,1275 MEADOW CREST DR,SOUTH LAKE TAHOE,CA,96150,CWA,No,,
B2 AUTO DISMANTLER,245 LEO AVE,SAN JOSE,CA,95112,CWA,No,,
B2 AUTO DISMANTLERS,245  LEO AVE.,SAN JOSE,CA,95122,CWA,No,05/15/2019,
B800,4010 OCEAN RANCH BOULEVARD,OCEANSIDE,CA,92056,CWA,No,,
BA ALCOA PLANT,4700 ALCOA AVENUE,VERNON,CA,90058,CWA,No,03/16/2023,
BA DISTRICT PLANT,4525 DISTRICT BOULEVARD,VERNON,CA,90058,CWA,No,06/19/2025,
BA DONUT PLANT & DISTRIBUTION WAREHOUSE,4820 E 50TH STREET,VERNON,CA,90058,CWA,No,03/16/2023,
BAAS FARMS,1320 BALDWIN ROAD,OJAI,CA,93023,CWA,No,,
BABAI GRADING,101 PURE WATER LANE,HIGHLAND,CA,92346,CWA,No,,
BABBITT BEARING,1170 N 5TH ST,SAN JOSE,CA,95112,CWA,No,,
BABS FORK OF KIDDER CREEK,UNKNOWN,UNKNOWN,CA,00000,CWA,No,,
BABYLON APARTMENTS,360 SOUTH DETROIT,LOS ANGELES,CA,90010,CWA,No,01/25/2022,
BACHOC DAIRY#1,13331 S WALKER,ONTARIO,CA,91761,CWA,No,11/30/2011,
BACK HAWK AUTO BODY,266SOSCOL AVE,NAPA,CA,94559,CWA,No,,
BACK NINE GREENS,15551 RED HILL AVE,TUSTIN,CA,92780,CWA,No,,
BACK UP POWER PLANT,14455 STATE HIGHWAY 16,BROOKS,CA,95606,CWA,No,,
BADGE & PASS OFFICE,513 WILSON STREET,VALLEJO,CA,94590,CWA,No,,
BADIRAGUATO CORES,3101 E 11TH ST,LOS ANGELES,CA,90023,CWA,No,01/29/2024,
BADLANDS SANITARY LANDFILL,31125 IRONWOOD AVENUE,MORENO VALLEY,CA,92388,CWA,No,,
BAE SYSTEMS IMAGING SOLUTIONS,1841 ZANKER ROAD,SAN JOSE,CA,95112,CWA,No,,
BAE SYSTEMS LAND AND ARMAMENTS CHULA VISTA,1650 INDUSTRIAL BLVD,CHULA VISTA,CA,91911,CWA,No,09/30/2022,
BAE SYSTEMS MARITIME SOLUTIONS SAN DIEGO FACILITY,2205 EAST BELT,SAN DIEGO,CA,92113,CWA,No,09/17/2024,
BAE SYSTEMS PLATFORMS & SERVICES,6331 SAN IGNACIO AVENUE,SAN JOSE,CA,95119,CWA,No,,
BAE SYSTEMS SF SHIP REPAIR,FOOT OF 20TH ST,PIER 70,CA,94120,CWA,No,11/17/2011,
BAE SYSTEMS WEAPONS SUPPORT,155 WEST 35TH STREET,NATIONAL CITY,CA,91950,CWA,No,,
BAEHWAWON,4740 E HUNTER AVE,ANAHEIM,CA,92807,CWA,No,,
BAGHOUSE INDUSTRIAL,1731 POMONA RD,CORONA,CA,92880,CWA,No,09/07/2021,
BAGMASTERS,1160 CALIFORNIA AVE,CORONA,CA,92881,CWA,No,,
BAHN MOTORWORKS,12229 WOODRUFF AVENUE,DOWNEY,CA,90241,CWA,No,08/13/2019,
BAHNER ENGINEERING,3725 OLD CONEJO RD,THOUSAND OAKS,CA,91320,CWA,No,07/10/2023,
BAID POLISH,1170 N BLUE GUM ST,ANAHEIM,CA,92806,CWA,No,,
BAILEIGH INDUSTRIAL,1455 SOUTH CAMPUS AVENUE SUITE A,ONTARIO,CA,91761,CWA,No,,
BAILEY SUBDIVISION,N END OF CUYAMACA ST & THE WESTERN END O,SANTEE,CA,92071,CWA,No,,
BAILY VINEYARD AND WINERY,33440 LA SERENA WAY,TEMECULA,CA,92591,CWA,No,,
BAIROS BROS DAIRY,3037 ALBERS RD,MODESTO,CA,95357,CWA,No,09/18/1997,
BAIROS RECYCLING,2788 S ORANGE AVENUE,FRESNO,CA,93725,CWA,No,02/14/2019,
BAJA AUTO WRECKING 2,1320 OTAY VALLEY RD,SAN DIEGO,CA,92154,CWA,Yes,,
BAJA FURNITURE,4570 BROOKS STREET,MONTCLAIR,CA,91763,CWA,No,11/19/2019,
BAJA SILKSCREEN,7554 FAY AVE,LA JOLLA,CA,92037,CWA,No,,
BAJAS AUTO WRECKING,1218 OTAY VALLEY RD,SAN DIEGO,CA,92154,CWA,Yes,,
BAKEMARK USA,7351 CRIDER AVENUE,PICO RIVERA,CA,90660,CWA,No,,
BAKEMARKUSA,7351 CRIDER AVE,PICO RIVERA,CA,90660,CWA,Yes,02/25/2025,
BAKER,815 825 W FRONT ST,COVINA,CA,91722,CWA,No,09/11/2019,
BAKER AUTO WRECKING,1678 GREEN ISLAND RD,AMERICAN CANYON,CA,94503,CWA,No,,
BAKER BATCH PLAMT,58500 W BAKER BLVD,BAKER,CA,92309,CWA,No,,
BAKER CANYON GREEN RECYCLING,26986 BAKER CANYON RD,SILVERADO,CA,92676,CWA,Yes,,
BAKER COMMODITIES,4020 BANDINI BLVD,VERNON,CA,90058,CWA,No,,
BAKER COMMODITIES,"PIER D., BERTH 30",LONG BEACH,CA,90802,CWA,No,05/15/2007,
BAKER COMMODITIES,4020 BANDINI BLVD,VERNON,CA,90058,CWA,No,,
BAKER COMMODITIES,PIER 92 ISLAND CREEK,SAN FRANCISCO,CA,94111,CWA,No,,
BAKER CREEK QUARRY,1200 SECTIONS 14 22 23 T5S R2E HM,WHITETHORN,CA,95589,CWA,Yes,08/07/2019,
BAKER FURNACE,2680 ORBITER ST,BREA,CA,92821,CWA,No,,
BAKER FURNACE,2680 ORBITER ST,BREA,CA,92821,CWA,No,,
BAKER FURNACE,2680 ORBITER STREET,BREA,CA,92821,CWA,No,,
BAKER FURNACE,2680 ORBITER ST,BREA,CA,92821,CWA,No,,
BAKER FURNACE,2680 ORBITER STREET,BREA,CA,92821,CWA,No,10/29/2019,
BAKER FURNACE,2680 ORBITER STREET,BREA,CA,92821,CWA,No,09/29/2020,
BAKER FURNACE,3780 PROSPECT AVE,YORBA LINDA,CA,92886,CWA,No,,
BAKER HUGHES CENTRILIFT,5421 ARGOSY AVE,HUNTINGTON BEACH,CA,92649,CWA,No,,
BAKER HUGHES OIL TOOLS,15421 ASSEMBLY LN,HUNTINGTON BEACH,CA,92649,CWA,No,,
BAKER HUGHES OOI,3901 FANUCCHI WAY E,SHAFTER,CA,93263,CWA,No,,
BAKER HUGHES OOI,1127 CARRIER PARKWAY,BAKERSFIELD,CA,93308,CWA,No,,
BAKER PETROLITE,265 QUAIL CT,SANTA PAULA,CA,93060,CWA,Yes,,
BAKER PETROLITE,19433 COLOMBO ST,BAKERSFIELD,CA,93308,CWA,No,,
BAKER PETROLITE,11808 S BLOOMFIELD AVE,SANTA FE SPRINGS,CA,90670,CWA,No,,
BAKER RANCH,BAKE PARKWAY AND DIMENSION,LAKE FOREST,CA,00000,CWA,No,,
BAKER RANCH PA6,SOUTHWEST CORNER OF ALTON PARKWAY AND MONARCH INTE,LAKE FOREST,CA,92630,CWA,No,,
BAKER RANCH PA7,SOUTHEAST CORNER OF ALTON PARKWAY AND COMMERCENTRE,LAKE FOREST,CA,92630,CWA,No,,
BAKER STREET VILLAGE PHASE 1,1006 BAKER STREET,BAKERSFIELD,CA,93305,CWA,No,,
BAKERSFIELD,700 SUMNER STREET,BAKERSFIELD,CA,93305,CWA,No,,
BAKERSFIELD AND KERN COUNTY MS4,CENTRAL VALLEY,BAKERSFIELD,CA,9000,CWA,No,12/03/2009,
BAKERSFIELD ASPHALT,8517 PANAMA LN,BAKERSFIELD,CA,93311,CWA,No,,
BAKERSFIELD CENTENNIAL CORRIDOR 58 AND 99,EB 58 TO SB 99 CONNECTOR,BAKERSFIELD,CA,93309,CWA,No,,
BAKERSFIELD COURTHOUSE,510 19TH STREET,BAKERSFIELD,CA,93301,CWA,No,,
BAKERSFIELD CRUDE TERMINAL,2710 SANTIAGO ROAD,TAFT,CA,93268,CWA,No,,
BAKERSFIELD DC,6320 DISTRICT BLVD,BAKERSFIELD,CA,93313,CWA,No,,
BAKERSFIELD DH BLACK GOLD,1102 BLACK GOLD RD,BAKERSFIELD,CA,93308,CWA,No,,
BAKERSFIELD DOWNING WSS,7300 DOWNING AVE,BAKERSFIELD,CA,93308,CWA,No,,
BAKERSFIELD FOUR SEASONS CARRERA FRESCO PATINA,PALADINO & MASTERSON,BAKERSFIELD,CA,92553,CWA,No,,
BAKERSFIELD TERMINAL,1201 CHINA GRADE LOOP,BAKERSFIELD,CA,93308,CWA,No,,
BAKERSFIELD WELLCHEK INSPECTION TUBOSCOPE,7102 DOWNING AVE,BAKERSFIELD,CA,93308,CWA,No,,
BAKERSFIELD WTP #2,1700M E PLANZ RD,BAKERSFIELD,CA,93313,CWA,No,07/13/2011,
BAKERSFIELD WWTP #3,8101 ASHE RD,BAKERSFIELD,CA,93313,CWA,No,07/13/2011,
BAKERSFIELD WWTP 2,1700 EAST PLANZ RD.,BAKERSFIELD,CA,93307,CWA,No,12/31/2019,
BAKERSFIELD WWTP 3,6901 MCCUTCHEN ROAD,BAKERSFIELD,CA,93313,CWA,No,12/31/2020,
BAKERSFIELD YARD,18835 HIGHWAY 65,BAKERSFIELD,CA,93308,CWA,Yes,,
BAL TEC,5425 PACIFIC BOULEVARD,HUNTINGTON PARK,CA,90255,CWA,No,02/13/2018,
BALANCE FROM,9177 CENTER AVENUE,RANCHO CUCAMONGA,CA,91730,CWA,Yes,,
BALBOA BOATYARD,2414 NEWPORT BLVD,NEWPORT BEACH,CA,92663,CWA,No,02/13/2019,
BALD HILLS QUARRY,PM 22 80 STATE HIGHWAY 1,MANCHESTER,CA,95459,CWA,Yes,08/15/2019,
BALDA,4501 EAST WALL STREET,ONTARIO,CA,91761,CWA,No,,
BALDA,1825 CORPORATE CENTRE DRIVE,OCEANSIDE,CA,92056,CWA,No,,
BALDI BROTHERS,201 CALIFORNIA AVE,BEAUMONT,CA,92223,CWA,Yes,,
BALDWIN PARK SCH DIST,3699 HOLLY AVE,BALDWIN PARK,CA,91706,CWA,No,01/09/2023,
BALDWIN PARK TRANSIT CENTER PARKING STRUCTURE,14403 EAST PACIFIC AVENUE,BALDWIN PARK,CA,91706,CWA,No,02/15/2022,
BALLAST POINT BREWING  SPIRITS,10051 OLD GROVE ROAD,SAN DIEGO,CA,92121,CWA,No,,
BALLAST POINT LITTLE ITALY,2215 INDIA STREET,SAN DIEGO,CA,92101,CWA,No,,
BALLAST POINT LONG BEACH,110 MARINA DR,SAN DIEGO,CA,90803,CWA,No,,
BALLONA CREEK AND CENTINELA CREEK LOS ANGELES COUNTY,NOT APPLICABLE,ALHAMBRA,CA,91803,CWA,No,,
BALSAM MEADOWS HYDRO PROJECT,NOT APPLICABLE,SHAVER LAKE,CA,93664,CWA,Yes,06/28/2024,
"BALSAM MEADOWS HYDROELECTRIC PROJECT, EASTWOOD POWERHOUSE",45795 TOLLHOUSE RD,FRESNO,CA,93664,CWA,No,05/08/2013,
BALTIMORE AIRCOIL GW CLEANUP,158 E BROADWAY AVE,ATWATER,CA,95301,CWA,No,,
BALVERNE WINERY,10810 HILLVIEW ROAD,WINDSOR,CA,95492,CWA,No,,
BANDIT AUTO WORKS,969 W STATE STREET UNIT H AND I,ONTARIO,CA,91762,CWA,No,,
BANG PRINTING,28210 NORTH AVENUE STANFORD,VALENCIA,CA,91355,CWA,No,,
BANGOR QUARRY,5522 LAPORTE RD,BANGOR,CA,96099,CWA,No,,
BANISTER IRON WORKS,540 ENTERPRISE STREET,ESCONDIDO,CA,92029,CWA,No,,
BANISTER IRON WORKS,540 ENTERPRISE STREET,ESCONDIDO,CA,92029,CWA,No,01/08/2025,
BANKS TECHNOLOGIES,505 SOUTH DUGGAN AVENUE,AZUSA,CA,91702,CWA,No,,
BANNER MOUNTAIN WS,NOT APPLICABLE,NEVADA CITY,CA,95959,CWA,No,,
BANNERS OF AMERICA,601 SOUTH 6TH STREET,CITY OF INDUSTRY,CA,91746,CWA,No,12/07/2017,
BANNERS OF AMERICA,601 S 6TH AVE,LA PUENTE,CA,91746,CWA,No,,
BANNING MUNICIPAL AIRPORT,200 S HATHAWAY ST,BANNING,CA,92220,CWA,No,01/31/2019,
BANNING RECYCLING,284 SOUTH 8TH STREET,BANNING,CA,92517,CWA,No,01/16/2019,
BANNING WWTP,2242 E. CHARLES ST.,BANNING,CA,92220,CWA,No,02/05/2018,
BANNOCK AVE NEIGHBORHOOD STREETSCAPE ENHANCEMENTS,CLAIREMONT MESA BLVD AND BANNOCK AVE EAST AND WEST,SAN DIEGO,CA,92117,CWA,No,,
BAR NONE AUCTION,4751 POWER INN ROAD,SACRAMENTO,CA,95826,CWA,No,12/10/2019,
BAR NONE AUCTION,4510 MUTH WAY,JURUPA VALLEY,CA,92509,CWA,No,,
BAR NONE AUCTION SACRAMENTO,4751 POWER INN RD,SACRAMENTO,CA,95826,CWA,Yes,,
BAR ONE RANCH AGGREGATE MINE,ST RTE 49 NEAR CTY RD A 24,VINTON,CA,96135,CWA,No,06/07/2018,
BARBEE VALVE & SUPPLY,745 MAIN STREET,CHULA VISTA,CA,91911,CWA,No,06/14/2022,
BARCELLUS MEDICAL PLAZA,502 E BARCELLUS,SANTA MARIA,CA,93454,CWA,No,,
BARCLAY III,LOCAN AND NEES AVE,CLOVIS,CA,93619,CWA,No,,
BARGETTO WINERY,3535 N MAIN ST,SOQUEL,CA,95073,CWA,Yes,05/29/2025,
BARKENS HARDCHROME,239 E GREENLEAF BLVD,COMPTON,CA,90220,CWA,No,,
BARLYN INCORPORATED,2745 NORTH LOCUST AVENUE,RIALTO,CA,92377,CWA,Yes,05/20/2020,
BARNETT TOOL  ENGINEERING,2238 PALMA DR,VENTURA,CA,93003,CWA,No,,
BARNETT VINEYARDS,4070 SPRING MOUNTAIN RD,SAINT HELENA,CA,94574,CWA,No,,
BARR ESTATE WINERY,6950 UNION ROAD,PASO ROBLES,CA,93446,CWA,No,,
BARRELHOUSE BREWING,3055 LIMESTONE WAY,PASO ROBLES,CA,93446,CWA,No,,
BARREN RIDGE SWITCHING STATION EXPANSION,PINE TREE CANYON ROAD,CALIFORNIA CITY,CA,93505,CWA,No,,
BARRETT RANCH MULTI FAMILY APARTMENTS,4850 ANTELOPE ROAD,ANTELOPE,CA,95843,CWA,No,,
BARRINGTON,SOUTH OF SUNSET ROAD AT GARIN PARKWAY,BRENTWOOD,CA,94513,CWA,No,,
BARRIOS CORES,1922 E 64TH ST,HUNTINGTON PARK,CA,90001,CWA,Yes,07/23/2025,
BARRON PRECISION,2049 S HELLMAN AVE STE E,ONTARIO,CA,91761,CWA,No,04/02/2018,
BARROSO BROS DAIRY,6930 E LE GRANDE,MERCED,CA,95340,CWA,No,04/28/1998,
BARRY CALLEBAUT,1175 COMMERCE BLVD STE D,AMERICAN CANYON,CA,94503,CWA,Yes,06/07/2019,
BARSTOW BATCH PLANT,2700 E MAIN ST,BARSTOW,CA,92311,CWA,No,,
BARSTOW COLLEGE,2700 BARSTOW RD,BARSTOW,CA,92311,CWA,No,11/14/2018,
BARSTOW COMMUNITY HOSPITAL,555 SOUTH SEVENTH AVENUE,BARSTOW,CA,92311,CWA,No,05/24/2018,
BARSTOW COMMUNITY HOSPITAL,555 SOUTH SEVENTH AVENUE,BARSTOW,CA,92311,CWA,No,06/29/2011,
BARSTOW DAGGETT AIRPORT,39500 NATIONAL TRAILS HWY APT,DAGGETT,CA,92327,CWA,No,,
BARSTOW SANITARY LANDFILL,32553 BARSTOW RD,BARSTOW,CA,92311,CWA,No,04/23/2019,
BARSTOW WASTEWATER TREATMENT PLANT,2200 RIVERSIDE DRIVE,BARSTOW,CA,92311,CWA,No,,
BARSTOW WWTF,220 EAST MOUNTAIN VIEW SUITE A,BARSTOW,CA,92311,CWA,No,,
"BARSTOW, CA",512 BARSTOW RD,FORT IRWIN,CA,92311,CWA,No,,
BART,1101 13TH STREET,RICHMOND,CA,94801,CWA,No,08/28/2007,
BART,POTERO ST,EL CERRITO,CA,00000,CWA,No,,
BART ANTIOCH SHOP,1780 SUNSET DRIVE,ANTIOCH,CA,94509,CWA,No,,
BART MANUFACTURING,3787 SPINNAKER COURT,FREMONT,CA,94538,CWA,No,,
BART OAC MAINTENANCE FACILITY,70 HEGENBERGER ROAD,OAKLAND,CA,94621,CWA,No,,
BARTOLO SQUARE N ST. & UTILITY IMPROV PRJ. PHASE 1,2076 J ST.,LOS ANGELES,CA,93030,CWA,No,12/01/2009,
BARTON INSTRUMENT SYSTEMS,900TURNBULL CANYON,CITY OF INDUSTRY,CA,91749,CWA,No,,
BARTON RD  & MT. VERNON AVE,NWC BARTON RD & MT. VERNON AVE,GRAND TERRACE,CA,92313,CWA,No,05/07/2019,
BARTS AUTO WRECKING,15140 ARROW HIGHWAY,BALDWIN PARK,CA,91706,CWA,No,,
BARTS IRON DESIGN,25825 LAS VEGAS AVENUE,CAPISTRANO BEACH,CA,92624,CWA,No,07/15/2020,
BASALITE CONCRETE PRODUCTS DIXON,605 INDUSTRIAL WAY,DIXON,CA,95620,CWA,No,01/16/2020,
BASALT CANYON GEOTHERMAL PROJECT,1000 SAWMILL CUTOFF RD,MAMMOTH LAKES,CA,93546,CWA,No,,
BASAW MENDOZA,7300 VARNA AVE,NORTH HOLLYWOOD,CA,91605,CWA,No,,
BASE LINE STREET AND TRAIL IMPROVEMENTS,"BASE LINE, BROWNING ROAD TO CHURCH ST.",HIGHLAND,CA,92346,CWA,No,,
BASE YARD,2100 BRIDGEWAY,SAUSALITO,CA,94965,CWA,Yes,,
BASELINE TRANSPORTATION,"1215 E. ACACIA ST.,, #101",ONTARIO,CA,91761,CWA,No,,
BASIC ENERGY,2818 S HALLADAY ST,SANTA ANA,CA,92705,CWA,No,,
BASIC FIBRES INCWESTERN METALS,5921 WESTERN,LOS ANGELES,CA,90047,CWA,No,,
BASIC INCORPORATING GROUP,23535 PALOMINO DRIVE UNIT 270,DIAMOND BAR,CA,91765,CWA,No,,
BASIC VI TECHNOLOGY,1371  OLD OAKLAND RD.,SAN JOSE,CA,95112,CWA,No,,
BASIK RECYCLING,2264 PARK AVENUE,CHICO,CA,95928,CWA,No,,
BASQUE AMERICAN DAIRY,8484 SCHAEFER AVE,ONTARIO,CA,91761,CWA,No,04/03/2000,
BASS HILL LANDFILL,JOHNSTONVILLE ROAD,SUSANVILLE,CA,96130,CWA,No,05/24/2011,
BASS HILL LANDFILL,JOHNSTONVILLE ROAD,SUSANVILLE,CA,96130,CWA,Yes,,
BASS STRAIT VPBA1006A,31/F ONE ISLAND SOUTH 2 HEUNG YIP ROAD WONG CHUK H,HONG KONG,CA,85200,CWA,No,,
BASSANI MFG,2900 E LA JOLLA ST,ANAHEIM,CA,92806,CWA,No,,
BASSET AUTO WRECKERS,13165 E VALLEY BLVD,LA PUENTE,CA,91746,CWA,No,12/01/2021,
BASSETT USD BUS MAINTENANCE FACILITY,904 WILLOW AVE,LA PUENTE,CA,91746,CWA,No,05/16/2025,
BASSETT WELLFIELD,3820 GILMAN,EL MONTE,CA,91732,CWA,No,,
BASSO HOME SITE,COUNTRY RD 97D,DAVIS,CA,95616,CWA,No,,
BAT NHA,803 S SULLIVAN ST,SANTA ANA,CA,92704,CWA,No,01/30/2019,
BATES HORSE RANCH CULVERT PROJECT,8273HORSESHOE BAR,LOOMIS,CA,95650,CWA,No,,
BATES RESIDENCE,8273 HORSESHOE BAR ROAD,LOOMIS,CA,95650,CWA,No,,
BATESVILLE,14701 INDUSTRY CIRCLE,LA MIRADA,CA,90638,CWA,No,03/23/2023,
BATORY FOODS,1610 WHIPPLE RD,UNION CITY,CA,94587,CWA,No,,
BATTERY TECHNOLOGY INCORPORATED,16651 JOHNSON DRIVE,CITY OF INDUSTRY,CA,91745,CWA,No,,
BATTLE CREEK FACILITY,SOUTHPOWERHOUSE,MANTON,CA,96075,CWA,No,,
BAUERS AUTO WRECKING,103 N THORNE AVE,FRESNO,CA,93706,CWA,No,01/09/2018,
BAUERS INTELLIGENT TRANSPORTATION,PIER 50 SHED C,SAN FRANCISCO,CA,94158,CWA,No,,
BAUGHER RANCH ORGANICS,7020 RD 25,ORLAND,CA,95963,CWA,No,05/07/2020,
BAUGHN ENGINEERING,2815 METROPOLITAN PLACE,POMONA,CA,91767,CWA,No,12/21/2018,
BAUGHN ENGINEERING,2815 METROPOLITAN PLACE,POMONA,CA,91767,CWA,No,11/07/2017,
BAXTER HEALTHCARE,21026 ALEXANDER COURT,HAYWARD,CA,94545,CWA,No,04/17/2018,
BAXTER HEALTHCARE,21026 ALEXANDER COURT,HAYWARD,CA,94545,CWA,No,,
BAXTER MINE,BASIN RD,BAKER,CA,92309,CWA,No,,
"BAXTER, TP, ROSEBURG",UNKNOWN,UNKNOWN,CA,00000,CWA,No,,
BAY AREA CIRCUITS,575 PRICE AVE,REDWOOD CITY,CA,94063,CWA,No,04/04/2006,
BAY AREA CONCRETE ALAMEDA,1 CLUBHOUSE MEMORIAL ROAD,ALAMEDA,CA,94587,CWA,No,,
BAY AREA CONCRETE RECYCLING,3898 DEPOT ROAD,HAYWARD,CA,94545,CWA,No,,
BAY AREA CONCRETE RECYCLLING,1100 CARROLL,SAN FRANCISCO,CA,94124,CWA,No,,
BAY AREA CONCRETE TREASURE ISLAND,261 4TH STREET,SAN FRANCISCO,CA,94587,CWA,Yes,,
BAY AREA CUSTOM LABORATORIES,2490 ARNOLD INDUSTRIAL WAY,CONCORD,CA,94520,CWA,No,02/09/2024,
BAY AREA INDUSTRIAL PARK,2995 ATLAS ROAD,RICHMOND,CA,94801,CWA,No,,
BAY AREA NEWS GROUP,2505 DEAN LESHER DR,CONCORD,CA,94545,CWA,No,04/04/2019,
BAY AREA RANCHERS COOPERATIVE HARVEST FACILITY,1995 GERICKE ROAD,PETALUMA,CA,94952,CWA,No,10/31/2022,
BAY AREA RAPID TRANSIT CONCORD,1045 SAN MIGUEL RD,CONCORD,CA,94518,CWA,No,04/17/2018,
BAY AREA RAPID TRANSIT DALY CI,255 D ST,COLMA,CA,94014,CWA,No,,
BAY AREA RAPID TRANSIT HAYWARD,150 SANDOVAL WAY,HAYWARD,CA,94544,CWA,Yes,11/21/2019,
BAY AREA RAPID TRANSIT OAKLAND,601 E 8TH ST,OAKLAND,CA,94606,CWA,No,,
BAY AREA RAPID TRANSIT RICHMON,1101 13TH ST,RICHMOND,CA,94801,CWA,No,,
BAY CITIES CONTAINERS,8315 HANAN WAY,PICO RIVERA,CA,90660,CWA,No,,
BAY CITIES METAL PRODUCTION,301 E ALONDRA BLVD,ROSEWOOD,CA,90248,CWA,No,,
BAY CLUB HOTEL AND MARINA,2131 SHELTER ISLAND DRIVE,SAN DIEGO,CA,92106,CWA,No,,
BAY COUNTIES WASTE SERVICES,301 CARL ROAD,SUNNYVALE,CA,94089,CWA,No,03/14/2023,
BAY FIBERGLASS & PRE CAST,738 CHESTNUT,SAN JOSE,CA,95110,CWA,No,,
BAY MARINE BOATWORKS,310 W CUTTING BLVD,RICHMOND,CA,94804,CWA,No,10/26/2023,
BAY MEADOWS MINOR SUBDIVISION,2400 LAKE EARL DRIVE,"CRESCENT CITY, DEL NORTE CNTY",CA,95403,CWA,No,11/17/2009,
BAY MOTOR WRECKING,1017 FOLGER AVE,BERKELEY,CA,94710,CWA,No,05/04/2005,
BAY MOTORS WRECKING,1017 FOLGER AVE,BERKELEY,CA,99999,CWA,No,02/28/2007,
BAY POLYMER WAREHOUSE,49049  MILMONT DRIVE.,FREMONT,CA,94538,CWA,No,,
BAY ROAD PROJECT,BAY ROAD AND PULGAS AVENUE,EAST PALO ALTO,CA,94303,CWA,No,,
BAY SHIP & YACHT,2900 MAIN,ALAMEDA,CA,94501,CWA,Yes,05/13/2022,
BAY VIEW,INTERSECTION OF WRIGHT AVENUE,MOFFETT FIELD,CA,94043,CWA,No,09/01/2021,
BAYDELTA MARITIME,PIER 17 EMBARCADERO,SAN FRANCISCO,CA,94111,CWA,Yes,,
BAYLANDS SOIL PROCESSING,5 BEATTY RD,BRISBANE,CA,94005,CWA,No,,
BAYLESS ENGINEERING & MANUFACTURING,26100 AVENUE HALL,SANTA CLARITA,CA,91355,CWA,No,,
BAYSHORES,37555 WILLOW STREET,NEWARK,CA,94560,CWA,No,01/02/2020,
BAYSIDE OIL II,210 ENCINAL STREET,SANTA CRUZ,CA,95060,CWA,No,,
BAYVIEW DR PROPERTY,4947 BAYVIEW DR,COPPEROPOLIS,CA,95228,CWA,No,,
BAYWOOD HOMES LIMITED EDITION LOT 1 AND 2 OF UNIT 17 LOT 36 OF UNIT 3,16115 ROCK VIEW COURT 16125 ROCK VIEW COURT 7751 S,SAN DIEGO,CA,92127,CWA,No,,
BAZZ HOUSTON INTERNATIONAL,12700 WESTERN AVENUE,GARDEN GROVE,CA,92841,CWA,No,03/25/2019,
BAZZETTO DESIGN GROUP,968 W 10TH STREET,AZUSA,CA,91702,CWA,No,10/04/2022,
BB MOTORSPORTS,2846 E IMPERIAL HWY,BREA,CA,92821,CWA,No,07/29/2021,
BB REG WWA-LUCERNE VLY,PO BOX 517,BIG BEAR CITY,CA,92314,CWA,No,,
BBC MOONSTONE - VPBE3677O,HAFENSTRABE 12,"LEER, GERMANY",CA,26789,CWA,No,,
BBC STONE & CABINETS,1430 N HUNDLEY ST,ANAHEIM,CA,92806,CWA,No,,
BBK ENTERPRISES,425 CHESTNUT ST,VALLEJO,CA,94590,CWA,No,03/13/2023,
BBS CUTTING SERVICES,6351 REGENT STREET SUITE 400,HUNTINGTON PARK,CA,90255,CWA,Yes,09/17/2024,
BC MACHINE,2075  BERING DR SUITE M.,SAN JOSE,CA,95131,CWA,No,,
BC METAL RECYCLING,2209 S LYON ST,SANTA ANA,CA,92705,CWA,No,,
BC PLAZA,711 N BROADWAY,LOS ANGELES,CA,90012,CWA,No,06/29/2000,
BC RECYCLING,5201 W. GOSHEN AVE.,VISALIA,CA,93291,CWA,No,,
BC RECYCLING,737 S. LOVERS LANE,VISALIA,CA,93277,CWA,No,,
BC RECYCLING,940 PARK BLVD,ORANGE COVE,CA,93645,CWA,No,,
BC RECYCLING,1145 PARK BLVD.,ORANGE COVE,CA,93645,CWA,No,,
BC RECYCLING,400 E. TULARE AVE.,VISALIA,CA,93279,CWA,No,,
BC RECYCLING,250 E. ANTELOPE AVE.,WOODLAKE,CA,93286,CWA,No,,
BC RECYCLING,1357 SOUTH K STREET,TULARE,CA,93274,CWA,No,,
BC RECYCLING,1043 E HOUSTON AVE,VISALIA,CA,93292,CWA,No,,
BC RECYCLING,1595 E. BARDSLEY AVE.,TULARE,CA,93274,CWA,No,,
BC TRAFFIC SPECIALISTS,13261 GARDEN GROVE BLVD,GARDEN GROVE,CA,92843,CWA,Yes,08/21/2025,
BC WIRE ROPE & RIGGING,2720 E REGAL PARK DR,ANAHEIM,CA,92806,CWA,No,,
BCC COLMAC STOCKPILE,S OF INT 10 W OF APACHE TRAIL,CABAZON,CA,92223,CWA,No,,
BCS,8735 REMMET AVE,CANOGA PARK,CA,91304,CWA,No,06/17/2024,
BCT SAN DIEGO,5450 COMPLEX STREET #304,SAN DIEGO,CA,92123,CWA,No,,
BCVE-2 GROUNDWATER EXTRACTION AND TREATMENT SYSTEM,3668HICKS,CHICO,CA,95973,CWA,No,,
BCVWD RECHARGE FACILITY PHASE II,N E INTERSECTION BROOKSIDE AVE AND BEAUMONT AVE,BEAUMONT,CA,92223,CWA,No,10/18/2017,
BD BIOSCIENCES,10975 TORREYANA STREET,SAN DIEGO,CA,92121,CWA,No,,
BD BIOSCIENCES BECTON DICKIN,2350 QUME DR,SAN JOSE,CA,95131,CWA,No,05/16/2018,
BD BIOSCIENCES BECTON DICKINS,2222 QUME DR,SAN JOSE,CA,95131,CWA,No,,
BD BIOSCIENCES BECTON DICKINS,2150 COMMERCE DRIVE,SAN JOSE,CA,95131,CWA,No,,
BD CUSTOMS,1339 BROOKS STREET,ONTARIO,CA,91762,CWA,No,,
BD HOMES SUBDIVISION,2233 WAGNER HEIGHTS RD,STOCKTON,CA,95209,CWA,No,,
BD&G SANDBLASTING,2428 EAST 54TH STREET,LOS ANGELES,CA,90058,CWA,No,,
BEACH AUTO WRECKING,8551 EDISON AVE,HUNTINGTON BEACH,CA,92646,CWA,No,,
BEACH BANDSHELL - FIREWORKS EVENT LOCATION,200 THE STRAND N,OCEANSIDE,CA,92054,CWA,No,,
BEACH HOUSE WINERY,1534 SLEEPING INDIAN ROAD,FALLBROOK,CA,CALIF,CWA,No,07/29/2019,
BEACH WWTF,1000 BEACH DR,RIO VISTA,CA,94571,CWA,No,01/11/2022,
BEACHSIDE RECYCLING INCORPORATED,8601 EDISON DRIVE,HUNTINGTON BEACH,CA,92646,CWA,No,,
BEACHWOOD BBQ & BREWING,210 E 3RD ST,LONG BEACH,CA,90802,CWA,No,,
BEACHWOOD BLENDERY,247 LONG BEACH BLVD,LONG BEACH,CA,90802,CWA,Yes,03/20/2023,
BEACON BUILDING PRODUCTS,11731 SHELDON,SUN VALLEY,CA,91352,CWA,No,,
BEACON MANAGEMENT,6025 SCOTT WAY,COMMERCE,CA,90040,CWA,No,,
BEACON SOLAR PROJECT,29956 HIGHWAY 14,CANTIL,CA,93501,CWA,No,06/18/2020,
BEALE AFB 9 CES,9 CES CEV 6451 B STREET,BEALE AFB,CA,95903,CWA,No,,
BEALE AFB WWTP,DOOLITTLE & J STREET,BEALE AIR FORCE BASE,CA,959031708,CWA,No,05/22/2008,
BEALE AIR FORCE BASE,6451 B STREET,BEALE AFB,CA,95903,CWA,No,,
BEAR BUTTE QUARRY,2340 BEAR BUTTE RD,MIRANDA,CA,95553,CWA,No,08/07/2019,
BEAR CREEK CONDOS,SW CORNER OF GLEN ABBEY LN AND BEAR CREEK DR N,MURRIETA,CA,92562,CWA,No,,
BEAR CREEK MEADOW RESTORATION,BEAR CREEK,FALL RIVER MILLS,CA,96028,CWA,No,,
BEAR GULCH LIMESTONE QUARRY,HWY 299 E,ROUND MOUNTAIN,CA,96049,CWA,No,,
BEAR RIVER AGGREGATES,2701 COMBIE RD,MEADOW VISTA,CA,95722,CWA,No,,
BEAR RIVER DMS,12022 LA BARR MEADOWS ROAD,GRASS VALLEY,CA,95949,CWA,No,01/21/2020,
BEAR RIVER ENTERTAINMENT CENTER,11 BEAR PAWS WAY,LOLETA,CA,95551,CWA,No,,
BEAR TRUCKING,19768 KENDALL DRIVE,SAN BERNARDINO,CA,92407,CWA,No,,
BEAR VALLEY PAVING,41841 GARSTIN,BIG BEAR LAKE,CA,92315,CWA,Yes,03/04/2022,
BEAR VALLEY USD,44548 BALDWIN LANE,SUGARLOAF,CA,92386,CWA,No,03/04/2022,
BEAR VALLEY WWTF,441 CREEKSIDE DR,BEAR VALLEY,CA,95223,CWA,No,10/09/2015,
BEAR VALLEY WWTF,"SECTION 9, T32S, R31E, MDB&M",TEHACHAPI,CA,93561,CWA,No,12/07/2012,
BEARINGS 2000,290 WEST BONITA AVENUE,POMONA,CA,91767,CWA,No,11/07/2017,
BEATRICE CHEESE,240 NORTH AVE,GUSTINE,CA,95322,CWA,No,,
BEAUCANON ESTATE,1006 MONTICELLO ROAD,NAPA,CA,94558,CWA,No,,
BEAULIEU VINEYARD,1960 ST HELENA HWY,RUTHERFORD,CA,94573,CWA,No,,
BEAUMONT AUTO DISMANTLING  RECYCLING,249 C VEILE AVE,BEAUMONT,CA,92223,CWA,No,,
BEAUMONT CHERRY VALLEY WATER DISTRICT WS,NOT APPLICABLE,BEAUMONT,CA,92223,CWA,No,,
BEAUMONT WWTP,715 W 4TH ST,BEAUMONT,CA,92223,CWA,Yes,04/24/2025,
BEAUMONT WWTP #1,550 E. 6TH STREET,BEAUMONT,CA,92223,CWA,No,12/31/2024,
BEAUREGARD VINEYARDS,10 PINE FLAT ROAD,BONNIE DOON,CA,95060,CWA,No,02/26/2025,
BEAVER GENERAL MACHINE,10737 FOREST STREET,SANTA FE SPRINGS,CA,90670,CWA,No,12/27/2017,
BEBO S AUTO RECYCLING,6401 DATSUN ST,SAN DIEGO,CA,92154,CWA,No,,
BECERRA'S TRUCKING,1182 WEST FERNLEAF AVE,POMONA,CA,91766,CWA,No,,
"BECKETT, D-BULTER, W,-CANTU",UNKNOWN,UNKNOWN,CA,00000,CWA,No,,
BECKMAN COULTER,2470 FARADAY AVE,CARLSBAD,CA,92010,CWA,No,04/17/2018,
BECKMAN COULTER,1584 ENTERPRISE BLVD,WEST SACRAMENTO,CA,95691,CWA,No,,
BECKMAN COULTER,2040 ENTERPRISE BLVD,WEST SACRAMENTO,CA,95691,CWA,No,,
BECKMAN COULTER,167 W POPLAR AVENUE,PORTERVILLE,CA,93257,CWA,No,,
BECKMEN VINEYARDS,2670 ONTIVEROS RD,LOS OLIVOS,CA,93441,CWA,No,,
BECKY'S CUTEST DOLL,586 BURDICK DRIVE,POMONA,CA,91768,CWA,No,,
BECTON DICKENSON,10200 PACIFIC MESA BLVD,SAN DIEGO,CA,92121,CWA,No,,
BECTON DICKINSON PACIFIC MESA BLDG D,10020 PACIFIC MESA BLVD,SAN DIEGO,CA,92121,CWA,No,,
BED ROCK BUILDING SUPPLIES,208 N CALLE CEASAR CHAVEZ,SANTA BARBARA,CA,93103,CWA,No,,
BED ROCK BUILDING SUPPLIES,208 N CALLE CEASAR CHAVEZ,SANTA BARBARA,CA,93103,CWA,No,,
BEDFORD BARREL WAREHOUSE,901 KAISER ROAD,NAPA,CA,94558,CWA,No,,
BEEF EATERS YARD,DIETRICH,BRAWLEY,CA,92227,CWA,No,,
BEER BILLYS,4208 ROSDEALE HWY SUITE 208,BAKERSFIELD,CA,93308,CWA,No,,
BEI KIMCO,1499 POINSETTIA AVE. #160,VISTA,CA,92081,CWA,No,09/21/2021,
BEL ART TRANSFER STATION,2501 E 68TH ST,LONG BEACH,CA,90805,CWA,No,08/30/2023,
BEL-AIR BAY CLUB FIREWORKS SHOW,NOT APPLICABLE,LOS ANGELES,CA,90272,CWA,No,,
BELCHING BEAVER BREWERY,980 PARK CENTER DRIVE,VISTA,CA,92081,CWA,No,,
BELCHING BEAVER BREWERY,1334 ROCKY POINT DRIVE,OCEANSIDE,CA,92054,CWA,No,,
BELFAST RANCH,UNKNOWN,SUSANVILLE,CA,96130,CWA,No,,
BELGIAN,SEC21 T30S R21E,KERNVILLE,CA,93238,CWA,No,,
BELGIAN ANTICLINE,SEC 21 T30S R21E,KERNVILLE,CA,93238,CWA,No,,
BELL AGGREGATE TRANSLOADING TERMINAL,5091 RICKENBACKER ROAD,BELL,CA,90201,CWA,No,06/17/2022,
BELL BAY VPBA0990A,31/F ONE ISLAND SOUTH 2 HEUNG YIP ROAD WONG CHUK H,HONG KONG,CA,85200,CWA,No,,
BELL CITY,6330 PINE AVEENU,BELL,CA,90201,CWA,No,08/07/2012,
BELL MARINE,28 28TH ST,SACRAMENTO,CA,95816,CWA,No,06/28/2022,
BELL-CARTER INDUSTRIAL WWTP,GARDINER FERRY ROAD,CORNING,CA,96021,CWA,Yes,11/02/2021,
BELLA LASER ACCELERATOR IMPROVEMENTS,ONE CYCLOTRON ROAD,BERKELEY,CA,94720,CWA,No,,
BELLA ROSA PULTE,JEFFREY AND BRYAN AVENUES,IRVINE,CA,92612,CWA,No,,
BELLA SOL TRACT NO 32049,SEC WINCHESTER RD & SKYVIEW RD,WINCHESTER,CA,92596,CWA,No,,
BELLA STRADA,SOUTHEAST OF CIVIC CENTER DRIVE AND WYMARK DRIVE,ELK GROVE,CA,95624,CWA,No,,
BELLA STRADA,SWC SIERRA AVENUE AND WALNUT AVENUE,FONTANA,CA,92336,CWA,No,12/05/2017,
BELLA TERRA ESTATES,N CHERRY AVE & EXCELSIOR AVE,CITRUS HEIGHTS,CA,95662,CWA,No,,
BELLA TERRA UNIT II,ORCHARD LANE,SOLEDAD,CA,95037,CWA,No,,
BELLA VISTA AT SAN ELIJO HILLS,COSTA DEL SUR AT TUSCAN DRIVE,SAN MARCOS,CA,92078,CWA,No,,
BELLA VISTA TRACT 4870 OFFSITE IMPROVEMENTS,MILLERTON RD AT MARINA DR,FRIANT,CA,93626,CWA,No,01/31/2018,
BELLA VISTA WTP,700 CANBY RD,REDDING,CA,96003,CWA,No,06/26/2007,
BELLA VITA,NORTH OF E 16TH STREET AND EAST OF SHERYL LANE,NATIONAL CITY,CA,91950,CWA,No,,
BELLAFINA,HOLT BLVD BTW N. MILLS AVE. AND RAMONA AVE.,MONTCLAIR,CA,91763,CWA,No,03/30/2011,
BELLAGIO DEVELOPMENT,TRACT 4527 WESLAKE,THOUSAND OAKS,CA,00000,CWA,No,,
BELLAS VISTA RANCH,BUNDY CANYON ROAD,MENIFEE,CA,92584,CWA,Yes,,
BELLE MARIE WINERY,26312 MESA ROCK RD,ESCONDIDO,CA,92026,CWA,No,06/28/2022,
BELLEGRAVE TRACT 31768,NE CORNER OF BELLEGRAVE AND WINEVILLE AVENUE,JURUPA VALLEY,CA,91752,CWA,No,,
BELLEGRAVE TRACT 31778 1,NE CORNER OF BELLEGRAVE AVENUE AND WINEVILLE AVENU,JURUPA VALLEY,CA,91752,CWA,No,11/07/2017,
BELLEVUE,CAMPUS DRIVE,OAKLAND,CA,94605,CWA,No,,
BELLEVUE RANCH VILLAGE 7,S OF MERRILL PL N OF CARDELLA E OF,MERCED,CA,95344,CWA,No,,
BELLPORT ANACAPA MARINE SERVICES,3203 VICTORIA AVE,OXNARD,CA,93035,CWA,No,04/05/2012,
BELLS AUTO PARTS  WRECKING,8777 SAN FERNANDO ROAD,SUN VALLEY,CA,91352,CWA,Yes,10/29/2021,
BELLS TRUCKS  VANS WRECKING,11644 SHELDON ST,SUN VALLEY,CA,91352,CWA,Yes,02/15/2023,
BELMONT,477 HARBOR BLVD,BELMONT,CA,94002,CWA,No,,
BELMONT,1565 OLD COUNTY RD,BELMONT,CA,94002,CWA,No,,
BELMONT AT BRIDLE RIDGE,7444 CRANE ROAD,OAKDALE,CA,95361,CWA,No,,
BELMONT VILLAGE WESTWOOD,10475 WILSHIRE,LOS ANGELES,CA,90024,CWA,No,02/08/2022,
BELVEDERE HEIGHTS SUBDIVISION,BANCROFT DRIVE,CHICO,CA,95928,CWA,No,,
BEMA ELECTRONIC MANUFACTURING INCORPORATED,4545 CUSHING PARKWAY,FREMONT,CA,94538,CWA,No,,
BEMCO INCORPORATED,2255 UNION PLACE,SIMI VALLEY,CA,93065,CWA,No,02/04/2019,
BEN,716 W GERTRUDE,RICHMOND,CA,94801,CWA,No,,
BEN,18425 HIGHLAND DRIVE,RAMONA,CA,92065,CWA,No,,
BEN GOEDHART,14250 SCHLEISMAN,CORONA,CA,92882,CWA,No,12/22/1998,
BEN'S ORNAMENTAL IRON CRAFT,1111 E WAKEHAM AVE,SANTA ANA,CA,92705,CWA,No,,
BENCHMARK,4041 PIKE LANE,CONCORD,CA,94520,CWA,No,02/27/2020,
BENCHMARK ELECTRONICS,4041 PIKE LANE,CONCORD,CA,94520,CWA,No,,
BENCHMARK ELECTRONICS,200 SCIENCE DRIVE,MOORPARK,CA,93021,CWA,No,04/15/2021,
BENCHMARK ELECTRONICS,42701 CHRISTY STREET,FREMONT,CA,94538,CWA,No,,
BENCHMARK FACILITY,200 S TURNBULL CANYON RD,CITY OF INDUSTRY,CA,91749,CWA,No,01/13/2014,
BENDER CCP,2150 EAST 37TH STREET,VERNON,CA,CA,CWA,Yes,,
BENDING RIVER BACK INTO THE CITY,LOS ANGELES RIVER BETWEEN N. BROADWAY AND N. SPRI,LOS ANGELES,CA,90012,CWA,No,,
BENEFICIAL AG SERVICES,8271 CHINO AVENUE,ONTARIO,CA,91761,CWA,No,09/20/2018,
BENESSERE VINEYARDS,1010 BIG TREE ROAD,SAINT HELENA,CA,94574,CWA,No,,
BENESSERE VINEYARDS,1010 BIG TREE ROAD,SAINT HELENA,CA,94574,CWA,No,,
BENICIA FABRICATION MACHINE,101 AND 135 E CHANNEL RD,BENICIA,CA,94510,CWA,Yes,,
BENICIA WWTP,614 E 5TH ST,BENICIA,CA,94510,CWA,Yes,11/21/2024,
BENICIA WWTP,614 EAST 5TH ST,BENICIA,CA,94510,CWA,No,,
BENJAMIN IRON WORKS,1008 E OLYMPIC BOULEVARD,LOS ANGELES,CA,90023,CWA,No,12/13/2017,
BENNET MOTOR EXPRESS,18111 SOUTH SANTA FE AVENUE,RANCHO DOMINGUEZ,CA,90221,CWA,No,,
BENNETT III,EAST CHURCH AVENUE AND SOUTH PEACH AVENUE,FRESNO,CA,93725,CWA,No,,
BENNETT LANE WINERY,3340 HWY 128,CALISTOGA,CA,94515,CWA,No,06/25/2025,
BENS RECYCLING  SCRAP,395 VIA DEL MONTE,OCEANSIDE,CA,92058,CWA,No,,
BENSON COMMERCE CENTER,8940 BENSON AVE UNIT G,MONTCLAIR,CA,91763,CWA,No,,
BENSONS AUTO DISMANTLING,1555 W STATE ST,ONTARIO,CA,91762,CWA,No,10/23/2019,
BENT CREEK WINERY,5455 GREENVILLE ROAD,LIVERMORE,CA,94550,CWA,No,10/02/2024,
BENT METAL WINERY,14364 MCCOURTNEY RD,GRASS VALLEY,CA,95945,CWA,No,,
BENTLEY STORAGE,315 SOUTH 7TH AVENUE,INDUSTRY,CA,91746,CWA,No,,
"BENTON PLATING, IND DIVISION",640 E STATE ST,ONTARIO,CA,91761,CWA,No,,
BENTONITE TO LAKE TAHOE 6/4/96,LAKE TAHOE,TAHOE CITY,CA,96145,CWA,No,,
BENZIGER FAMILY WINERY,1883 LONDON RANCH RD,GLEN ELLEN,CA,95442,CWA,No,09/25/2024,
BEO MAG PLATING,3313 W HARVARD,SANTA ANA,CA,92704,CWA,No,09/11/2008,332812
BEO MAG PLATING,3315 HARVARD ST,SANTA ANA,CA,92704,CWA,No,,
BEONCA MACHINE INCORPERATED,1680 CURTISS COURT,LA VERNE,CA,91750,CWA,No,01/15/2019,
BEONCA MACHINE INCORPERATED,1680 CURTISS COURT,LA VERNE,CA,91750,CWA,No,10/29/2019,
BERA STAINED GLASS STUDIOS,760 N TWIN OAKS VALLEY ROAD,SAN MARCOS,CA,92069,CWA,No,,
BERANNA DAIRY,16015 MOUNTAIN AVE,CHINO,CA,91710,CWA,No,01/31/2001,
BERENDO CHURCH,968 SOUTH BERENDO STREET,LOS ANGELES,CA,90006,CWA,No,,
BERENDSEN FLUID POWER,1106 W BARKLEY AVE,ORANGE,CA,92868,CWA,No,,
BERENDSEN FLUID POWER,1106 W. BARKLEY AVE,ORANGE,CA,92868,CWA,No,07/26/2021,
BERETTA DAIRY,3233 LLANO RD,SANTA ROSA,CA,95407,CWA,No,10/07/1998,
BERETTA DAIRY,3233 LLANO RD,SANTA ROSA,CA,95407,CWA,No,05/01/1998,
BERGERON WINERY,380 PATRICKS POINT DR,TRINIDAD,CA,95570,CWA,No,,
BERGERS AUTO DISMANTLING,2586 S UNION,BAKERSFIELD,CA,93307,CWA,No,,
BERGERS AUTO DISMANTLING,3531 EDISON HIGHWAY,BAKERSFIELD,CA,93307,CWA,No,,
BERGMAC TOOLS,1336 W 130TH ST,GARDENA,CA,90247,CWA,No,,
"BERGWERFF, FRED",7649 METTLER RD,OAKDALE,CA,95361,CWA,No,10/16/1997,
BERINGER VINEYARDS,1000 PRATT AVE,SAINT HELENA,CA,94574,CWA,No,,
BERKELEY ASPHALT,699 VIRGINIA,BERKELEY,CA,94710,CWA,No,,
BERKELEY ASPHALT ( HANSON AGGREGATES DBA BERKELEY ASPHALT),699 VIRGINIA ST,BERKELEY,CA,94710,CWA,No,10/26/2021,
BERKELEY CITY TRANSFER STATION,1201 2ND ST,BERKELEY,CA,94710,CWA,Yes,,
BERKELEY ERGONOMICS MATTRESSES,2126 S GREEN PRIVADO,ONTARIO,CA,91761,CWA,No,,
BERKELEY HORNBLOWER CRUISES & EVENTS,200 MARINA BLVD,BERKELEY,CA,94710,CWA,No,,
BERKELEY READY MIX,808 GILMAN ST,BERKELEY,CA,94710,CWA,No,,
BERKELEY SEWER COLLECTION SYSTEM,BERKELY CITY LIMITS,BERKELEY,CA,9999,CWA,No,05/29/2024,
BERKLEY FARMS,25500 CLAWITER RD,HAYWARD,CA,94545,CWA,No,01/19/2022,
BERKLEY INTERNATIONAL,2725 E EL PRESIDIO STREET,CARSON,CA,90810,CWA,No,,
BERKLEY INTERNATIONAL PACKAGING,2725 E EL PRESIDIO STREET,CARSON,CA,90810,CWA,No,,
BERM REMOVAL AT CALTRANS ROW FOR MONTEREY PARK MARKET PLACE,2300 GREENWOOD AVENUE,MONTEREY PARK,CA,91755,CWA,No,04/17/2018,
BERNARDO SOFTENING PLANT,PERALTA BLVD @ MOWRY AVE,FREMONT,CA,94538,CWA,No,06/29/2000,
BERNARDO WINERY INCORPORATED,13330 PASEO DEL VERANO NORTE,SAN DIEGO,CA,92128,CWA,No,,
BERNARDUS WINERY,21810 PARROT RANCH ROAD,CARMEL VALLEY,CA,93924,CWA,No,,
BERNARDUS WINERY,21810 PARROT RANCH ROAD,CARMEL VALLEY,CA,93924,CWA,Yes,,
BERRELLESA,END OF BERRELLESA,MARTINEZ,CA,00000,CWA,No,,
BERRY CREW HARVEST,935 11TH ST,VOORHEES TWP,CA,92037,CWA,No,,
BERRY SAWMILL,405 CAZADERO HWY,CAZADERO,CA,95421,CWA,No,03/28/2022,
BERRYDIRECT,14540 INNOVATION DRIVE,RIVERSIDE,CA,92518,CWA,No,,
BERRYESSA GAP VINEYARDS,27260 HWY 128,WINTERS,CA,95694,CWA,Yes,,
BERT VAN DAM DAIRY,10333 EUCALYPTUS AVENUE,ONTARIO,CA,91762,CWA,No,04/22/2008,
"BERTH 172, LAMARINE TERMINAL",BERTH 172,WILMINGTON,CA,90744,CWA,No,09/24/2001,
"BERTH 74, SAN PEDRO",BERTH 74,SAN PEDRO,CA,90731,CWA,No,06/23/2000,
BERTOLINI,2605 E CEDAR STREET,ONTARIO,CA,91761,CWA,No,,
BEST AUTO BODY AND REPAIR,12315 DAHLIA AVENUE,EL MONTE,CA,91732,CWA,No,,
BEST AUTO DISMANTLER,UNKNOWN,UNKNOWN,CA,00000,CWA,No,08/05/2005,
BEST AUTO PART SALVAGE  HAROUT BMW AUTO PARTS  SALES  S S I,12301 BRANFORD ST,SUN VALLEY,CA,91352,CWA,Yes,11/15/2017,
BEST AUTO WRECKING  RECYCLING,1145 S SANTA FE,COMPTON,CA,90221,CWA,No,,
BEST BUY AUTO PARTS,2913 DENBY AVE,LOS ANGELES,CA,90039,CWA,No,,
BEST BUY DDC 724,14315 PIPELINE AVENUE,CHINO,CA,91710,CWA,No,,
BEST BUY DDC 724 & SVC 624,14315 PIPELINE AVE,CHINO,CA,91710,CWA,No,,
BEST BUY DDC 724 AND SVC 624,2104 E JAY STREET,ONTARIO,CA,91765,CWA,No,,
BEST BUY DDC 729,2300 CHABOT CT,TRACY,CA,95304,CWA,No,,
BEST BUY DELIVERY PAD #2602,2998 ALVARADO STREET UNIT H,SAN LEANDRO,CA,94577,CWA,No,,
BEST BUY DELIVERY PAD #2603,11885 COMMUNITY ROAD,POWAY,CA,92064,CWA,No,,
BEST BUY DELIVERY PAD 2316,5350 RALEY BOULEVARD SUITE 110,SACRAMENTO,CA,95838,CWA,No,07/10/2019,
BEST BUY PACIFIC SALES DDC 1755,14310 RAMONA AVE,CHINO,CA,91710,CWA,No,,
BEST BUY RDC 725,777 MONTE VISTA DR,DINUBA,CA,93618,CWA,No,,
BEST BUY RLC,8646 ENTERPRISE WAY,CHINO HILLS,CA,91708,CWA,No,,
BEST FIT FINISHING,5276 ATLANTIC BLVD,MAYWOOD,CA,90270,CWA,No,,
BEST FORMULATIONS,938 RADECKI,INDUSTRY,CA,91748,CWA,No,,
BEST FORMULATIONS,938 RADECKI CT,CITY OF INDUSTRY,CA,91748,CWA,No,,
BEST FORMULATIONS,17758 ROWLAND STREET,CITY OF INDUSTRY,CA,91748,CWA,No,,
BEST FORMULATIONS,17758 ROWLAND STREET,INDUSTRY,CA,91748,CWA,No,,
BEST FORMULATIONS,17775 ROWLAND ST,CITY OF INDUSTRY,CA,91748,CWA,No,10/02/2023,
BEST FORMULTIONS,17775 ROWLAND STREET,INDUSTRY,CA,91748,CWA,No,,
BEST INK AND THREAD,1752 SOUTH BON VIEW AVENUE,ONTARIO,CA,91761,CWA,No,,
BEST OVERNITE EXPRESS,832 F STREET,WEST SACRAMENTO,CA,95691,CWA,No,04/23/2012,
BEST OVERNITE EXPRESS,850 F ST,WEST SACRAMENTO,CA,95691,CWA,Yes,,
BEST OVERNITE EXPRESS SAN JOSE,850 SERVICE ST,SAN JOSE,CA,95112,CWA,No,,
BEST PLUMBING SERVICES,3820 COMMERCE STREET,RIVERSIDE,CA,92507,CWA,No,,
BEST PRICE AUTO RECYCLING,6451 DATSUN ST,SAN DIEGO,CA,92154,CWA,No,,
BEST SEWING BAG (BSB),13521 1/2 ALONDRA BOULEVARD,SANTA FE SPRINGS,CA,90670,CWA,No,,
BEST SIGN PRODUCTS,2121 S SUSAN ST,SANTA ANA,CA,92704,CWA,No,07/30/2018,
BEST VALUE RECYCLING,15062 VALLEY BOULEVARD,FONTANA,CA,92335,CWA,Yes,04/10/2025,
BEST VALUE RECYCLING,15062 VALLEY BLVD,FONTANA,CA,92335,CWA,No,,
BEST WAY AUTO WRECKING,935-C HERITAGE RD,SAN DIEGO,CA,92154,CWA,No,06/25/2019,
BEST WELDED MESH,5577 BROOKS STREET,MONTCLAIR,CA,91763,CWA,No,,
BEST WESTERN ROLLING,8560 SOMERSET BOULEVARD,PARAMOUNT,CA,90723,CWA,No,,
BEST-WAY MARBLE & TILE,5037 TELEGRAPH ROAD,LOS ANGELES,CA,90022,CWA,No,01/17/2018,
BESTFORMS,1135 AVENIDA ACASO,CAMARILLO,CA,93012,CWA,No,,
BESTOCEAN WORLDWIDE LOGISTICS,1300 VALLEY VISTA DRIVE SUITE 203,DIAMOND BAR,CA,91765,CWA,No,,
BESTWAY AUTO WRECKING,935 HERITAGE RD STE C,SAN DIEGO,CA,92154,CWA,No,,
"BETA UNIT, SHELL WESTERN E&P","OFFSHORE, PACIFIC OCEAN",NOT IN A CITY,CA,00000,CWA,No,09/08/1992,
BETHAL ISLAND,BETHEL ISLAND,BETHEL ISLAND,CA,94511,CWA,No,,
BETOS AUTO WRECKING,951 A  HERITAGE RD,SAN DIEGO,CA,92154,CWA,Yes,,
BETOS TRUCK & AUTO DISMANTLERS,10592 E  AVENUE,HESPERIA,CA,92345,CWA,Yes,07/20/2023,
BETTENCOUR & MARSON,18128 AMERICAN AVE,HILMAR,CA,95324,CWA,No,02/10/2000,
"BETTENCOURT, JOE & MARY",14011 EAST AVE,TURLOCK,CA,95380,CWA,No,03/24/1998,
BETTENDORF ENTERPRISES,5540 W END RD,ARCATA,CA,99521,CWA,No,,
BEV ZERO,1450 AIRPORT BLVD. STE. 180,SANTA ROSA,CA,95403,CWA,No,09/05/2023,
BEVERLY ATRIUM,350 SOUTH BEVERLY,BEVERLY HILLS,CA,90212,CWA,No,06/09/2023,
BEVERLY CONNECTION MALL,8489 WEST 3RD,LOS ANGELES,CA,90048,CWA,No,04/28/2022,
BEVERLY HILLS CITY WS,NOT APPLICABLE,BEVERLY HILLS,CA,90210,CWA,No,,
BEVERLY HILLS PLATING,243 NORTH ROBERTSON,BEVERLY HILLS,CA,90221,CWA,No,10/09/2007,
BEVERLY HOT SPRINGS,308 N OXFORD AVE,LOS ANGELES,CA,90004,CWA,No,10/27/2004,
BEVERLY PLAZA,400 SOUTH SAN VICENTE,SANTA MONICA,CA,90402,CWA,No,,
BEYOND THE SUMMIT,753 AND 759 EAST EDNA PLACE,COVINA,CA,91722,CWA,No,09/10/2019,
BFD OFF ROAD MOTORSPORTS,529 MAIN STREET,RAMONA,CA,92065,CWA,No,04/19/2022,
BFI,409 N MERCEY SPRINGS RD,LOS BANOS,CA,93635,CWA,No,,
BFI WASTE SERVICES (ALLIED WASTE SERVICES),3326 FITZGERALD RD.,RANCHO CORDOVA,CA,95742,CWA,No,01/14/2010,
BFI WASTE SYSTEM OF N AMERICA,42600 BOYCE RD,FREMONT,CA,94538,CWA,No,,
BFI WASTE SYSTEMS OX MOUNTAIN,12310 HIGHWAY 92,HALF MOON BAY,CA,94019,CWA,No,11/02/2023,
BFS HUGHCAMF,2800 TULLY ROAD,HUGHSON,CA,95326,CWA,No,,
BG FIELDS,KERN COUNTY,BAKERSFIELD,CA,93311,CWA,No,02/18/1997,
BH AUTO WRECKING,16845 S MAIN ST,CARSON,CA,90248,CWA,No,,
BHI INTERNATIONAL,20543 E WALNUT DR UNIT B2,DIAMOND BAR,CA,91789,CWA,No,05/31/2019,
BHJ USA,5100 SOUTH BOYLE AVENUE,VERNON,CA,90058,CWA,No,06/12/2025,
BHOUBPHARAM OF SAN DIEGO,2056 SOUTH 65TH STREET,SAN DIEGO,CA,92114,CWA,No,,
BI CMOS FOUNDRY,975 COMSTOCK ST,SANTA CLARA,CA,95054,CWA,No,,
BIA BARONA STAGING YARD PROJECT,1058 BARONA ROAD,LAKESIDE,CA,92040,CWA,No,,
BIANCHI QUARRY,4130 SANTA ROSA CREEK,CAMBRIA,CA,93428,CWA,No,,
BIANCHI VINEYARDS,5806 N MODOC AVE,KERMAN,CA,93630,CWA,No,,
BIANCHI VINEYARDS EMERALD GLEN WINERY,5806 N MODOC AVE,KERMAN,CA,92663,CWA,No,,
BIANCHI WINERY  TASTING ROOM,3380 BRANCH RD,PASO ROBLES,CA,93446,CWA,No,,
BIANCHI WS,NOT APPLICABLE,ROSEVILLE,CA,95678,CWA,No,,
BIEN NACIDO WINERY,3100 RANCHO TEPUSQUET RD,SANTA MARIA,CA,93454,CWA,No,,
BIG BANG ON THE BAY,205 NORTH MARINA,LONG BEACH,CA,90803,CWA,No,,
BIG BASIN REDWOODS SP WWTP,21600 BIG BASIN WAY,BOULDER CREEK,CA,95006,CWA,No,02/01/2019,
BIG BASIN VINEYARDS,830 MEMORY LN,BOULDER CREEK,CA,95006,CWA,No,,
BIG BAY BOOM - FIREWORKS EVENTS LOCATIONS,3293 SANTO,SAN DIEGO,CA,92132,CWA,No,,
BIG BEAR AREA REGIONAL WW AGENCY WWTF,122 PALOMINO DR,BIG BEAR CITY,CA,92314,CWA,No,,
BIG BEAR AREA REGNL WW AGENCY,122 PALOMINO DRIVE,BIG BEAR CITY,CA,923140517,CWA,No,01/30/2012,
BIG BEAR AREA RWA WWTP,PO BOX 517,BIG BEAR CITY,CA,92314,CWA,No,,
BIG BEAR CITY AIRPORT,501 W VALLEY BLVD,BIG BEAR CITY,CA,92314,CWA,Yes,,
BIG BEAR CITY COMM SVS DIST PA,417 GRENFALL LN,BIG BEAR CITY,CA,92314,CWA,No,,
BIG BEAR CITY CSD WS,NOT APPLICABLE,BIG BEAR CITY,CA,92231,CWA,No,,
"BIG BEAR LAKE, AQUATIC PESTICIDES - WEEDS",NOT APPLICABLE,BIG BEAR LAKE,CA,00000,CWA,No,,
BIG BLUE BUS CITY OF SANTA MONICA,1620 6TH ST,SANTA MONICA,CA,90401,CWA,Yes,,
BIG BLUE HILLS DISPOSAL FACILITY,11 MILIES NORTHEAST OF COALINGA,COALINGA,CA,93210,CWA,No,,
BIG BUZZARD MINE,UNKNOWN,UNKNOWN,CA,00000,CWA,No,,
BIG CHIEF LODGE,UNKNOWN,UNKNOWN,CA,00000,CWA,No,,
BIG CHIEF LODGE,7320 RIVER RD HWY 89,TRUCKEE,CA,96161,CWA,No,,
BIG CREEK POWERHOUSE NO. 1 WWTP,SPRUCE AVENUE,BIG CREEK,CA,93605,CWA,No,05/07/2013,
BIG DOG VINEYARDS,4545 FELTER ROAD,MILPITAS,CA,95035,CWA,No,,
BIG G'S BAY AREA BOATWORKS,396  3RD ST.,SAN RAFAEL,CA,94901,CWA,No,,
BIG G'S PALLETS AND SKIDS,1181 S WILSON WAY,STOCKTON,CA,95206,CWA,Yes,12/05/2022,
BIG INK PRINTING,1711  BRANHAM LN. A-5,SAN JOSE,CA,95118,CWA,No,,
BIG LAGOON,109465 US HIGHWAY 101 N.,TRINIDAD,CA,95570,CWA,No,,
BIG LAGOON LOG YARD,109461 HIGHWAY 101 NORTH STE 2,TRINIDAD,CA,95570,CWA,No,,
BIG M AUTOMOTIVE,1201 OLD HWY 99W,WILLIAMS,CA,95987,CWA,No,04/17/2018,
BIG MEADOWS TEMPORARY MOBILE CONCRETE PLANT,GENERALS HIGHWAY AT EASTERN BIG MEADOWS CG ROAD,SEQUOIA NATIONAL PARK,CA,96002,CWA,No,,
BIG O TIRES & SERVICE,2021 E LA PALMA AVE,ANAHEIM,CA,92806,CWA,No,,
BIG OAK FLAT GROVELAND UNIFIED SCHOOL DISTRICT,19177 STATE HIGHWAY 120 GROVELAND CA 95321,GROVELAND,CA,95321,CWA,No,,
BIG PENNY CAR WASH,17509PIONEER,ARTESIA,CA,90701,CWA,No,,
BIG RIVER ELEMENTARY SCHOOL,BLM LAND NW BIG RIVER INDIAN RESERVATION,NEEDLES,CA,92363,CWA,No,,
BIG ROCK,0 INTER 155TH HWY 138,LOS ANGELES,CA,90065,CWA,No,,
BIG ROCK CREEK MINE,13114 EAST AVENUE T,PALMDALE,CA,93543,CWA,No,,
BIG ROCK MESA DRAINAGE FAC,BIG ROCK DR,MALIBU,CA,00000,CWA,No,12/04/2006,
BIG ROCK MESA DRAINAGE FACILITY,BIG ROCK,MALIBU,CA,90265,CWA,No,03/17/2022,
BIG SANDY RANCHERIA WASTEWATER IMPROVEMENT PROJECT,37162 JOSE BASIN ROAD,AUBERRY,CA,93602,CWA,No,,
BIG SANDY RANCHERIA WATER SYSTEM IMPROVEMENTS,37162 JOSE BASIN RD,AUBERRY,CA,93602,CWA,No,,
BIG STUDIO,1247 E HILL ST,SIGNAL HILL,CA,90755,CWA,No,08/20/2019,
BIG VALLEY RANCHERIA COMMERCIAL CENTER,SODA BAY RD,LAKEPORT,CA,95453,CWA,No,,
BIG VALLEY RANCHERIA WATER TREATMENT PLANT IMPROVEMENTS,1135 SODA BAY ROAD,LAKEPORT,CA,94543,CWA,No,,
BIG WATER WELDING,1450 RIVER ROAD,TAHOE CITY,CA,96145,CWA,No,,
BIG WATER WELDING,1750 RIVER RD # B,TAHOE CITY,CA,96145,CWA,No,07/25/2024,
BIGELOW'S MACHINING,1627 ROGERS AVE,SAN JOSE,CA,95112,CWA,No,,
BIGGS WWTP,3016 SIXTH STREET,BIGGS,CA,95917,CWA,No,12/07/2012,
BIJOU PARK CREEK WATERSHED RESTORATION,3592 LLOYD AVENUE,SOUTH LAKE TAHOE,CA,96150,CWA,No,07/24/2018,
BIKE DOG BREWING,2534 INDUSTRIAL BLVD #110,WEST SACRAMENTO,CA,95691,CWA,No,,
BIKE DOG BREWING,2534 INDUSTRIAL BLVD #110,WEST SACRAMENTO,CA,95691,CWA,No,01/05/2018,
BILL BINNS,60 KUNZLER RANCH RD,UKIAH,CA,95482,CWA,No,11/01/2022,
BILL MCKENZIE,9835 PACIFIC HWY,SAN DIEGO,CA,92110,CWA,No,,
BILL ZENOVIC,:             17068 STATE ROUTE 67,RAMONA,CA,92065,CWA,No,,
BILL ZENOVIC,:             17068 STATE ROUTE 67,RAMONA,CA,92065,CWA,No,,
BILL ZENOVIC,:             17068 STATE ROUTE 67,RAMONA,CA,92065,CWA,No,,
BILL ZENOVIC,:             17068 STATE ROUTE 67,RAMONA,CA,92065,CWA,No,,
BILLY WING,7010 CHILI HILL ROAD,NEWCASTLE,CA,95658,CWA,No,,
BILTMORE FLOORING DESIGN,783 PINEFALLS AVE,DIAMOND BAR,CA,91789,CWA,No,,
BILTMORE METAL FABRICATORS,1368 W 11TH ST,LONG BEACH,CA,90813,CWA,No,06/21/2018,
BIMBO BAKERIES,13191 JURUPA AVENUE,FONTANA,CA,93401,CWA,No,,
BIMBO BAKERIES USA,2069 ALDERGROVE AVE,ESCONDIDO,CA,92029,CWA,No,,
BIMBO BAKERIES USA,480 S VAIL AVE,MONTEBELLO,CA,90640,CWA,Yes,05/08/2024,
BIMBO BAKERIES USA,5662 EASTGATE DRIVE,SAN DIEGO,CA,92121,CWA,No,,
BIN DOCTOR,1057 PELLET AVENUE,SALINAS,CA,93901,CWA,No,,
BIN TO BOTTLE,110 CAMINO ORUGA,NAPA,CA,94558,CWA,Yes,,
BINGHAM NURSERY,115 VEILE AVENUE,BEAUMONT,CA,92223,CWA,No,,
BIO RAD LABORATORIES,2000 ALFRED NOBEL DR,HERCULES,CA,94547,CWA,No,,
BIO RAD LABORATORIES,487 AVIATION BLVD 100,SANTA ROSA,CA,95403,CWA,No,,
BIO RAD LABORATORIES,9500 JERONIMO ROAD,IRVINE,CA,92618,CWA,No,,
BIO RAD LABORATORIES,5500 EAST 2ND STREET,BENICIA,CA,94510,CWA,No,,
BIO RAD LABORATORIES,925 ALFRED NOBEL DR,HERCULES,CA,94547,CWA,No,,
BIO RAD LABORATORIES,5731 WEST LAS POSITAS BLVD.,PLEASANTON,CA,94588,CWA,No,07/27/2022,
BIO RAD LABORATORIES,3110 REGATTA BLVD,RICHMOND,CA,94804,CWA,No,,
BIOCELL LABORATORIES INCORPORATED,2001  UNIVESITY DRIVE,RANCHO DOMINGUEZ,CA,90220,CWA,No,02/12/2019,
BIOLEGEND,11080 ROSELLE ST,SAN DIEGO,CA,92121,CWA,No,,
BIOLEGEND PACHTS,9727 PACIFIC HEIGHTS BLVD,SAN DIEGO,CA,92121,CWA,No,,
BIOMECHANICAL ANALYSIS,1050 W CENTRAL AVE,BREA,CA,92821,CWA,No,,
BIOMECHANICAL SERVICES,20509 EARLGATE ST,WALNUT,CA,91789,CWA,No,,
BIOMECHANICAL SERVICES,20509 EARLGATE STREET,DIAMOND BAR,CA,91789,CWA,No,10/30/2019,
BIOMEDICAL LIFE SYSTEMS,2448 CADES WAY,VISTA,CA,92081,CWA,No,,
BIOSENSE WEBSTER,15715 ARROW HWY,IRWINDALE,CA,91706,CWA,No,03/07/2019,
BIOSOLIDS TREATMENT,UNKNOWN,SALIDA,CA,00000,CWA,No,12/06/2006,
BIOTONE,4757 OLD CLIFFS ROAD,SAN DIEGO,CA,92120,CWA,No,,
BIPAC POLISHING & PLATING,1441 N RED GUM ST,ANAHEIM,CA,92806,CWA,No,,
BIPLANE ADVENTURES VINDEMIA WINERY,33133 VISTA DEL MONTE,TEMECULA,CA,92591,CWA,No,,
BIRCH HILLS GOLF COURSE RECONSTRUCTION OCFCD LOFTUS CHANNEL OCFCD EASEMENT AREA,BIRCH ST & KRAEMER BLVD,BREA,CA,92823,CWA,No,,
BIRDWELL ENTERPRISES,2129 S WRIGHT ST,SANTA ANA,CA,92705,CWA,No,07/30/2018,
BIRO & SONS,1160 FOLSOM ST,SAN FRANCISCO,CA,94102,CWA,No,03/31/2006,
BISHAMON,5651 E FRANCIS ST,ONTARIO,CA,91761,CWA,No,,
BISHOP SEWAGE TREATMENT PLANT,377 WEST LINE STREET 1236,BISHOP,CA,93514,CWA,No,,
BISHOP WASTE DISPOSAL,100 SUNLAND RESERVATION RD,BISHOP,CA,93514,CWA,No,01/29/2019,
BISHOP WASTEWATER TREATMENT PLANT,377 WEST LINE ROAD,BISHOP,CA,93514,CWA,No,,
BISHOP WS,NOT APPLICABLE,NOT APPLICABLE,CA,93950,CWA,No,,
BISON ENGINEERING,15535 TEXACO AVENUE,PARAMOUNT,CA,90723,CWA,No,10/28/2022,
BITETTO COMPLETE AUTO REPAIR,1011 N GROVE ST,ANAHEIM,CA,92806,CWA,No,,
BITNEY SPRINGS WWTR PONDS,BITNEY SPRINGS RD,NEVADA CITY,CA,95959,CWA,No,05/15/2003,
BITU GROUP,15870 BERNARDO CENTER DRIVE,SAN DIEGO,CA,92127,CWA,No,,
BIXBY PIT,BIXBY ROAD AT END,SAN JUAN BAUTISTA,CA,95023,CWA,Yes,,
BJ SERVICES SANTA FE SPRINGS,11927 GREENSTONE AVENUE,SANTA FE SPRINGS,CA,90670,CWA,No,,
BJ VENDING,546 VANGUARD WY,BREA,CA,92821,CWA,No,,
BK AUTO WRECKING,14134 GARFIELD AVENUE,PARAMOUNT,CA,90723,CWA,No,,
BK CELLARS URBAN WINERY,2225 BARHAM DR STE D,ESCONDIDO,CA,92029,CWA,No,,
BKK LANDFILL,2210 S SOUTH AZUSA AVE,WEST COVINA,CA,91792,CWA,No,12/07/2005,
BLACK & WHITE EMERGENCY VEHICLES,590 SOUTH VINCENT AVENUE,AZUSA,CA,91702,CWA,No,02/20/2020,
BLACK ANGEL MINE,27300 HODGE RD,BARSTOW,CA,92342,CWA,No,,
BLACK BICYCLE FARM,24800 COUNTY RD 101A,DAVIS,CA,95616,CWA,No,,
BLACK BUTTE AUTO DISMANTLER,800 HIGHWAY 97,WEED,CA,96094,CWA,No,,
BLACK BUTTE AUTO WRECKER,800 HWY 97,WEED,CA,96094,CWA,No,05/07/2012,
BLACK BUTTE WS,NOT APPLICABLE,FLOURNOY,CA,96021,CWA,No,,
BLACK OAK FOUNDRY,2141 EAST PHILADELPHIA STREET,ONTARIO,CA,91761,CWA,No,,
BLACK OAK MINE SCHOOL DISTRICT,6540 WENTWORTH SPRINGS RD,GEORGETOWN,CA,95634,CWA,No,11/14/2019,
BLACK OAK RANCH - 401 CERT,50250HIGHWAY 101,LAYTONVILLE,CA,95454,CWA,No,06/03/2019,
BLACK OXIDE INDUSTRIES,1745 ORANGETHORPE,ANAHEIM,CA,92801,CWA,Yes,,
BLACK OXIDE SERVICE,1070 LINDA VISTA,SAN MARCOS,CA,92078,CWA,No,05/03/2007,
BLACK PLAGUE BREWING,2550 JASON COURT,OCEANSIDE,CA,92056,CWA,No,,
BLACK POINT CINDER MINE,US HWY 395,LEE VINING,CA,93546,CWA,No,,
BLACK ROCK FISH HATCHERY,1 EAST BLACK ROCK SPRINGS ROAD,INDEPENDENCE,CA,93526,CWA,Yes,06/05/2012,
BLACK ROCK RESERVOIR,UNKNOWN,LAKESHORE,CA,93634,CWA,No,09/12/2019,
BLACK SHEEP FINDS,1500 E CHESTNUT CT,LOMPOC,CA,93436,CWA,No,,
BLACK STALLION WINERY,4089 SILVERADO TRAIL,NAPA,CA,94558,CWA,No,,
BLACKBIRD VINEYARDS,831 LATOUR COURT,NAPA,CA,94558,CWA,No,,
BLACKBIRD VINEYARDS,831 LATOUR COURT,NAPA,CA,94558,CWA,No,,
BLACKHAWK MEADOWS,2500 BLACKHAWK ROAD,DANVILLE,CA,94506,CWA,No,,
BLACKHAWK TRACT 6252,RENFRO ROAD AND NORIEGA ROAD,BAKERSFIELD,CA,93314,CWA,No,,
BLACKROCK LOGISTICS,15467 VALENCIA AVENUE,FONTANA,CA,92335,CWA,No,,
BLACKSTONE 6B,BRENTFORD WAY AND ROYAL OAKS DRIVE,EL DORADO HILLS,CA,95661,CWA,No,,
BLACKSTONE LOT W,CORNER OF BLACKSTONE PKWY AND CLUBVIEW DR,EL DORADO HILLS,CA,95762,CWA,No,01/08/2018,
BLACKSTONE UNITS 4 AND 5B,ROYAL OAKS DRIVE,EL DORADO HILLS,CA,95762,CWA,No,,
BLAGA PRECISION,11650 SEABOARD CIR,STANTON,CA,90680,CWA,No,11/19/2018,
BLAGA PRECISION INCORPORATED,11650 SEABOARD  CIRCLE,STANTON,CA,90680,CWA,No,10/29/2019,
BLAIN STUMPF TRUCKING,5561 5637 DAVIDSON RD,PLACERVILLE,CA,95667,CWA,No,12/22/2022,111998
BLAIR ADHESIVES,11034 LOCKPORT PL,SANTA FE SPRINGS,CA,90670,CWA,Yes,01/18/2023,
BLAKEMAN TILE AND MARBLE,5025 TRAFFIC WAY,ATASCADERO,CA,93422,CWA,No,,
BLANCHARD GRADING PLAN,15708 OLDE HWY 80,EL CAJON,CA,92021,CWA,No,,
BLANCO MARBLE & TILE,685 KINGS ROW  UNIT  G,SAN JOSE,CA,95112,CWA,No,,
BLAQUE DIAMOND,21500 NORDHOFF STREET UNIT A,CHATSWORTH,CA,91311,CWA,No,03/26/2021,
BLAST TECH BECAUSE RUST NEVER SLEEPS,1451 N WHITNEY,FRESNO,CA,93703,CWA,No,02/14/2024,
BLAZE TILE AND STONE,670 AND 672 ENTERPRISE STREET,ESCONDIDO,CA,92029,CWA,No,,
BLAZE TILE AND STONE,672 ENTERPRISE ST,ESCONDIDO,CA,92029,CWA,No,,
BLAZING STAR MILL/MINE,UNKNOWN,UNKNOWN,CA,00000,CWA,No,,
BLDG DEMOLITION OF FORMER COSTCO BLDG & STRP MALL,17301 E GALE AVE,INDUSTRY,CA,91744,CWA,No,09/12/2018,
BLENHEIM FACILITY MANAGEMENT,30753 LA PATA AVENUE,SAN JUAN CAPISTRANO,CA,92675,CWA,No,04/23/2019,
BLINKING OWL DISTILLERY,802 E WASHINGTON,SANTA ANA,CA,92701,CWA,No,,
BLITZ TRANSPORT,8867 WESTON ROAD,SANTEE,CA,92071,CWA,No,,
BLOCK 12E,718 LONGBRIDGE,SAN FRANCISCO,CA,94107,CWA,No,,
BLOCK 8 UTILITY RELOCATION,MISSION ROCK STREET EAST OF 3RD STREET,SAN FRANCISCO,CA,94158,CWA,No,,
BLOCK GRAPHICS,28401 MATTHEWS ROAD,ROMOLAND,CA,92585,CWA,No,02/15/2024,
BLOCKS 8/9/9A INFRASTRUCTURE IMPROVEMENTS,INTERSECTION OF TERRY A. FRANCOIS BLVD. AND CHINA,SAN FRANCISCO,CA,94158,CWA,No,,
BLOMBERG WINDOW SYSTEMS,1453 BLAIR AVENUE,SACRAMENTO,CA,95822,CWA,No,03/23/2022,
BLOMMER CHOCOLATE,1515 PACIFIC ST,UNION CITY,CA,94587,CWA,Yes,,
BLOOD FRACTIONATION & PROCESS,5555 VALLEY BLVD,LOS ANGELES,CA,90032,CWA,No,06/28/2006,
BLOOMINGTON DC,635 W VALLEY BLVD,BLOOMINGTON,CA,91730,CWA,No,,
BLOSSOM TILE & STONE,417 REYNOLDS CIR SUITE A,SAN JOSE,CA,95112,CWA,No,,
BLOW MOLDED PRODUCTS,4720 FELSPAR STREET,JURUPA VALLEY,CA,92509,CWA,No,,
BLOW MOLDED PRODUCTS,4720 FELSPAR STREET,JURUPA VALLEY,CA,92509,CWA,No,,
BLU HARBOR,1 UCCELLI BOULEVARD,REDWOOD CITY,CA,94063,CWA,No,,
BLUE APRON,3151 REGATTA BLVD,RICHMOND,CA,94804,CWA,No,,
BLUE BAIE VPBA1034A,32 AKASHI-MACHI CHUO-KU,"KOBE, JAPAN",CA,6500037,CWA,No,,
BLUE BARREL DISPOSAL,25772 SPRINGBROOK AVE,SAUGUS,CA,91350,CWA,No,,
BLUE BUS TOURS,50 QUINT STREET,SAN FRANCISCO,CA,92124,CWA,No,,
BLUE CROSS LABORATORIES,20950 CENTRE POINTE PKWY,SANTA CLARITA,CA,91350,CWA,No,,
BLUE DAISY CEMENT PROD,314 E COMPTON BLVD,ROSEWOOD,CA,90248,CWA,No,08/21/2017,
BLUE DIAMOND GROWERS SALIDA,4800 SISK ROAD,MODESTO,CA,95356,CWA,No,,
BLUE DIAMOND GROWERS TURLOCK,1300 NORTH WASHINGTON ROAD,TURLOCK,CA,95380,CWA,No,07/19/2017,
BLUE DIAMOND MATERIALS,11462 PENROSE STREET,SUN VALLEY,CA,91352,CWA,No,12/09/2015,
BLUE DIAMOND MATERIALS  INGLEWOOD,441 RAILROAD PL,INGLEWOOD,CA,90301,CWA,Yes,07/18/2023,
BLUE DIAMOND MATERIALS  SOUTH GATE,5625 SOUTHERN AVE,SOUTH GATE,CA,90280,CWA,No,08/09/2023,
BLUE DIAMOND MATERIALS  SUN VALLEY,11462 PENROSE ST,SUN VALLEY,CA,91352,CWA,Yes,07/27/2023,
BLUE DIAMOND MATERIALS  VICTORVILLE,15650 AIR EXPRESSWAY,VICTORVILLE,CA,92394,CWA,No,06/13/2023,
BLUE DOT SAFES,2707 NORTH GAREY AVENUE,POMONA,CA,91767,CWA,No,,
BLUE FRONT RECYCLING,2877  SOLANO AVE.,NAPA,CA,94558,CWA,No,,
BLUE FRONT RECYCLING,2877 SOLANO AVENUE,NAPA,CA,94558,CWA,No,09/15/2021,
BLUE GUM,1331 N BLUE GUM,PLACENTIA,CA,92806,CWA,No,,
BLUE JAY STONE WORKS,450 FOGG STREET,COLTON,CA,92324,CWA,No,,
BLUE LAKE RANCHERIA TOMA PROJECT,777 CASINO WAY,BLUE LAKE,CA,95525,CWA,No,,
BLUE LAKE SPRINGS WS,BLUE LAKE SPRINGS,ARNOLD,CA,95223,CWA,No,,
BLUE LEAD MINE,18272 RED DOG ROAD,GRASS VALLEY,CA,95945,CWA,No,,
BLUE LEAD MINE,18272 RED DOG ROAD,GRASS VALLEY,CA,95945,CWA,No,,
BLUE LINE TRANSFER STATION,500 E JAMIE COURT,SOUTH SAN FRANCISCO,CA,94083,CWA,No,,
BLUE MARBLE RECYCLING,443 VINELAND AVE,CITY OF INDUSTRY,CA,91790,CWA,No,,
BLUE MOUNTAIN MINERALS PR,WEST END OF CHIMNEY ROCK ROAD,PASO ROBLES,CA,93446,CWA,No,,
BLUE PACIFIC ALBALONE,P.O. BOX 1238,EL GRANADA,CA,94018,CWA,No,,
BLUE PACIFIC FLAVORS,1354 S MARION CT,CITY OF INDUSTRY,CA,91745,CWA,No,,
BLUE RIBBON FROZEN FOODS,303 INDUSTRIAL WAY,WATSONVILLE,CA,95076,CWA,No,11/13/2024,
BLUE RIBBONCONTAINER,11106 SHOE MAKER AVE,SANTA FE SPRINGS,CA,90605,CWA,No,,
BLUE RIDGE QUARRY,24951 GEYSERS ROAD,HOPLAND,CA,95449,CWA,No,08/16/2019,
BLUE ROCK QUARRY,24 E SOUTH FORK MOUNTAIN RD,REDDING,CA,96002,CWA,Yes,08/23/2022,
BLUE ROCK QUARRY,7888 HWY 116,FORESTVILLE,CA,95436,CWA,No,05/21/2019,
BLUE SKY GOLDEN STATE,3407 GRAPEVINE ST,MIRA LOMA,CA,91752,CWA,No,,
BLUE STAR ELECTRONICS,30502 HUNTWOOD AVENUE,HAYWARD,CA,94544,CWA,No,10/11/2019,
BLUE STAR METALS,3840 WACKER DRIVE,JURUPA VALLEY,CA,91752,CWA,No,,
BLUEDOT SAFES,2707 N GAREY AVENUE,POMONA,CA,91767,CWA,No,06/05/2019,
BLUETRITON,1566 E WASHINGTON BLVD,LOS ANGELES,CA,90021,CWA,No,,
BLUETRITON BRANDS,8670 YOUNGER CREEK RD,SACRAMENTO,CA,95828,CWA,No,,
BLUM PHASE 2,74689 DESERT ARROYO TRAIL,INDIAN WELLS,CA,92210,CWA,No,,
BLYTHE AIRPORT,17710 HOBSON WAY,BLYTHE,CA,92225,CWA,No,,
BLYTHE ENERGY,385 NORTH BUCK BOULEVARD,BLYTHE,CA,92225,CWA,No,,
BLYTHE LANDFILL,1000 MIDLAND RD,BLYTHE,CA,92225,CWA,No,,
BLYTHE RWRF,440 SOUTH MAIN ST.,BLYTHE,CA,92225,CWA,No,12/11/2017,
BLYTHE SITE,RIVERSIDE COUNTY,BLYTHE,CA,92226,CWA,No,04/18/1997,
BLYTHE SOLAR POWER PROJECT,BLACK ROCK ROAD,BLYTHE,CA,92225,CWA,No,,
BM HVAC FITTING SUPPLY,6215 RIVERCREST DR,RIVERSIDE,CA,92507,CWA,No,10/31/2022,
BM TECH AUTO DISMANTLING,3440 SUNRISE BLVD,RANCHO CORDOVA,CA,95661,CWA,No,,
BM TECH AUTO DISMANTLING,3460 SUNRISE BLVD,RANCHO CORDOVA,CA,95742,CWA,No,,
BMC MODESTO NATHAN BFS,2724 NATHAN LANE,MODESTO,CA,95357,CWA,No,,
BMI PRODUCTS,990 AMES AVE,MILPITAS,CA,95035,CWA,No,,
BMK PRECISION,2049 S HELLMAN AVE UNIT C,ONTARIO,CA,91761,CWA,No,04/02/2018,
BMK PREMIUM FENCE,1018 W GLADSTONE STREET,AZUSA,CA,91702,CWA,Yes,10/04/2022,
BMW OF MURRIETA,41430 AUTO MALL PKWY,MURRIETA,CA,92562,CWA,No,,
BNA COLOR INDUSTRY,5000 DISTRICT BLVD,VERNON,CA,90058,CWA,No,01/31/2019,
BNI HARLOW QUARRY,9001 CAJALCO RD,CORONA,CA,92883,CWA,No,,
BNS BREWING AND DISTILLING,10960 WHEATLANDS AVENUE,SANTEE,CA,92071,CWA,No,,
BNSF COMMERCE RAILYARD,6300 SHEILA ST,COMMERCE,CA,90040,CWA,No,,
BNSF EASTERN INTERMODAL,2818 SOUTH EASTERN AVENUE,COMMERCE,CA,90040,CWA,No,,
BNSF LA JUNCTION RAILWAY,4433 EXCHANGE AVE,LOS ANGELES,CA,90058,CWA,No,,
BNSF LA MIRADA FACILITY,14503 MACAW ST,LA MIRADA,CA,90638,CWA,Yes,04/29/2025,
BNSF NEEDLES FACILITY,834 FRONT ST,NEEDLES,CA,92363,CWA,No,11/14/2018,
BNSF NIMITZ FUELING TRACK,2980 NIMITZ ROAD,LONG BEACH,CA,90802,CWA,No,,
BNSF OAKLAND INTERNATIONAL GATEWAY,333 MARITIME STREET,OAKLAND,CA,94607,CWA,No,,
BNSF RAILWAY ALMOND (MARIPOSA) INTERMODAL,6540 SOUTH AUSTIN ROAD,STOCKTON,CA,95215,CWA,No,,
BNSF RAILWAY BAKERSFIELD,1501 F ST,BAKERSFIELD,CA,93301,CWA,No,,
BNSF RAILWAY BARSTOW,200 N AVENUE H,BARSTOW,CA,92311,CWA,No,05/21/2012,
BNSF RAILWAY BARSTOW,200 N AVENUE H,BARSTOW,CA,92311,CWA,No,,
BNSF RAILWAY CALWA,3901 E VINE AVE,FRESNO,CA,93725,CWA,No,,
BNSF RAILWAY CORONA,RADIO RD AND SAMPSON AVE,CORONA,CA,92879,CWA,No,,
BNSF RAILWAY CORONA,RADIO ROAD AND SAMPSON AVENUE,CORONA,CA,92879,CWA,No,,
BNSF RAILWAY HANFORD-KINGS PARK,10490 IDAHO AVENUE,HANFORD,CA,93230,CWA,No,,
BNSF RAILWAY HOBART,3770 E WASHINGTON BLVD,LOS ANGELES,CA,90023,CWA,Yes,,
BNSF RAILWAY KAISER,8798 DEPOT RD,FONTANA,CA,92335,CWA,No,,
BNSF RAILWAY MERCED,324 W 24TH STREET,MERCED,CA,95340,CWA,No,,
BNSF RAILWAY PITTSBURG,1 WEST SANTA FE AVENUE,PITTSBURG,CA,94565,CWA,No,,
BNSF RAILWAY PORT OF RICHMOND,861 WHARF STREET,RICHMOND,CA,94804,CWA,No,,
BNSF RAILWAY RICHMOND,980 HENSLEY ST,RICHMOND,CA,94801,CWA,No,,
BNSF RAILWAY RIVERBANK,3243 TALBOT AVE,RIVERBANK,CA,95367,CWA,No,,
BNSF RAILWAY SAN BERNARDINO,1535 W 4TH STREET,SAN BERNARDINO,CA,92411,CWA,No,,
BNSF RAILWAY SAN DIEGO,1342 CESAR E CHAVEZ PKWY,SAN DIEGO,CA,92113,CWA,No,,
BNSF RAILWAY STOCKTON,801 DIAMOND ST,STOCKTON,CA,95205,CWA,No,,
BNSF RAILWAY VICTORVILLE,16752 E ST,VICTORVILLE,CA,92392,CWA,No,,
BNSF RAILWAY WATSON,1302 LOMITA,WILMINGTON,CA,90744,CWA,No,,
BNSF TERMINAL ISLAND,100 NAVY WAY,SAN PEDRO,CA,90731,CWA,No,,
BOAT YARD AT GRAND MARINA,2021 ALASKA PACKER PLACE,ALAMEDA,CA,94501,CWA,No,02/06/2026,
BOATSWAYNE,BERTH 193,WILMINGTON,CA,92683,CWA,No,03/22/2012,
BOATSWAYNE,BERTH 193,WILMINGTON,CA,92683,CWA,No,,
BOATWORKS,2235 CLEMENT AVE,ALAMEDA,CA,94501,CWA,No,,
BOATYARD,13555 FIJI WAY,MARINA DEL REY,CA,90292,CWA,No,12/05/2018,
BOB HUBBARD HORSE TRANSPORTATION,3730 S RIVERSIDE AVE,COLTON,CA,92324,CWA,No,,
BOB MCGEE'S MACHINING,2735 SAN PABLO AVE,BERKELEY,CA,94702,CWA,No,,
BOB RICH SCHROEDER TRUCKING,30527 SAN ANTONIO ST,HAYWARD,CA,94544,CWA,No,,
"BOB YEAGAR, GOLD STAR DIARY",DAIRY RD,CORONA,CA,92880,CWA,No,03/02/2001,
BOBBY GREEN,3140 FOOTHILL BLVD,OROVILLE,CA,95966,CWA,No,,
BOBCAT ATHLETIC,2623 55TH STREET,HUNTINGTON PARK,CA,90255,CWA,No,06/20/2018,
BOBIC VPBE6243A,88 VOULIAGMENIS AVENUE,ATHENS,CA,16777,CWA,No,,
BOBRICK WASHROOM EQUIPMENT,6901 TUJUNGA AVENUE,NORTH HOLLYWOOD,CA,91605,CWA,No,,
BOC GASES,585888TH,SACRAMENTO,CA,95828,CWA,No,,
BODE CONCRETE,450 AMADOR STREET,SAN FRANCISCO,CA,94124,CWA,No,09/08/2010,
BODEGA FARMS,2000 ESTERO LN,SONOMA COUNTY,CA,94923,CWA,No,05/23/2022,
BODEGA MARINE LABORATORY,2099 WESTSHORE ROAD,BODEGA BAY,CA,94923,CWA,Yes,04/24/2024,
BODO ZACHAREK,9630 BLACK MOUNTAIN RD SUITE A,SAN DIEGO,CA,92126,CWA,No,,
BODY DESIGN SPORTSWEAR,5919 EAST OLYMPIC BOULEVARD,LOS ANGELES,CA,90022,CWA,No,,
BODYCOTE DEMOLITION,2829 2830 E WASHINGTON BLVD,LOS ANGELES,CA,90023,CWA,No,,
BODYCOTE THERMAL PROC,7474 GARDEN GROVE BLVD,WESTMINSTER,CA,92683,CWA,No,,
BODYCOTE THERMAL PROC,2900 S. SUNOL DR.,VERNON,CA,90023,CWA,No,03/29/2011,
BODYCOTE THERMAL PROCESSING,515 W APRA ST,RANCHO DOMINGUEZ,CA,90220,CWA,Yes,,
BODYCOTE THERMAL PROCESSING,2900 S SUNOL DR,VERNON,CA,90023,CWA,Yes,,
BODYCOTE THERMAL PROCESSING,4240 TECHNOLOGY DR,FREMONT,CA,94538,CWA,No,,
BODYCOTE THERMAL PROCESSING,3370 BENEDICT WAY,HUNTINGTON PARK,CA,90255,CWA,Yes,,
BODYCOTE THERMAL PROCESSING,9921 ROMANDEL AVE,SANTA FE SPRINGS,CA,90670,CWA,No,,
BOECKING MACHINING,170 GEMINI AVE,BREA,CA,92821,CWA,No,,
BOEGER WINERY,1709 CARSON,PLACERVILLE,CA,95667,CWA,No,09/10/2024,
"BOEING GWETS (GET H-B, SGSA GET, ADMIN GET)",10699 MATHER BLVD,RANCHO CORDOVA,CA,95670,CWA,No,05/30/2003,
BOEING SANTA SUSANA FIELD LABORATORY,5800 WOOLSEY CANYON RD,CANOGA PARK,CA,91304-1148,CWA,Yes,02/03/2016,
"BOERE, JOHN W",8973 MILNES RD,MODESTO,CA,95357,CWA,No,09/18/1997,
BOERSMA DAIRY,4050 RAMONA EXPRESSWAY,SAN JACINTO,CA,92582,CWA,No,,
BOGLE DELTA WINERY,49762 HAMILTON RD,CLARKSBURG,CA,95612,CWA,No,,
BOGLE VINEYARDS ORV SITE,38045 NETHERLANDS RD,CLARKSBURG,CA,95612,CWA,No,,
BOGLE WINERY,37783 CO RD 144,CLARKSBURG,CA,95612,CWA,No,,
BOHEMIAN GLASS,1559 1/2 W 132ND ST STE A,GARDENA,CA,90249,CWA,Yes,06/03/2021,
BOIRON INCORPORATED,4145 GUARDIAN STREET,SIMI VALLEY,CA,93063,CWA,No,06/18/2021,
BOIRON INCORPORATED,4145 GUARDIAN ST,SIMI VALLEY,CA,93063,CWA,No,,
BOIRON INCORPORATED,4145 GUARDIAN STREET,SIMI VALLEY,CA,93063,CWA,No,,
BOLANI EAST AND WEST GOURMENT FOOD,15023 RAMONA BOULEVARD,BALDWIN PARK,CA,91706,CWA,No,07/20/2018,
BOLCOF PLASTIC MATERIALS,960 W 10TH STREET,AZUSA,CA,91702,CWA,No,,
BOLERO PLASTICS,11850 BURKE,SANTA FE SPRINGS,CA,90670,CWA,No,,
BOLLEMA DAIRY,8261 SCHAEFER AVENUE,ONTARIO,CA,91761,CWA,No,11/30/2011,
BOLLEMA DAIRY - SCHAEFER,8261 SCHAEFER,ONTARIO,CA,91761,CWA,No,,
BOLLENBACH RESIDENCE,805 NIMES RD,LOS ANGELES,CA,90077,CWA,No,,
BOLT BREWERY,8179 CENTER STREET,LA MESA,CA,91942,CWA,No,08/14/2020,
BOLT BREWERY,1971 INDIA STREET,SAN DIEGO,CA,92101,CWA,No,,
BOMAR MACHINE,765 PINEFALLS AVE,DIAMOND BAR,CA,91789,CWA,No,,
BOMAR MACHINE,765 PINEFALLS AVE,DIAMOND BAR,CA,91789,CWA,No,08/24/2023,
BOMBARDIER,16750 SCHOENBORN STREET,NORTH HILLS,CA,91343,CWA,Yes,03/09/2023,
BON NICHE CELLARS,2627 GOLDEN EAGLE WAY,SAN MIGUEL,CA,93451,CWA,No,,
BONANZA ALUMINUM,1420 S BON VIEW AVE,ONTARIO,CA,91761,CWA,No,,
BONANZA AUTO DISMANTLER,5200 BONANZA AUTO ROAD,SHINGLE SPRINGS,CA,95623,CWA,Yes,,
BONANZA CONCRETE,15115 OXNARD ST,VAN NUYS,CA,91411,CWA,No,,
BONELLI ENTERPRISES,330 COREY WAY,SOUTH SAN FRANCISCO,CA,94080,CWA,No,,
BONEYARD AUTO PARTS,440 E REDONDO BEACH BLVD,ROSEWOOD,CA,90248,CWA,No,08/21/2017,
BONIPAK PRODUCE,1850 WEST STOWELL ROAD,SANTA MARIA,CA,93454,CWA,No,05/30/2024,
BONITA GATEWAY,3041 BONITA ROAD,CHULA VISTA,CA,92102,CWA,No,,
BONITA PACKING,1850 WEST STOWELL ROAD,SANTA MARIA,CA,93458,CWA,No,,
BONITA UNIFIED SCH DIST,115 W ALLEN AVE,SAN DIMAS,CA,91773,CWA,No,,
BONITO BEAUMONT,4TH ST,BEAUMONT,CA,92223,CWA,No,,
BONNIE WAY,6 BONNIE WAY,GLEN ELLEN,CA,95442,CWA,No,11/09/2017,
BONNIE WAY,4 BONNIE WAY,GLEN ELLEN,CA,95442,CWA,No,11/09/2017,
BONNIE WAY,2 BONNIE WAY,GLEN ELLEN,CA,95442,CWA,No,11/09/2017,
BONNIE WAY,1 BONNIE WAY,GLEN ELLEN,CA,95442,CWA,No,11/09/2017,
BONNIE WAY,3 BONNIE WAY,GLEN ELLEN,CA,95442,CWA,No,11/09/2017,
BONNIE WAY,149 BONNIE WAY,GLEN ELLEN,CA,95442,CWA,No,11/09/2017,
BONNIE WAY,7 BONNIE WAY,GLEN ELLEN,CA,95442,CWA,No,11/09/2017,
BONNIE WAY,5 BONNIE WAY,GLEN ELLEN,CA,95442,CWA,No,11/09/2017,
BONNY DOON QUARRY,1000 BONNY DOON ROAD,DAVENPORT,CA,40241,CWA,No,,
BONSALL LANDFILL,29370 TWIN OAKS VALLEY RD,BONSALL,CA,92084,CWA,No,,
BONSALL TRACT 4867 RPL 3,PUERTA DE LOMAS,BONSALL,CA,92003,CWA,No,,
BOOK HIGHLIGHT,1604 LA MIRANDA DRIVE STE 104,SAN MARCOS,CA,92078,CWA,No,07/28/2022,
BOOKER VINEYARD & WINERY,2640 ANDERSON ROAD,PASO ROBLES,CA,93446,CWA,No,,
BOOST POWER USA,2560 CALCITE CIRCLE,THOUSAND OAKS,CA,91320,CWA,No,04/10/2019,
BOOTSMA SILVA FARMS,541 NORTH WARREN,SAN JACINTO,CA,92582,CWA,No,,
BOOYAA CLOTHING,1121 E WAKEHAM AVE,SANTA ANA,CA,92705,CWA,No,07/30/2018,
BOOYAA CLOTHING,1121 E WAKEHAM AVE,SANTA ANA,CA,92705,CWA,No,,
BORBA BROS #1 (JOSE L),25342 TURNER RD,HILMAR,CA,95324,CWA,No,03/25/1998,
BORBA BROS #4 (JOHN),5297 KELLEY RD,HILMAR,CA,95324,CWA,No,03/25/1998,
BORBA DAIRY,20741 W RIVER RD,STEVINSON,CA,95374,CWA,No,04/30/1998,
"BORBA, MANUEL A",4335 CLAUS RD,MODESTO,CA,95355,CWA,No,09/18/1997,
BORDER COAST REGIONAL AIRPORT AUTHORITY,150 DALE RUPERT ROAD,CRESCENT CITY,CA,95531,CWA,No,,
BORDESSA DAIRY,14654 ESTERO RD,VALLEY FORD,CA,94972,CWA,No,10/07/1998,
BORDO INCORPORATED,10110 MILLER WAY,SOUTH GATE,CA,90280,CWA,No,10/16/2020,
BORDO INCORPORATED,10110 MILLER WAY,SOUTH GATE,CA,90280,CWA,No,,
BORDONI WATERSTONE PHASE 1C,REGENTS PARK DRIVE AND SANDHURST DRIVE,VALLEJO,CA,94591,CWA,No,01/18/2018,
BOREHOLE SEEP PROJECT,135 COLFAX,GRASS VALLEY,CA,95945,CWA,No,,
BOREHOLE SEEP PROJECT,135 COLFAX,GRASS VALLEY,CA,95945,CWA,No,,
BORGES DAIRY,2445 FRED HAIGHT DRIVE,SMITH RIVER,CA,95567,CWA,No,11/07/2012,
BORGES DAIRY,* NOT GIVEN,STOCKTON,CA,95215,CWA,No,02/22/2007,
BORIN MANUFACTURING INCORPORATED,5741 BUCKINGHAM PARKWAY,CULVER CITY,CA,90230,CWA,No,03/12/2018,
BORNEMAN TRUCKING,13757 HIGHWAY 8 BUSINESS,EL CAJON,CA,92021,CWA,No,05/12/2022,
BORREGO SPRINGS SCH DIST,1315 PALM CANYON DR,BORREGO SPRINGS,CA,92004,CWA,No,,
BORREGO VALLEY AIRPORT,PALM CANYON ROAD,BORREGO SPRINGS,CA,92004,CWA,No,03/13/2018,
BORRMANN METAL CENTER,12790 HOLLY ST,RIVERSIDE,CA,92509,CWA,No,,
"BOS, JOHN",4524 MILNES RD,MODESTO,CA,95357,CWA,No,09/18/1997,
BOSCH DAIRY,13567 SOUTH WHISPERING LAKES LANE,ONTARIO,CA,91761,CWA,No,09/29/2015,
BOSSARD,925 E ORANGEFAIR LN,ANAHEIM,CA,92801,CWA,No,,
BOSTON EYES,11823 E SLAUSON AVENUE,LOS ANGELES,CA,90670,CWA,No,08/14/2023,
BOSTON SCIENTIC NEUROMODULATION,25155 RYE CANYON LOOP,VALENCIA,CA,91355,CWA,No,10/12/2017,
BOSTON SCIENTIFIC,160 KNOWLES DR,LOS GATOS,CA,95032,CWA,No,,
BOSTON SCIENTIFIC,185 CONSTITUTION DR,MENLO PARK,CA,94025,CWA,No,,
BOSTON SCIENTIFIC,47201 LAKEVIEW BLVD,FREMONT,CA,94538,CWA,No,,
BOSTON SCIENTIFIC,3070 ORCHARD DRIVE,SAN JOSE,CA,95134,CWA,No,10/24/2019,
BOSTON SCIENTIFIC,150 BAYTECH DRIVE,SAN JOSE,CA,95134,CWA,No,07/28/2021,
BOTNBOT,13005 LOS NIETOS ROAD,SANTA FE SPRINGS,CA,90670,CWA,No,,
BOTTLE JACK WINERY,1088 LA MADRONA DRIVE,SANTA CRUZ,CA,95606,CWA,No,,
BOTTLING GROUP HAYWARD PLANT,29000 HESPERIAN BLVD,HAYWARD,CA,94545,CWA,No,06/14/2013,
BOUCHAINE VINEYARDS,1075 BUCHLI STATION ROAD,NAPA,CA,94559,CWA,No,,
BOULDER SPRINGS LOT 1 TRACT 33465,NORTHEAST CORNER OF CAJALCO RD & WOOD RD,PERRIS,CA,92570,CWA,No,,
BOULDERS,4700 VIA LOS SANTOS,SANTA BARBARA,CA,93111,CWA,No,,
BOUMATIC,5227 E PINE AVE,FRESNO,CA,93727,CWA,No,,
BOUNSALL FAMILY TRUST,UNKNOWN,LAKE COUNTY,CA,00000,CWA,No,,
BOURDELAIS GRINDING,4550 RUNWAY ST.,SIMI VALLEY,CA,93063,CWA,No,06/29/2022,
BOUTIQUE WINERY,38642 HWY 79,WARNER SPRINGS,CA,92086,CWA,No,,
BOWMAN PLATING,2631 E 126TH ST,COMPTON,CA,90222,CWA,No,,
BOWMONT SLOPE REPAIR,2601 TO 2671 BOWMONT DR,LOS ANGELES,CA,90210,CWA,No,,
BOX SPRINGS CREEK CONSERVATION AREA,UNKNOWN,UNKNOWN,CA,00000,CWA,No,,
BOYDS ASPHALT SERVICES,1350-A BURTON AVENUE,SALINAS,CA,93901,CWA,No,01/16/2020,
BOYER FERTILIZER,105 THOMPSON ROAD,WATSONVILLE,CA,95076,CWA,No,05/25/2022,
BOYS & GIRLS CLUB OF FRENCH VALLEY,28790 PUJOL STREET,TEMECULA,CA,92589,CWA,No,,
BOYS REPUBLIC FARM,1907 BOYS REPUBLIC,CHINO HILLS,CA,91709,CWA,No,,
BP WEST COAST PRODUCTS,2700 WEST WASHINGTON ST.,STOCKTON,CA,95203,CWA,No,03/20/2008,
BR COHN WINERY,15000 SONOMA HWY,GLEN ELLEN,CA,95442,CWA,No,,
BR COHN WINERY,15140 SONOMA HWY,GLEN ELLEN,CA,95442,CWA,No,,
BRACKISH WATER WELLS DEWATER,UNKNOWN,SAN JUAN CAPISTRANO,CA,92675,CWA,No,,
BRAD ANDERSON ENT,1240 SOUTH CUCAMONGA AVE,ONTARIO,CA,91761,CWA,No,,
BRADBURY AND GRIFFITH,18421 BRADBURY AVE,TURLOCK,CA,95380,CWA,No,03/15/2000,
BRADLEY,8960 BRADLEY,SUN VALLEY,CA,91342,CWA,Yes,07/16/2024,
BRADLEY AVENUE RECYCLED BASE FACILITY,8960 BRADLEY AVENUE,SUN VALLEY,CA,91352,CWA,No,12/08/2015,
BRADLEY FACILITY,1470 PRELL ROAD,SANTA MARIA,CA,93454,CWA,Yes,,
BRADLEY ROAD,BRADLEY ROAD AND THROWITA WAY,DIAMOND SPRINGS,CA,95618,CWA,No,,
BRADLEY TECH OF CA,447 E ROSECRANS AVENUE,ROSEWOOD,CA,90248,CWA,No,02/07/2018,
BRADLEY TECH OF CA,447 EAST ROSECRANS AVENUE,GARDENA,CA,90248,CWA,No,,
BRAGG COMPANIES,457 PARR BLVD,RICHMOND,CA,94801,CWA,Yes,,
BRAGG CRANE SERVICES,12650 1/2 SR 67,LAKESIDE,CA,92040,CWA,No,,
BRAINARD BOILER BLOWDOWN,5151HIGHWAY 101,EUREKA,CA,95501,CWA,No,,
BRAINARD REMANUFACTURING FACILITY,5151 HWY 101 N,EUREKA,CA,95501,CWA,No,,
BRAKE SERVICE,1281 WEST HOLT AVENUE,POMONA,CA,91768,CWA,No,12/12/2017,
BRANCO JOE,HILLMAR AREA,HILMAR,CA,95324,CWA,No,03/14/2000,
"BRANCO, JOEY",5855 MILNES RD,MODESTO,CA,95357,CWA,No,09/18/1997,
BRAND AUTO DISMANTLING,8426 SAN FERNANDO RD,SUN VALLEY,CA,91352,CWA,No,10/10/2017,
BRAND NAPA VALLEY,90 LONG RANCH ROAD,SAINT HELENA,CA,94574,CWA,No,,
BRANDENBERG FEEDYARD,903 WEST HWY 98,CALEXICO,CA,92231,CWA,No,02/09/2021,
BRANDON MONTOYA,YERBA VALLEY RD,LAKESIDE,CA,92040,CWA,No,,
BRANDT BEEF,6363 KNOTT AVE,BUENA PARK,CA,90620,CWA,No,03/28/2018,
BRANDT CONSOLIDATED,3594 E WAWONA AVENUE,FRESNO,CA,93725,CWA,No,,
BRANDT CONSOLIDATED INCORPORATED,12222 AVENUE 352,VISALIA,CA,93291,CWA,No,,
BRANFORD USED PARTS & DISMANTLING,12275 1/2 BRANFORD ST,SUN VALLEY,CA,91352,CWA,No,09/23/2021,
BRANSON MOLD POLISHING,840 W 9TH ST SUITE B,UPLAND,CA,91786,CWA,No,04/20/2023,
BRANTNER & ASSOCIATES INCORPORATED,1700 GILLESPIE WAY,EL CAJON,CA,92020,CWA,No,,
BRANTNER AND ASSOCIATESEL CAJON,1700 GILLESPIE WAY,EL CAJON,CA,92020,CWA,No,,
BRASIL & SONS DAIRY,20623 LONE TREE RD,ESCALON,CA,95320,CWA,No,01/30/2008,
BRASIL & SONS DAIRY #2,21768 LONE TREE RD,ESCALON,CA,95320,CWA,No,02/18/1999,
BRASIL DAIRY,UNKNOWN,UNKNOWN,CA,00000,CWA,No,03/16/2006,
BRASSFIELD ESTATE WINERY,10915 HIGH VALLEY RD,CLEARLAKE OAKS,CA,95423,CWA,No,,
BRATCHER WINERY,1515 E CHESTNUT AVE. STE B,LOMPOC,CA,93436,CWA,No,,
BRAUN INDUSTIRES,925 8TH ST,UNKNOWN,CA,00000,CWA,No,,
BRAVOS CUSTOM HARDWOOD CABINETS,4745 BROOKS STREET UNIT C,MONTCLAIR,CA,91763,CWA,No,,
BRAWLEY ARCO GAS STATION,NE CORNER OF AMERICAN LEGION ST AND HYW 86,BRAWLEY,CA,92227,CWA,No,,
BRAWLEY CITY WASTEWATER PLT,5015 BEST RD,BRAWLEY,CA,92227,CWA,No,02/14/2019,
BRAWLEY ELEMENTARY BUS SHOP,264 D ST,BRAWLEY,CA,92227,CWA,No,05/16/2018,
BRAWLEY WWTP,780 S. WESTERN AVE,BRAWLEY,CA,92227,CWA,No,,
BRAWLEY WWTP,5015 BEST RD,BRAWLEY,CA,92227,CWA,Yes,10/24/2023,
BRAY VINEYARDS,10590 SHENANDOAH ROAD,PLYMOUTH,CA,95669,CWA,No,,
BRC FABRICATION,170 GEMINI AVE,BREA,CA,92821,CWA,No,,
BREA,2000 TONNER CANYON RD,BREA,CA,92821,CWA,No,,
BREA CENTRAL PHASE 1,CORNER OF SITE DRIVE AND,BREA,CA,92821,CWA,No,,
BREA DISTRIBUTION CTR 38411,200 N PUENTE,BREA,CA,92821,CWA,No,,
BREA OLINDA LEASE,936 VALENCIA AVENUE,BREA,CA,92823,CWA,No,,
BREA OLINDA USD MAINTENANCE,565 N BERRY ST,BREA,CA,92821,CWA,Yes,,
BREEZE OPERATIONS ESCONDIDO,755 NORLAK AVENUE,ESCONDIDO,CA,92025,CWA,No,,
BREEZE OPERATIONS OCEANSIDE,303 VIA DEL NORTE,OCEANSIDE,CA,92024,CWA,No,03/02/2020,
BREITBURN,12720 TELEGRAPH ROAD,SANTA FE SPRINGS,CA,90670,CWA,No,,
BREK MANUFACTURING,13301 HALLDALE AVENUE,GARDENA,CA,90249,CWA,No,05/25/2021,
BREK MANUFACTURING,13301 HALLDALE AVE.,GARDENA,CA,90249,CWA,No,06/19/2018,
BREK MANUFACTURING,1513 WEST 132ND STREET,GARDENA,CA,90249,CWA,No,06/19/2018,
BREK MANUFACTURING,1435 WEST 178THSTREET,GARDENA,CA,90248,CWA,No,06/19/2018,
BREK MANUFACTURING,1436 WEST 134TH STREET,GARDENA,CA,90249,CWA,No,03/09/2018,
BREK MANUFACTURING,1539 WEST 134TH STREET,GARDENA,CA,90249,CWA,No,03/09/2018,
BREMER FAMILY WINERY,975 DEER PARK ROAD,NAPA,CA,94574,CWA,No,,
BREMER FAMILY WINERY,975 DEER PARK ROAD,SAINT HELENA,CA,94574,CWA,No,,
BREMER FAMILY WINERY VINEYARD,975DEER PARK,SAINT HELENA,CA,94574,CWA,No,,
BRENNTAG PACIFIC,4545 ARDINE ST,SOUTH GATE,CA,90280,CWA,No,03/14/2024,
BRENT BATES,3438 HELEN ST,OAKLAND,CA,94608,CWA,No,11/30/2017,
BRENT REDMOND TRANSPORTATION,1800 LANA WAY,HOLLISTER,CA,95023,CWA,No,02/10/2020,
BRENTHEL INDUSTRIES,2050 TRUMBLE ROAD,PERRIS,CA,92571,CWA,No,,
BRENTWOOD CITY WS,NOT APPLICABLE,BRENTWOOD,CA,94513,CWA,No,,
BRENTWOOD FARMS,BRENTWOOD FARMS,BRENTWOOD,CA,94513,CWA,No,,
BRENTWOOD READY MIX PLANT,2170 ELKINS WY,BRENTWOOD,CA,94528,CWA,No,,
BRENTWOOD SCHOOL,100 SOUTH BARRINGTON,LOS ANGELES,CA,90049,CWA,No,,
BRENTWOOD WWTF,150 CITY PARK WAY,BRENTWOOD,CA,94513,CWA,No,,
BRENTWOOD WWTP,2251 ELKINS WAY,BRENTWOOD,CA,94513,CWA,Yes,01/23/2017,
BRESSI RANCH LOT 10,2750 GATEWAY ROAD,CARLSBAD,CA,92011,CWA,No,,
BRET HARTE UNION HIGH SCHOOL DISTRICT,218 PERI STREET,ANGELS CAMP,CA,95221,CWA,Yes,08/15/2022,
BRET URNESS,2975 LIMESTONE WAY,PASO ROBLES,CA,93446,CWA,No,,
BREUNER MARSH RESTORATION AND PUBLIC ACCESS PROJECT,NORTH EXTENT OF GOODRICK AVENUE,RICHMOND,CA,94806,CWA,No,,
BREWER DESALTER (REVERSE OSMOSIS PLANT),405 MAPLE,TORRANCE,CA,90505,CWA,No,,
BREWERY & TASTING ROOM,7705 CONVOY CT,SAN DIEGO,CA,92111,CWA,No,,
BRIAN ARDEN WINERY,SILVERADO TRAIL,CALISTOGA,CA,94515,CWA,No,,
BRIAN BENSON CELLARS,2915 LIMESTONE WAY,PASO ROBLES,CA,93446,CWA,No,,
BRIAN KELLEHER,BERNARDO CTR DRIVE,SAN DIEGO,CA,92127,CWA,No,,
BRIAN SMART PROPERTY,37 PACIFIC HEIGHTS DR,OROVILLE,CA,95965,CWA,No,,
BRIANS SALVAGE  JUNK,2580 GREEN ISLAND RD,VALLEJO,CA,94503,CWA,No,,
BRIAR ROSE WINERY,41720 CALLE CABRILLO,TEMECULA,CA,92592,CWA,No,,
BRICKWAY,3430 BRICKWAY BLVD,SANTA ROSA,CA,95403,CWA,No,,
BRICKYARD COVE,UNKNOWN,RICHMOND,CA,NULL,CWA,No,,
BRIDGE BAY RESORT & MARINA,10300 BRIDGE BAY ROAD,REDDING,CA,96019,CWA,No,05/04/2011,
BRIDGE BAY RESORT MARINA,10300 BRIDGE BAY RD,REDDING,CA,96003,CWA,No,,
BRIDGE POINT LONG BEACH,2400 EAST ARTESIA BLVD,LONG BEACH,CA,90245,CWA,No,,
BRIDGE STREET NEIGHBORHOOD TRACT 2560,215 BRIDGE STREET,SAN LUIS OBISPO,CA,93401,CWA,No,03/10/2021,
BRIDGE WINERY,5151 SANTA FE ST SUITE H,SAN DIEGO,CA,92109,CWA,No,,
BRIDGE WINERY,5151 SANTA FE ST SUITE H,SAN DIEGO,CA,92109,CWA,No,,
BRIDGEHEAD MARINE SERVICES,30 FLEMING LANE,ANTIOCH,CA,94509,CWA,No,,
BRIDGEPORT,MCMWTC,BRIDGEPORT,CA,96107,CWA,No,,
BRIDGEPORT LANDFILL,50 GARBAGE PIT RD,BRIDGEPORT,CA,93517,CWA,No,,
BRIDGEPORT RESERVOIR,OWENS VALLEY,BRIDGEPORT,CA,93517,CWA,No,,
BRIDGES,RTE 126 MOUNTAIN VIEW,FILLMORE,CA,93015,CWA,No,,
BRIDGES PHASE 1B RESIDENTIAL,RTE 126 MOUNTAIN VIEW,VENTURA,CA,93015,CWA,No,10/08/2019,
BRIDGES VERTICAL BLINDS MANUFACTURERS,15635 COMMERCE LN,HUNTINGTON BEACH,CA,92649,CWA,No,,
BRIDGEVILLE QUARRY,15 SW BRIDGEVILLE T1N R3E,BRIDGEVILLE,CA,95526,CWA,No,12/18/2019,
BRIGGS MINE,8 ML S OF BALLARAT WINGATE RD,PANAMINT,CA,00000,CWA,No,08/14/2019,
BRIGGS RD,PAT ROAD AND BRIGGS ROAD,MURRIETA,CA,92584,CWA,No,,
BRIGHT VISION LED,312 OAK PL,BREA,CA,92821,CWA,No,,
BRIGHTON COLLECTIBLES LEEGIN,14022 NELSON AVE,CITY OF INDUSTRY,CA,91746,CWA,No,11/16/2023,
BRIGHTON LANDING,ELMIRA RD,VACAVILLE,CA,95688,CWA,No,,
BRIGHTWATER,SOUTHWEST CORNER OF LOS PATOS AND BOLSA CHICA,HUNTINGTON BEACH,CA,92649,CWA,No,,
BRINAN PIT,62397 SARGENT CANYON ROAD,SAN ARDO,CA,93450,CWA,No,,
BRINE FACILITY,BRINE FACILITY,BLOOMINGTON,CA,92316,CWA,No,,
BRIONES SOIL STOCKPILE SITE,ALONG OURSEN TRAIL ADJ BRIONES,ORINDA,CA,94563,CWA,No,,
BRISA STATION,NE AND SE CORNER VASCO ROAD AT BRISA STREET,LIVERMORE,CA,94550,CWA,No,,
BRISBANE,151 W HILL PL,BRISBANE,CA,94005,CWA,No,,
BRISBANE CITY WS,50 PARK PLACE,BRISBANE,CA,94005,CWA,No,,
"BRISBANE, CITY OF, SCS",SIERRA POINT PARKWAY AT US 101,BRISBANE,CA,94065,CWA,No,08/08/2007,
BRISCO ENTERPRISES MERCED CNTY,308 W.CHAMBERLAND & S.COMBS RD,MERCED,CA,95340,CWA,No,10/23/2007,
BRISCO RESIDENTIAL,14750 SUNRISE HILL ROAD,RIVERSIDE,CA,92508,CWA,No,,
BRISTOL,2833 A BRISTOL,KENWOOD,CA,95452,CWA,No,11/09/2017,
BRISTOL,2833 B BRISTOL,KENWOOD,CA,95452,CWA,No,11/09/2017,
BRISTOL,2861 BRISTOL,KENWOOD,CA,95452,CWA,No,,
BRISTOL,2803 BRISTOL,KENWOOD,CA,95452,CWA,No,11/09/2017,
BRISTOL,2835 BRISTOL,KENWOOD,CA,95452,CWA,No,11/09/2017,
BRISTOL,2847 BRISTOL,KENWOOD,CA,95452,CWA,No,11/09/2017,
BRISTOL,2805 BRISTOL,KENWOOD,CA,95452,CWA,No,11/09/2017,
BRISTOL,2865 BRISTOL,KENWOOD,CA,95452,CWA,No,11/09/2017,
BRITECH ELECTROPOLISHING,6821 CENTRAL AVENUE,NEWARK,CA,94560,CWA,No,,
BRITHINEE ELECTRIC,620 SOUTH RANCHO AVE,COLTON,CA,92324,CWA,No,,
BRITISH MARINE,9 EMBARCADERO CV,OAKLAND,CA,94606,CWA,Yes,10/26/2023,
BRITTEN GRANITE PIT,41668 QUAIL RUN DR,THREE RIVERS,CA,93271,CWA,Yes,,
BROADSTONE PROMENADE,127 EAST BROADWAY,LONG BEACH,CA,90802,CWA,No,,
BROADWAY AT PARK PLACE,ARCHIBALD AVE AT MERRILL AVENUE,ONTARIO,CA,91762,CWA,No,,
BROADWAY DRILL SITE,1325 S BROADWAY,LOS ANGELES,CA,90015,CWA,No,02/01/2022,
BROADWAY PALACE,1026 S BROADWAY,LOS ANGELES,CA,90015,CWA,No,,
BROADWAY PLAZA,1275 BROADWAY PLAZA,WALNUT CREEK,CA,94596,CWA,No,,
BROCK EXPRESS,16838 SIERRA HIGHWAY,CANYON COUNTRY,CA,91351,CWA,No,03/15/2018,
BROCKWAY SUMMIT ECP,SR 267 PM 6.7/8.7,KINGS BEACH,CA,96143,CWA,No,,
BRODT DAIRY,439 FULMORE ROAD,FERNDALE,CA,95536,CWA,No,,
BROKEN EARTH,679 CALF CANYON HWY,CRESTON,CA,93432,CWA,No,,
BRONZE WAY PLATING,3432 E 15TH ST,LOS ANGELES,CA,90023,CWA,No,,
BROOKLYN BASIN,845 EMBARCADERO,OAKLAND,CA,94606,CWA,No,,
BROOKLYN BASIN IMPORT SOIL AND STOCKPILE FOR PHASE I,321 EMBARCADERO,OAKLAND,CA,94607,CWA,No,,
BROOKLYN BASIN SOIL REMEDIATION AND MASS EXCAVATION FOR PHASE I,321 EMBARCADERO,OAKLAND,CA,94607,CWA,No,,
BROOKS NOTE WINERY,426 PETALUMA BLVD NORTH,PETALUMA,CA,94952,CWA,No,,
BROOKS PRODUCTS,1850 S PARCO AVE,ONTARIO,CA,91761,CWA,No,,
BROOKS QUARRY,11271 BROOKS RD,WINDSOR,CA,95492,CWA,No,,
BROOKS VALLEY SUBDIVISION,VALLEY BROOK DR N OF VALLEY RIDGE DR,REDDING,CA,96003,CWA,No,,
BROOKSIDE BORROW SITE,10901 HANNON RD,CHERRY VALLEY,CA,92223,CWA,No,,
BROOKVIEW,BROOKVIEW DRIVE,TRACY,CA,95377,CWA,No,,
BROS PALLETS,8118 MARBRISA AVE,WALNUT PARK,CA,90255,CWA,Yes,02/03/2023,
BROSAMER WALL,17997 HWY 46 E,SHANDON,CA,93461,CWA,No,11/21/2017,
BROTHER SIGNS,6075 STATE STREET,HUNTINGTON PARK,CA,90255,CWA,No,06/13/2018,
BROTHERS AUTO WRECKING,8548 SULTANA AVE,FONTANA,CA,92355,CWA,No,,
BROTHERS AUTO WRECKING,2091 W  STONEHURST DRIVE UNIT A,RIALTO,CA,92377,CWA,No,,
BROTHERS INTERNATIONAL DESSERTS,2727 SOUTH SUSAN STREET,SANTA ANA,CA,92704,CWA,No,,
BROTHERS INTERNATIONAL DESSERTS,1682 KETTERING STREET,IRVINE,CA,92614,CWA,No,10/29/2019,
BROTHERS PLATING,334 SOUTH MOTOR AVENUE,AZUSA,CA,91702,CWA,No,,
BROTHERS PLATING,334 S MOTOR AVENUE,AZUSA,CA,91702,CWA,No,,
BROTHERS SIGNS,6075 STATE ST,HUNTINGTON PARK,CA,90255,CWA,Yes,09/10/2024,
BROTHERS SIGNS,6075 STATE ST,HUNTINGTON PARK,CA,90255,CWA,No,,
BROTHERS THREE DAIRY,15133 CARPENTAR AVENUE,CHINO,CA,91710,CWA,No,04/22/2008,
BROWER DAIRY #2,13620 ROAD 180,LINDSAY,CA,93294,CWA,No,11/16/2004,
BROWN FIELD TECHNOLOGY PARK,NW CORNER AIRWAY RD & BRITTANIA BLVD,SAN DIEGO,CA,92154,CWA,No,,
BROWN FIELD TRUCK  AUTO DIST,1342 OTAY VALLEY RD,SAN DIEGO,CA,92154,CWA,No,,
BROWN IRON WORKS,11625 ANABEL AVE,GARDEN GROVE,CA,92843,CWA,No,,
BROWN LAND DISTURBANCE,4675 KILKARE LN,CHICO,CA,95973,CWA,No,,
BROWN PACIFIC INCORPORATED,13639 EAST BORA DRIVE,SANTA FE SPRINGS,CA,906700288,CWA,No,02/03/2011,
BROWN STRAUSS STEEL,14970 JURUPA AVENUE,FONTANA,CA,92337,CWA,No,,
"BROWN, REIFEISS, &  BROCK",EAST,HAYFORK,CA,96041,CWA,No,,
BRUCE & ELAINE BERRY,UNKNOWN,UNKNOWN,CA,00000,CWA,No,,
BRUCE R IVERSEN,11622 GRANDE VISTA DRIVE,WHITTIER,CA,90601,CWA,No,,
BRUCES TOWING RADIATOR  DISMANTLING,310 GREENHORN RD,YREKA,CA,96097,CWA,No,,
BRUCES TOWING RADIATOR & DISMANTLING,310 GREENHORN ROAD,YREKA,CA,96098,CWA,No,01/28/2010,
BRUKER NANO,3601 CALLE TECATE SUITE C,CAMARILLO,CA,93012,CWA,No,01/19/2018,
BRUKER SBO,112 ROBIN HILL ROAD,GOLETA,CA,93117,CWA,No,,
BRUMBY EQUESTRIAN PASTURE,BRUMBY FARMS,MURRIETA,CA,92562,CWA,No,,
BRUNOS IRON & METAL,3211 S GOLDEN STATE BLVD,FRESNO,CA,93725,CWA,No,03/26/2013,
BRYAN PRESS,1011 S STIMSON AVENUE,CITY OF INDUSTRY,CA,91745,CWA,No,,
BRYANT FAMILY VINEYARD,1567 SAGE CANYON ROAD,SAINT HELENA,CA,94574,CWA,No,,
BRYANT FIELD,76 STOCK DRIVE,BRIDGEPORT,CA,93517,CWA,No,,
BRYMAN PIT,14651 S BRYMAN ROAD,ORO GRANDE,CA,92368,CWA,No,02/22/2018,
BRYNMAR DEVELOPMENT DBA SHALE COMPANIES,3329 W CASTOR ST,SANTA ANA,CA,92704,CWA,No,,
BRYTON PRINTING,3345 E MIRALOMA AVE,ANAHEIM,CA,92806,CWA,Yes,,
BSNF RAILWAY MATERIAL STORAGE YARD,320 S CACTUS AVE,RIALTO,CA,92376,CWA,No,,
BTI WIRELESS,6185 PHYLLIS DRIVE UNIT D,CYPRESS,CA,90630,CWA,No,,
BUCHER DAIRY,5285 WESTSIDE ROAD,HEALDSBURG,CA,95448,CWA,No,06/22/2011,
BUCKEYE UNION SCHOOL DISTRICT,2480 MERRYCHASE DR,CAMERON PARK,CA,95682,CWA,No,,
BUCKLEY SUBDIVISION,795 BUCKLEY ROAD,SAN LUIS OBISPO,CA,93401,CWA,No,,
BUCKS STAIR TREADS,15641 BOYLE AVE,FONTANA,CA,92337,CWA,No,07/01/2021,
BUCKS STAIR TREADS AND CONCRETE PRODUCTS,15461 BOYLE AVENUE,FONTANA,CA,92337,CWA,No,,
BUCY DIECAST,633 S GLENWOOD PL,BURBANK,CA,91506,CWA,No,,
BUDGE TOWING,85220 AVENUE 50,COACHELLA,CA,92236,CWA,No,12/22/2022,
BUDGE TOWING,85220 AVENUE 50,COACHELLA,CA,92236,CWA,No,02/28/2023,
BUDGET AUTO WRECKING,10430 RASMUSSEN AVENUE,GOSHEN,CA,93291,CWA,No,,
BUDGET AUTO WRECKING,163 S HAMILTON BLVD,POMONA,CA,91766,CWA,Yes,09/09/2024,
BUDGET ENVIRONMENTAL,1963 MOUNT VERNON AVE.,POMONA,CA,91768,CWA,No,11/28/2017,
BUDNIK WHEELS,5342 OCEANUS LN,HUNTINGTON BEACH,CA,92649,CWA,No,,
BUEHLER VINEYARDS,820 GREENFIELD RD,SAINT HELENA,CA,94574,CWA,Yes,,
BUELLTON VILLAGE NEIGHBORHOOD PARK,VALLEY VINEYARD CIRCLE,BUELLTON,CA,93427,CWA,No,,
BUENA PARK COLD STORAGE,6880 CABALLERO BLVD,BUENA PARK,CA,90620,CWA,No,03/28/2018,
"BUENA SD, SHADOWRIDGE WRP",600 EUCALYPTUS AVE,VISTA,CA,92083,CWA,No,,
BUENA VISTA BERRY CLAY MINE,COAL MINE RD,IONE,CA,95640,CWA,No,,
BUENA VISTA BIOMASS POWER,4655 COAL MINE RD,IONE,CA,95640,CWA,No,12/13/2022,
BUENA VISTA CLAY PIT,BUENA VISTA ROAD,IONE,CA,95640,CWA,No,,
BUENA VISTA ENVIRONMENTAL,LOT 9-1 & 2 TRACT 2411,PTII,GU,96915,CWA,No,05/04/2023,
BUENA VISTA FOODS,823 W EIGHT STREET,AZUSA,CA,91702,CWA,No,,
BUENA VISTA LANDFILL,6500 BUENA VISTA RD,IONE,CA,95640,CWA,No,,
BUENA VISTA MINE,KLAU MINE RD,PASO ROBLES,CA,93446,CWA,No,12/22/2005,
BUENA VISTA WINERY,18000 OLD WINERY RD,SONOMA,CA,95476,CWA,No,,
BUENA VUE CASINO,4560 COAL MINE ROAD,IONE,CA,95640,CWA,No,,
BUILDERS CONCRETE,3169 BEACHWOOD DR,MERCED,CA,95348,CWA,Yes,,
BUILDERS CONCRETE,3664 W ASHLAN AVE,FRESNO,CA,93722,CWA,Yes,,
BUILDERS CONCRETE,1641 TOLLHOUSE,CLOVIS,CA,93612,CWA,No,,
BUILDERS CONCRETE,17041 E KINGS CANYON RD,SANGER,CA,93657,CWA,Yes,,
BUILDING #272 & #73,1000  23RD AVE,PORT HUENEME,CA,93043,CWA,No,07/10/2002,
BUILDING 34,1511 GRANDVIEW DRIVE,SOUTH SAN FRANCISCO,CA,94080,CWA,No,,
BUILDING 51 SITE DEVELOPMENT,3801 MIRANDA ANVENUE,PALO ALTO,CA,94304,CWA,No,02/20/2019,
BUILDING 9,3437 S AIRPORT WAY,STOCKTON,CA,95206,CWA,No,,
BUILDING A B & C OF 4S RANCH,CAMINO DEL NORTE & DOVE CANYON RD,SAN DIEGO,CA,92129,CWA,No,,
BUILDING A40,12365 CROSTHWAITE CIRCLE,POWAY,CA,92064,CWA,No,,
BUILDING M,16051 EL PRADO ROAD,CHINO,CA,91708,CWA,No,,
BUILDING MATERIAL DISTRIBUTORS GALT,225 ELM AVENUE,GALT,CA,95632,CWA,No,11/22/2019,
BUILT MACHINE,7955 SILVERTON AVE 1207,SAN DIEGO,CA,92126,CWA,No,,
BULK TRANS,415 S LEMON AVE,WALNUT,CA,91789,CWA,No,09/21/2018,
BULK TRANSPORTATION,3032 S EL DORADO ST,STOCKTON,CA,95206,CWA,No,,
BULL GRILLS AND SPAS,1980 DIAMOND STREET,SAN MARCOS,CA,92078,CWA,No,06/29/2022,
BULL OUTDOOR PRODUCTS,2483 WEST WALNUT AVENUE,RIALTO,CA,92376,CWA,No,,
BULLARD HIGH SCHOO MASTER PLAN IMPROVEMENTS,5445 N PALM AVE,FRESNO,CA,93704,CWA,No,,
BULLDOG RECYCLING,3366 WEST SUSSEX WAY,FRESNO,CA,93722,CWA,No,,
BULLET HEADS,410 S MOTOR AVE UNIT C,AZUSA,CA,91702,CWA,Yes,07/01/2024,
BULLFROG FARMS,2338 WEST PAYNE,IMPERIAL,CA,92273,CWA,No,06/09/2022,
BULLSEYE ENTERPRISES,2761 SATURN ST,BREA,CA,92821,CWA,No,,
BULLSEYE RECYCLING,705 810 HIGHWAY 395 EAST,SUSANVILLE,CA,96130,CWA,No,,
BULLY HILL & RISING STAR MINES,SQUAW CREEK ARM OF SHASTA LAKE,REDDING,CA,96001,CWA,No,07/28/2015,
BUNDY BLOCKS,2201 BUNDY,LOS ANGELES,CA,90064,CWA,No,,
BUNDY CANYON BORROW SITE,BUNDY CANYON RD  WALNUT CREEK ROAD,WILDOMAR,CA,92562,CWA,No,,
BUNKER HILL FACILITY  (UTILITY VAULTS),715 WEST 3RD,LOS ANGELES,CA,90071,CWA,No,,
BUNKER WATER TANK,SMALL SERVICE ACCESS ROAD OFF OF BUNKER DR,TAHOE CITY,CA,96145,CWA,No,,
BURBANK,777 FRONT ST,BURBANK,CA,91510,CWA,No,,
BURBANK AIRPORT AUTHORITY,2627 HOLLYWOOD,BURBANK,CA,91352,CWA,Yes,09/14/2023,
BURBANK AVENUE ELEMENTARY SCHOOL,1683 BURBANK AVENUE,SANTA ROSA,CA,95407,CWA,No,06/21/2012,
BURBANK CITY PUB SER DEPT,164 W MAGNOLIA BLVD,BURBANK,CA,91502,CWA,No,,
BURBANK CITY PUB WORKS MAINTENANCE YARD,124 S LAKE ST,BURBANK,CA,91502,CWA,Yes,,
BURBANK CITY WATER DEPARTMENT WS,164 WEST MAGNOLIA,BURBANK,CA,91503,CWA,No,,
BURBANK LIMESTON,1845 COMMERCIAL ST,ESCONDIDO,CA,92029,CWA,Yes,09/18/2023,
BURBANK LIMESTONE,1845 COMMERCIAL STREET,ESCONDIDO,CA,92029,CWA,No,,
BURBANK PUMP PLANT,SOUTH BOUND ROUTE FREEWAY 5 NEW EMPIRE OFF-RAMP,BURBANK,CA,91504,CWA,No,,
BURBANK RECYCLE CENTER,500 S FLOWER ST,BURBANK,CA,91502,CWA,No,,
BURBANK VINEYARDS & WINERY,5685 EL POMAR DRIVE,TEMPLETON,CA,93465,CWA,No,,
BURBANK VINEYARDS & WINERY,5685 EL POMAR DRIVE,TEMPLETON,CA,93465,CWA,No,,
BURBANK WATER RECLAMATION PLANT,740 N LAKE ST,BURBANK,CA,91502,CWA,No,,
BURBANK WRP,740 N. LAKE STREET,BURBANK,CA,91502,CWA,Yes,04/16/2025,
"BURBANK, CITY OF",275 EAST OLIVE AVENUE,BURBANK,CA,91502,CWA,No,,
BURGESS CELLARS,1108 DEER PARK ROAD,DEER PARK,CA,94576,CWA,No,,
BURI BURI ELEMENTARY SCHOOL,120 EL CAMPO DRIVE,SOUTH SAN FRANCISCO,CA,94080,CWA,No,,
BURKEM MOLD AND MACHINE INCORPORATION,17525 ALDER ST UNIT 24,HESPERIA,CA,92345,CWA,No,,
BURLINGAME WWTF,1103 AIRPORT BOULEVARD,BURLINGAME,CA,94010,CWA,Yes,06/18/2024,
BURLINGAME WWTF,1103 AIRPORT BLVD,BURLINGAME,CA,94010-1909,CWA,No,,
"BURLINGAME, CITY OF, COL SYS",CALIFORNIA DRIVE AT OAK GROVE,BURLINGAME,CA,94010,CWA,No,08/09/2007,
BURLINGHAM SPORTS,4575 DANITO COURT,CHINO,CA,91710,CWA,No,,
BURLINGTON NORTHER RAILROAD,3901 EAST VINE AVENUE,FRESNO,CA,93725,CWA,No,,
BURLINGTON NORTHERN - RAILYARD,1535 W. 4TH STREET,SAN BERNARDINO,CA,92411,CWA,No,03/15/2011,
BURLINGTON NORTHERN AND SANTA FE RAILROAD (BNSF) COMMERCE MECHANICAL MAINTENANCE,6300 E. SHEILA STREET,COMMERCE,CA,90040,CWA,No,02/16/2011,
BURLINGTON NORTHERN SANTA FE,IRWIN RD - 5 MI N OF BARSTOW,BARSTOW,CA,92311,CWA,No,,
BURNETT ENGRAVING,1351 N HUNDLEY ST,ANAHEIM,CA,92806,CWA,No,,
BURNEY BASIN MOSQUITO ABATEMENT DISTRICT AQUATIC APPLICATION,VARIOUS,BURNEY,CA,96013,CWA,No,,
BURNEY FOREST POWER,35586-B HWY 299 E,BURNEY,CA,96013,CWA,Yes,09/17/2024,
BURNEY WATER DISTRICT WS,20222 HUDSON STREET,BURNEY,CA,96013,CWA,No,,
BURNSIDE APARTMENTS,616 SOUTH BURNSIDE,LOS ANGELES,CA,90036,CWA,No,01/21/2022,
BURRELL SCHOOL VINEYARDS AND WINERY,24060 SUMMIT ROAD,LOS GATOS,CA,95033,CWA,No,,
BURRTEC BARSTOW YARD,2340 W MAIN ST,BARSTOW,CA,92311,CWA,No,,
BURRTEC COACHELLA YARD,53 600 POLK ST,COACHELLA,CA,92236,CWA,No,06/14/2024,
BURRTEC FONTANA YARD,9890 CHERRY AVE,FONTANA,CA,92335,CWA,No,07/25/2019,
BURRTEC POMONA YARD,1250 E HOLT AVE,POMONA,CA,91767,CWA,No,12/28/2017,
BURRTEC VICTORVILLE YARD,17080 STODDARD WELLS RD,VICTORVILLE,CA,92394,CWA,No,,
BURRTEC YUCCA VALLEY YARD,4878 NEWTON RD,YUCCA VALLEY,CA,92284,CWA,No,,
BURT ENTERPRISE,1142 SOUTH DIAMOND BAR BOULEVARD #227,DIAMOND BAR,CA,91765,CWA,No,,
BUS GARAGE,430 ALGER ST,FORT BRAGG,CA,95437,CWA,Yes,,
BUS GARAGE,661 FIRST ST,FILLMORE,CA,93015,CWA,Yes,12/13/2019,
BUS MAINTENANCE FACILITY,CORNER OF 8TH AND NO. JEFFERSSON 1609 8TH STREET,MODESTO,CA,95354,CWA,No,,
BUS MAINTENANCE FACILITY,CORNER OF 8TH AND NO JEFFERSON,MODESTO,CA,95354,CWA,No,,111998
BUS MAINTENANCE FACILITY,353 BROWN ST,VACAVILLE,CA,95688,CWA,No,03/12/2024,
BUSCH WOODWORKING,242 BINGHAM DRIVE # 108,SAN MARCOS,CA,92069,CWA,No,,
BUSD TRANSPORTATION YARD,1001 COUGAR WAY,BEAUMONT,CA,92223,CWA,No,,
BUSH POLISHING & CHROME,2236 W 2ND ST,SANTA ANA,CA,92703,CWA,No,,
BUSH POLISHING & CHROME,11544 ANABEL AVE,GARDEN GROVE,CA,92843,CWA,No,,
BUSH POLISHING & CHROME,2236 W 2ND ST,SANTA ANA,CA,92703,CWA,No,04/16/2019,
BUSINESS CENTER DR. EAST,INTERSECTION OF CAMPUS CT. & KAISER DR.,FAIRFIELD,CA,94534,CWA,No,11/11/2009,
BUSINESS COPIER SOLUTIONS,12130 DEARBORN PL,POWAY,CA,92064,CWA,No,,
BUSINESS FORMS UNLIMITED,1477 E WARNER AVE,SANTA ANA,CA,92705,CWA,No,07/30/2018,
BUSTER BIOFUELS,1170 INDUSTRIAL AVENUE,ESCONDIDO,CA,92029,CWA,No,,
BUSY BEE TOOLING,1620 S MARIGOLD AVE,ONTARIO,CA,91761,CWA,No,04/07/2020,
BUSY BEE TRANSPORTATION IN,10608 BANANA AVENUE,FONTANA,CA,92337,CWA,No,,
BUTLER BOX & STAKE,3514 WESTMINSTER AVENUE,SANTA ANA,CA,92703,CWA,No,12/26/2018,
BUTLER MACHINING AND DESIGN INCORPORATED,155 BALBOA ST D4,SAN MARCOS,CA,92069,CWA,No,,
BUTTE CNTY MOSQUITO & VECTOR CONTROL DISTRICT APPLICATION,VARIOUS,OROVILLE,CA,95965,CWA,No,,
BUTTE COMMUNITY COLLEGE DISTRICT,3536 BUTTTE CAMPUS DR,OROVILLE,CA,95968,CWA,No,,
BUTTE REGIONAL TRANSIT OPERATIONS CENTER,326 HUSS DRIVE,CHICO,CA,95928,CWA,No,,
BUTTE SAND AND GRAVEL,10373 S BUTTE RD,SUTTER,CA,95982,CWA,No,,
BUTTERFLY CREEK WINERY,4063,MARIPOSA,CA,95538,CWA,No,,
BUTTKE DIARY,6033 BLANK ROAD,SEBASTOPOL,CA,95472,CWA,No,11/17/2011,
BUTTONWILLOW 12 ACRE PARK,556 MILO AVENUE,BUTTONWILLOW,CA,93206,CWA,No,,
BUTTONWILLOW SITE,NPDES PERMIT,BUTTONWILLOW,CA,93206,CWA,No,09/13/2001,
BUZZTAIL WS,NOT APPLICABLE,CHICO,CA,95973,CWA,No,,
BW AUTO DISMANTLERS,2031 PFE RD,ROSEVILLE,CA,95747,CWA,Yes,01/25/2022,
BWAY CORERATION,11440 PACIFIC AVENUE,FONTANA,CA,92337,CWA,No,,
BWC CORCORAN,715 YODER BLVD,CORCORAN,CA,93212,CWA,No,,
BYINGTON STEEL TREATING,1225 MEMOREX DR,SANTA CLARA,CA,95050,CWA,No,,
BYLSMA BROS,6624 CRANE RD,OAKDALE,CA,95361,CWA,No,09/19/1997,
BYRON CRUSHING AND GRINDING,5595 BYRON HOT SPRINGS ROAD,BYRON,CA,94514,CWA,No,,
BYRON HOT SPRINGS,BYRON HOT SPRINGS,ANTIOCH,CA,94509,CWA,No,04/29/1997,
BYRON HOT SPRINGS,BYRON HOT SPRINGS,BYRON,CA,94514,CWA,No,,
BYRON WINERY,5250 TEPUSQUET ROAD,SANTA MARIA,CA,93454,CWA,No,,
BYRON-BETHANY ID-AQ PESTICIDE,KELLOGG CREEK,BYRON,CA,94514,CWA,No,,
C  C TRANSPORTATION,15220 LAKEWOOD BLVD,BELLFLOWER,CA,90706,CWA,No,03/18/2022,
C  D ZODIAC,12472 INDUSTRY ST,GARDEN GROVE,CA,92841,CWA,No,,
C  K JOHNSON INDUSTRIES,1061 SAMOA BLVD,ARCATA,CA,95521,CWA,No,,
C  K JOHNSON INDUSTRIES,1061 SAMOA BLVD,ARCATA,CA,95521,CWA,No,,
C & D BUILDERS AND DEVELOPERS,"16015, 16029, 16039 CERES AVE",FONTANA,CA,92335,CWA,Yes,,
C & G DYE HOUSE,7726 MAIE AVENUE UNIT B,LOS ANGELES,CA,90001,CWA,No,04/13/2021,
C & H ENTERPRISES,46939 BAYSIDE PARKWAY,FREMONT,CA,94538,CWA,No,,
C & J METAL PRODUCTS,6323 ALONDRA BOULEVARD,PARAMOUNT,CA,90723,CWA,No,,
C & N INTERNATIONAL,800 GRAND AVENUE UNIT C3,DIAMOND BAR,CA,91765,CWA,No,,
C & R AUTO REPAIR,12231 S ALAMEDA STREET,COMPTON,CA,90222,CWA,No,,
C & T AUTO WRECKING,121 SOUTH HAMILTON BOULEVARD,POMONA,CA,91766,CWA,No,,
C & Y GLOBAL WAREHOUSE,6185 INDUSTRIAL WAY,LIVERMORE,CA,94550,CWA,No,,
C AND C TRUCKING,20764 MARKHAM STREET,PERRIS,CA,92570,CWA,No,,
C AND G DYE HOUSE,7726 MAIE AVENUE,LOS ANGELES,CA,90001,CWA,No,,
C AND H MACHINE,939 & 943 S ANDREASEN DR,ESCONDIDO,CA,92029,CWA,No,08/12/2021,
C AND R EXTRUSIONS,2618 RIVER AVE,ROSEMEAD,CA,91770,CWA,No,,
C AND R PLATING INCORPORATED,245 W 135 STREET,LOS ANGELES,CA,90061,CWA,Yes,11/08/2024,
C AUTO GROUP,13832 VALLEY BLVD,LA PUENTE,CA,91746,CWA,No,12/01/2021,
C AUTO WRECKING,3131 EDISON HWY,BAKERSFIELD,CA,93307,CWA,No,,
C BARR ENGINEERING,2119 S SANTA FE ST,SANTA ANA,CA,92705,CWA,No,,
C C ASSOCIATES,22330 SHERMAN WAY,CANOGA PARK,CA,91303,CWA,No,01/28/2000,
C C FABRICATION AND INSTALLATION,2100 E HOWELL AVE,ANAHEIM,CA,92806,CWA,No,,
C ENTERPRISES,2445 CADES WAY,VISTA,CA,92081,CWA,No,,
C F GAGLIASSO TR,415 ALDO AVE,SANTA CLARA,CA,95054,CWA,No,08/28/2019,
C RENNER PETROLEUM,255 STATE HWY 101 SOUTH,CRESCENT CITY,CA,95531,CWA,Yes,,
C RENNER PETROLEUM,255 STATE HIGHWAY 101 SOUTH,CRESCENT,CA,95531,CWA,No,03/16/2011,
