facility_name,street,city,state,zip,violation_program,violation_type,inspection_date,naics_code
1000 7TH ST NE,1000 7TH ST NE,WEST,ND,58078,CWA,No,,
1128 BISMARCK LLC,"1110, 1122, AND 1128 WEST TURNPIKE AVE.",UNKNOWN,ND,58000,CWA,No,05/24/2018,
11TH AVE NW WATERMAIN REPLACEMENT,11TH AVE NW,MINOT,ND,58701,CWA,No,,
13-MILE LANDFILL - SECURE WASTE INFRASTRUCTURE USA LLC,13809 66TH ST NW,WILLISTON,ND,58801,CWA,Yes,06/25/2024,562212
13TH STREET SOUTHEAST URBAN RECONSTRUCTION,13TH ST SE AND 21ST AVE SE,MINOT,ND,8701,CWA,No,08/13/2013,
"1492, INC.",REMOTE LOCATION,UNKNOWN,ND,58000,CWA,No,,
1506 S WASHINGTON STREET,1506 SOUTH WASHINGTON STREET,GRAND FORKS,ND,58201,CWA,No,,
161 COMMERCIAL LLC,2500 CENTENNIAL RD,UNKNOWN,ND,58000,CWA,No,,
16TH CROSSING LLC,REMOTE LOCATION,UNKNOWN,ND,58000,CWA,No,,
"1804 LTD., LLC",REMOTE LOCATION,UNKNOWN,ND,58000,CWA,No,,
1804 OPERATING,REMOTE LOCATION,UNKNOWN,ND,58000,CWA,No,,
1804 OPERATING,REMOTE LOCATION,UNKNOWN,ND,58000,CWA,No,,
1804 OPERATING,REMOTE LOCATION,UNKNOWN,ND,58000,CWA,No,,
"1804 OPERATING, LLC",REMOTE LOCATION,UNKNOWN,ND,58000,CWA,No,,
"188 W. MUSEUM DRIVE, DICKINSON",188 W MUSEUM DR,DICKINSON,ND,58601,CWA,No,,
19(89)19 GILSTAD BORROW,COUNTY ROAD 19,NEW TOWN,ND,58763,CWA,No,,
19(89)19 MOUNTRAIL COUNTY ROUTE 19,8902 37TH ST NW,NEW TOWN,ND,58763,CWA,No,,
19(89)19 STARR BORROW,COUNTY ROAD 19,NEW TOWN,ND,58763,CWA,No,,
2 VETS MOVING COMPANY,5124 MIDWEST DRIVE,UNKNOWN,ND,58000,CWA,No,,
"2015 GRAND FORKS, LLC",REMOTE LOCATION,UNKNOWN,ND,58000,CWA,No,,
2018 MAIN STREET PROJECT,MAIN STREET,PARSHALL,ND,58770,CWA,No,,
2019-01,16616 COUNTY ROAD 10,MAPLETON,ND,58059,CWA,No,,
"2022 BISMARCK, LLC",1605 NORTHERN PLAINS DR,UNKNOWN,ND,58000,CWA,No,,
2024 CRARY PARK IMPROVEMENTS,(UNKNOWN ADDRESS),(UNKNOWN CITY),ND,00000,CWA,No,,
2024 STREET IMPROVEMENTS CITY OF PARSHALL,MAIN STREET,PARSHALL,ND,58770,CWA,No,,
2024 TAXIWAY C PAVEMENT REHABILITATION AND EDGE LIGHTING REPLACEMENT AT MOT,305 AIRPORT ROAD,MINOT,ND,58703,CWA,No,,
2025 ALEXANDER STREET PROJECT (34.252017),112 MANNING AVE,ALEXANDER,ND,58831,CWA,No,,
2025 STREET & STORM SEWER IMPROVEMENT,6703 HWY 2 & 52 WEST,MINOT,ND,58703,CWA,No,,
2025 WATERMAIN REPLACEMENT,(UNKNOWN ADDRESS),(UNKNOWN CITY),ND,00000,CWA,No,,
2026 STREET IMPROVEMENT,(UNKNOWN ADDRESS),(UNKNOWN CITY),ND,00000,CWA,No,,
21(92)22 - COUNTY ROUTE 21,"3 MILES SOUTH OF SANISH, ND ON HIGHWAY 21",SANISH,ND,58763,CWA,No,,
210 CONSTRUCTION LLP,701 PRAIRIE AVENUE,UNKNOWN,ND,58000,CWA,No,,
"2112, LLC",6033 78TH AVE S,UNKNOWN,ND,58000,CWA,No,,
"2112, LLC",6021 78TH AVE S,UNKNOWN,ND,58000,CWA,No,,
"2112, LLC",6037 78TH AVE S,UNKNOWN,ND,58000,CWA,No,,
"2112, LLC",6025 78TH AVE S,UNKNOWN,ND,58000,CWA,No,,
"220 WEST, LLC",REMOTE LOCATION,UNKNOWN,ND,58000,CWA,No,,
22052 NH-SS-1-006(025)022 ND6,ND 6,SOLEN,ND,58570,CWA,No,,
22206 SS-1-006(024)011,ND6,SELFRIDGE,ND,58568,CWA,No,,
22207 NH-SS-1-006(025)022 ND6,ND HWY 6,SOLEN,ND,58570,CWA,No,,
23102 - MAIN PROJECT,PO BOX 228,OSLO,ND,56744,CWA,No,,
23102 - PLANTSITE,PO BOX 228,OSLO,ND,56744,CWA,No,,
24-014G CNH NORTH STORAGE YARD,3401 1ST AVE N,FARGO,ND,58102,CWA,No,,
24-014L CNH SPRINKLER MAIN REPLACEMENT,3401 1ST AVE N,FARGO,ND,58102,CWA,No,,
25-01-120 OLD HWY 12 PH 2,"104 1ST ST. NW, SUITE 1",BOWMAN,ND,58623,CWA,No,,
25-026 WFPS HERITAGE MIDDLE SCHOOL,510 4TH AVE NORTH,FARGO,ND,58102,CWA,No,,
25-027B WFPS SOUTH ELEMENTARY ADDITION & REMODEL,117 6TH AVE W,WEST FARGO,ND,58078,CWA,No,,
25-030E CNH FIRELINE REPLACEMENT PHASE II,3401 1ST AVE N,FARGO,ND,58102,CWA,No,,
25-047 WFPS HORACE HIGH SCHOOL ADDITIONS & RENOVATIONS,8100 LAKEVIEW DR,HORACE,ND,58047,CWA,No,,
25002 DICKEY CO ND CP8795(001),95TH ST,ELLENDALE,ND,58346,CWA,No,,
25004 ABERLE BORROW,I94,MENOKEN,ND,58558,CWA,No,,
25004 ABERLE STOCKPILE,I94,MENOKEN,ND,58558,CWA,No,,
25007 FISHER - ON-SITE,SD HIGHWAY 20,MOBRIDGE,SD,57601,CWA,No,,
25017 - CRUSHING SITE,US 2 FRONTAGE ROAD,WILLISTON,ND,58801,CWA,No,,
25017/28 SITE 1,1ST AVE W,WILLISTON,ND,58801,CWA,No,,
25017/28 SITE 2,1ST AVE W,WILLISTON,ND,58801,CWA,No,,
25017/28 SITE 3,34TH ST E,WILLISTON,ND,58801,CWA,No,,
25030 BORROW,169TH AVE SW,RHAME,ND,58651,CWA,No,,
25030 BORROW 2,169TH AVE SW,RHAME,ND,58651,CWA,No,,
25032 - JOB 23910 TAC-1-981(138) (S WASHINGTON ST),S WASHINTON ST,BISMARCK,ND,58501,CWA,No,,
25045 - ABRAHAMSON BORROW,54TH ST NW,BERTHOLD,ND,58718,CWA,No,,
25045 - CUDDIGAN SITE 1 BORROW,61ST AVE NW,BERTHOLD,ND,58718,CWA,No,,
25045 - CUDDIGAN SITE 2 BORROW,61ST AVE NW,BERTHOLD,ND,58718,CWA,No,,
25045 - ECKMANN BORROW,61ST AVE NW,BERTHOLD,ND,58718,CWA,No,,
25045 - ENNIS BORROW,61ST AVE NW,BERTHOLD,ND,58718,CWA,No,,
25045 - MYERS BORROW,61ST AVE NW,BERTHOLD,ND,58718,CWA,No,,
25082 - PROJECT HLC-0003(023) PCN #22923,EPHRAIM HL RD W,ST MICHAEL,ND,58370,CWA,No,,
25TH OFFICE PROPERTIES,REMOTE LOCATION,UNKNOWN,ND,58000,CWA,No,10/17/2017,
25TH ST GROUP TOWNHOMES,(UNKNOWN ADDRESS),(UNKNOWN CITY),ND,00000,CWA,No,,
26-001 WILLISTON SQUARE 2026,"SEC 11 & 12 T 154 NORTH, RANGE 101 WEST",WILLISTON,ND,58203,CWA,No,,
2600 VERMONT,2600 VERMONT AVE,BISMARCK,ND,58504,CWA,No,,
26020 PCN 22958 BGR-IM-X-1-094(215)162,6325 CTY. ROAD 87 S.W.,ALEXANDRIA,ND,56308,CWA,No,,
26031 WILLIAMS COUNTY 25-2-18,6325 COUNTY RD 87 SW,ALEXANDRIA,ND,56308,CWA,No,,
26038 - BURLEIGH COUNTY - PCN 23957/8,6325 COUNTY RD 87 SW,ALEXANDRIA,ND,56308,CWA,No,,
26047 DOT FARGO DISTRICT PCN-24189/HEN-CRP-8-032(051)020,(UNKNOWN ADDRESS),(UNKNOWN CITY),ND,00000,CWA,No,,
26053 - BENSON/RAMSEY COUNTY - PCN-23928,6325 COUNTY RD 87 SW,ALEXANDRIA,ND,56308,CWA,No,,
26101 STAGING AREA,"4141 38TH ST S,",FARGO,ND,58104,CWA,No,,
"27 CREEK, LLC. - RANCH CREEK RESERVOIR",21 125TH AVE NW,GRASSY BUTTE,ND,58634,CWA,No,,
29TH AVE N (BR-25-E1),29TH AVE N & HICKORY ST,FARGO,ND,58102,CWA,No,,
"300 LIME, LLP",303 11TH ST. N,UNKNOWN,ND,58000,CWA,No,,
"3139 BLUESTEM INVESTMENTS, LLC","3139 BLUESTEM DRIVE, WEST FARGO, ND",UNKNOWN,ND,58000,CWA,No,06/13/2019,
319 CONTRACTING FLIGHT,"575 TUSKEGEE AIRMEN BLVD, GRAND FORKS, ND 58205",UNKNOWN,ND,58000,CWA,No,,
32 INVESTMENTS LLC,4609 33RD AVE S,UNKNOWN,ND,58000,CWA,No,,
34TH ST NW RECONSTRUCTION - PROJECT # 2025-7,34TH ST NW,NEW TOWN,ND,58763,CWA,No,,
35TH STREET APARTMENTS LLC,"1781 35TH STREET SOUTH - FARGO, ND",UNKNOWN,ND,58000,CWA,No,10/17/2017,
35TH STREET APTS. LLC,"1709 35TH STREET - FARGO,, ND",UNKNOWN,ND,58000,CWA,No,10/17/2017,
37TH ST AND 132ND AVE SW UPGRADE,(UNKNOWN ADDRESS),(UNKNOWN CITY),ND,00000,CWA,No,,
4 BEARS BEACH & RECREATION,202 FRONTAGE RD,NEW TOWN,ND,58763,CWA,No,,
4 BEARS BEACH & RECREATION,202 FRONTAGE ROAD,NEW TOWN,ND,58763,CWA,No,,
4 BEARS CASINO & LODGE,REMOTE LOCATION,UNKNOWN,ND,58000,CWA,No,,
4 BEARS CASINO & LODGE PHASE II,202 FRONTAGE RD,NEW TOWN,ND,58763,CWA,No,,
4 STAR PROPERTIES LLP,125 BUCKSIN AVE,UNKNOWN,ND,58000,CWA,No,,
4 SUNS - MAIN LLC,"5104 TANDEM DRIVE, BISMARCK ND 58501",UNKNOWN,ND,58000,CWA,No,,
4 SUNS LLLP,5017 TRANSPORT LANE,UNKNOWN,ND,58000,CWA,No,08/02/2024,
4013 34TH AVE SOUTH,4013 34TH AVE S,FARGO,ND,58104,CWA,No,,
"40TH STREET NW IMPROVEMENTS, NEW TOWN",40TH STREET NW,NEW TOWN,ND,58761,CWA,No,,
43RD BISMARCK LLC,43RD AVE NE OTTAWA STREET,UNKNOWN,ND,58000,CWA,No,08/19/2021,
"43RD BISMARCK, LLC",43RD AVE NE OTTAWA STREET,UNKNOWN,ND,58000,CWA,No,08/19/2021,
4513 SILBERNAGEL,4513 SILBERNAGEL DRIVE,BISMARCK,ND,58503,CWA,No,,
45TH STREET APARTMENTS,4477 26TH AVENUE SOUTH,FARGO,ND,58104,CWA,No,,
"45TH STREET GROUP APARTMENTS #4, LLC",4800 46TH ST S,UNKNOWN,ND,58000,CWA,No,10/12/2021,
46TH AVENUE INDUSTRIAL BUILDING,(UNKNOWN ADDRESS),(UNKNOWN CITY),ND,00000,CWA,No,,
"47TH AVENUE STORAGE, LLC",2300 47TH AVE S,UNKNOWN,ND,58000,CWA,No,,
"49TH AVE APARTMENTS, LLC",4550 49TH AVE. S.,UNKNOWN,ND,58000,CWA,No,,
5 - STAR STORAGE LLC,REMOTE LOCATION,UNKNOWN,ND,58000,CWA,No,10/17/2023,
5 - STAR STORAGE LLC,REMOTE LOCATION,UNKNOWN,ND,58000,CWA,No,,
"5 - STAR STORAGE, LLC",REMOTE LOCATION,UNKNOWN,ND,58000,CWA,No,10/17/2023,
"52 PINES, LLC",3230 GRAYSON DRIVE,UNKNOWN,ND,58000,CWA,No,04/23/2021,
5229 PROPERTIES LLC,5170 PROSPERITY WAY,UNKNOWN,ND,58000,CWA,No,,
"52ND PROFESSIONAL BUILDING, LLC","5257 27TH ST. S, FARGO, ND",UNKNOWN,ND,58000,CWA,No,,
"5469, 5446, 5449, 5454",(UNKNOWN ADDRESS),(UNKNOWN CITY),ND,00000,CWA,No,05/18/2022,
55+ SENIOR LIVING FACILITY,4609 33RD AVE S STE 400,FARGO,ND,58104,CWA,No,,
55TH CROSSING LLC,REMOTE LOCATION,UNKNOWN,ND,58000,CWA,No,04/24/2017,
57 NORTH INVESTORS LLP,REMOTE LOCATION,UNKNOWN,ND,58000,CWA,No,08/24/2018,
"57 NORTH PARTNERS, LLP",210 GREENFIELD LN,UNKNOWN,ND,58000,CWA,No,,
58TH STREET STORAGE,13680 HAWTHORN LOOP NW,WILLISTON,ND,58801,CWA,No,,
60TH STREET RECONSTRUCTION,(UNKNOWN ADDRESS),(UNKNOWN CITY),ND,00000,CWA,No,,
62 STREET,1712 WHIPPOORWILL LANE,GRAND FORKS,ND,58203,CWA,No,,
6305 100 AVE S HORACE,(UNKNOWN ADDRESS),(UNKNOWN CITY),ND,00000,CWA,No,,
64TH & TOWER,64TH & BREKKE WAY,FARGO,ND,58103,CWA,No,,
7 WINDS LLP,SEE ATTACHED PLAN SHEETS,UNKNOWN,ND,58000,CWA,No,,
"76TH STREET HOLDINGS, LLC",76TH AVENUE SOUTH,UNKNOWN,ND,58000,CWA,No,,
7TH AVE AUTO SALVAGE,402 42ND ST. N,FARGO,ND,58102,CWA,No,,
805 7TH ST NE,805 7TH ST NE,WEST,ND,58078,CWA,No,,
83RD AVE NW AND 38TH ST NW STREET IMPROVEMENTS,83RD AVE NW AND 38TH ST NW,NEWTOWN,ND,58763,CWA,No,,
8TH STREET WEST - MULTI-USE PATH (CITY OF WEST FARGO),8TH STREET WEST,WEST FARGO,ND,58078,CWA,No,,
9TH & MAIN LLC,REMOTE LOCATION,UNKNOWN,ND,58000,CWA,No,07/21/2020,
9TH & MAIN LLC,1387 55 ST N,UNKNOWN,ND,58000,CWA,No,,
9TH & MAIN LLC,1201 55TH ST N,UNKNOWN,ND,58000,CWA,No,,
9TH & MAIN LLC,REMOTE LOCATION,UNKNOWN,ND,58000,CWA,No,,
9TH ST N (BR-25-A1),9TH STREET N,FARGO,ND,58102,CWA,No,,
A&W OPERATIONS CENTER,309 WELL STREE E,WILLIDSTON,ND,58801,CWA,No,,
AAA COOPER TRANSPORTATION,314 27TH ST N,FARGO,ND,58102,CWA,No,,484122
AABERG PIT,9250 137TH AVE NW,ZAHL,ND,58856,CWA,Yes,,212321
AB BROTHERS,7839 WILD ROSE WAY,UNKNOWN,ND,58000,CWA,No,,
ABC BOAT DOCKS,(UNKNOWN ADDRESS),(UNKNOWN CITY),ND,00000,CWA,No,,
ABERCROMBIE CITY OF,516 BROADWAY,ABERCROMBIE,ND,58001,CWA,Yes,06/09/2025,221320
ABERCROMBIE DAIRY - STORMWATER CONSTRUCTION,7071 177TH STREET SE,WAHPETON,ND,58075,CWA,No,11/19/2025,
ABERCROMBIE SOLAR,INTERSECTION OF COUNTY ROAD 6 AND INTERSTATE 29,ABERCROMBIE,ND,58001,CWA,No,,
ABERDEEN AREA ADOLESCENTS CENTER,S24 T19N R29E,WAKPALA,SD,57658,CWA,No,05/25/2011,
ABSORBENT & SAFETY SOLUTIONS,REMOTE LOCATION,UNKNOWN,ND,58000,CWA,No,,
AC-NH-SOIB-7-023(041)925,STATE HWY 23,NEW TOWN,ND,58763,CWA,No,,
ACE TOWING,"910 INDUSTRIAL DRIVE, BISMARCK, ND",UNKNOWN,ND,58000,CWA,No,,
ACME CONCRETE PAVING 32ND AVENUE WEST - PHASE II,32ND AVENUE WEST SOUTH OF 26TH STREET,WILLISTON,ND,58801,CWA,No,07/18/2014,
ACSC - DRAYTON,"8152 OLD HWY 44, DRAYTON, ND",UNKNOWN,ND,58000,CWA,No,,
ACTION AUTO WRECKING,1215 VALLEY ST,MINOT,ND,58701,CWA,No,,
ADAM OST FEEDLOT,"7222 91ST ST SE ASHLEY, ND",UNKNOWN,ND,58000,CWA,No,,
ADAMS CITY OF,103 MAIN ST,ADAMS,ND,58210,CWA,No,08/20/2025,221320
ADAMS COUNTY,REMOTE LOCATION,UNKNOWN,ND,58000,CWA,No,,
ADAMS COUNTY,23RDST NE/SD STATE HWY 19,UNKNOWN,ND,58000,CWA,No,,
ADAMS COUNTY - STORMWATER CONSTRUCTION,26TH ST SW,NORTH LEMMON,ND,57638,CWA,No,,
ADAMS COUNTY - STORMWATER CONSTRUCTION,COUNTRY CLB DR.,HETTINGER,ND,58639,CWA,No,,
ADAMS COUNTY AIRPORT AUTHORITY,109 2ND AVE NW,UNKNOWN,ND,58000,CWA,No,08/18/2021,
ADAMS COUNTY SHOP,110 1ST ST N,HETTINGER,ND,58639,CWA,No,08/18/2021,
ADECO ASPHALT PLANT,1820 HWY 2 BYPASS E,MINOT,ND,58701,CWA,No,,
ADM,REMOTE LOCATION,UNKNOWN,ND,58000,CWA,No,,
ADM CORN PROCESSING,12868 COUNTY RD 9,WALHALLA,ND,58282,CWA,No,08/06/2008,
ADM PROCESSING - VELVA,1388 HWY 97,VELVA,ND,58790,CWA,No,10/08/2018,
ADM PROCESSING-VELVA PLANT,1388 HWY 97,VELVA,ND,58790,CWA,No,10/08/2018,
ADVANTAGE MIDSTREAM,5304 105TH RD. NW,UNKNOWN,ND,58000,CWA,No,,
AES DRILLING FLUIDS - BELFIELD WAREHOUSE,US 85 AND 39TH ST SW,BELFIELD,ND,58622,CWA,No,08/28/2014,
AES HOLDINGS,9318 36TH AVE NW,MOHAL,ND,58761,CWA,No,,
AFFINITY BUILDERS,(UNKNOWN ADDRESS),(UNKNOWN CITY),ND,00000,CWA,No,,
AG COUNTRY FARM CREDIT SERVICES,"4350 32ND AVE. SOUTH, GRAND FORKS, ND",UNKNOWN,ND,58000,CWA,No,10/15/2018,
AG DEPOT,1160 12TH ST NE,GRAND FORKS,ND,582019921,CWA,No,07/18/2017,
AGASSIZ PROJECT,6805 COUNTY RD 81,HARWOOD,ND,58042,CWA,No,,
AGCOUNTRY FARM CREDIT SERVICES,200 1ST ST S,UNKNOWN,ND,58000,CWA,No,,
AGGREGATE INDUSTRIES-CDI EDGELEY READY MIX PLANT,8140 WEST HWY 13,EDGELEY,ND,58433,CWA,No,,
AGGREGATE INDUSTRIES-CDI OAKES READY MIX PLANT,415 1ST AVE,OAKES,ND,58474,CWA,No,,
AGGREGATE INDUSTRIES-SYVERSON PIT,90TH BLOCK OF 37TH STREET SE,JAMESTOWN,ND,58,CWA,No,,
AGRISTO PROCESSING FACILITY,375 2ND AVE N,GRAND FORKS,ND,58203,CWA,No,,
AGROLIQUID-CARRINGTON FACILITY,302 66TH AVE,CARRINGTON,ND,58421,CWA,No,09/22/2020,
AGT FOODS USA,505 26TH AVENUE NE,UNKNOWN,ND,58000,CWA,No,07/20/2016,
AIG NO. 3-38-0068-023-2024 & AIP NO. 3-38-0068-024-2024 CSI 24014,(UNKNOWN ADDRESS),(UNKNOWN CITY),ND,00000,CWA,No,,
AIR LIQUIDE - TIOGA,6796 101ST AVE,TIOGA,ND,58852,CWA,No,,
AIRBORNE CUSTOM SPRAYING,ARGUSVILLE,UNKNOWN,ND,58000,CWA,No,,
AL UMSTEAD,11750 31 1/2 ST SE,VALLEY CITY,ND,58072,CWA,No,06/04/2013,
ALAN HEIM,"11212 71ST AVE NE, BISMARCK,ND",UNKNOWN,ND,58000,CWA,No,,
ALAN PELTZ,11980 HIGHWAY 83 NORTH,UNKNOWN,ND,58000,CWA,No,,
ALBERT SCHUMAKER'S FACILITY,UNKNOWN,UNKNOWN,ND,00000,CWA,No,05/15/2012,
ALDEVRON,"4055 41ST AVE N FARGO, ND",UNKNOWN,ND,58000,CWA,No,,
ALERUS BANK,(UNKNOWN ADDRESS),(UNKNOWN CITY),ND,00000,CWA,No,,
ALEWORKS & 46 NORTH BREWERY,1100 CANADA AVE,UNKNOWN,ND,58000,CWA,No,,
ALEX CRAFT FEEDLOT,(UNKNOWN ADDRESS),(UNKNOWN CITY),ND,00000,CWA,No,,
ALEXANDER CITY OF,HIGHWAY 85,ALEXANDER,ND,58831,CWA,No,07/16/2014,221320
ALEXANDER CITY OF,HIGHWAY 85,ALEXANDER,ND,58831,CWA,Yes,07/30/2025,221320
ALEXANDER LAND TREATMENT FACILITY,3894 144TH AVENUE NORTHWEST,ALEXANDER,ND,58831,CWA,No,,
ALEXANDER LAZORENKO,REMOTE LOCATION,UNKNOWN,ND,58000,CWA,No,,
ALEXANDER PUBLIC SCHOOL,601 DELANEY STREET,UNKNOWN,ND,58000,CWA,No,,
ALEXANDER PUBLIC SCHOOL DISTRICT #2,(UNKNOWN ADDRESS),(UNKNOWN CITY),ND,00000,CWA,No,,
ALEXANDER SCHOOL,601 DELANEY ST,UNKNOWN,ND,58000,CWA,No,,
ALEXANDER TOWNSHIP REGIONAL TREATMENT FACILITY,INTERESECTION OF HWY 85 AND 68,ALEXANDAR,ND,58831,CWA,No,06/18/2021,
ALL NATIONS CEMETARY,101 HWY 6,FT. YATES58538,ND,58538,CWA,No,,
ALL SEASONS WATER USERS DISTRICT,REMOTE LOCATION,UNKNOWN,ND,58000,CWA,No,,
ALLETE CLEAN ENERGY,REMOTE LOCATION,UNKNOWN,ND,58000,CWA,No,,
ALLIANCE PIPELINE,REMOTE LOCATION,UNKNOWN,ND,58000,CWA,No,,
ALLIANCE PIPELINE,REMOTE LOCATION,UNKNOWN,ND,58000,CWA,No,,
ALLIANCE PIPELINE,REMOTE LOCATION,UNKNOWN,ND,58000,CWA,No,,
"ALLIANCE PIPELINE, L.P.",REMOTE LOCATION,UNKNOWN,ND,58000,CWA,No,,
ALLSTAR CONSTRUCTION,6415 100TH AVENUE SOUTH,UNKNOWN,ND,58000,CWA,No,10/13/2021,
ALMONT CITY OF,108 BURT AVE,ALMONT,ND,58520,CWA,No,06/04/2024,221320
ALMONT CITY OF,108 BURT AVE,ALMONT,ND,58520,CWA,No,08/01/2012,221320
ALPHA OMEGA DEVELOPMENTS,2601 12TH ST N,UNKNOWN,ND,58000,CWA,No,,
ALSEN CITY OF,424 ASH ST,ALSEN,ND,58311,CWA,No,08/10/2021,221320
ALTRU HEALTH SYSTEM,44TH AVE SOUTH & WASHINGTON STREET SOUTH,UNKNOWN,ND,58000,CWA,No,,
ALTRU HEALTH SYSTEM,960 SOUTH COLUMBIA RD.,UNKNOWN,ND,58000,CWA,No,,
ALTRU HEALTH SYSTEM,1200 SOUTH COLUMBIA RD.,UNKNOWN,ND,58000,CWA,No,06/25/2019,
ALTRU HEALTH SYSTEM,3300 11TH AVENUE SOUTH,UNKNOWN,ND,58000,CWA,No,,
ALTRU HEALTH SYSTEM - STORMWATER CONSTRUCTION,1210 S COLUMBIA RD,GRAND FORKS,ND,58201,CWA,No,,
ALTRU HEALTH SYSTEM - STORMWATER CONSTRUCTION,1200 S COLUMBIA RD,GRAND FORKS,ND,58201,CWA,No,,
ALTRU HEALTH SYSTEMS,1000 SOUTH COLUMBIA RD.,UNKNOWN,ND,58000,CWA,No,,
ALTRU HEALTH SYSTEMS,3465 DEMERS AVE GRAND FORKS,UNKNOWN,ND,58000,CWA,No,06/20/2018,
AMAZON (WND9),401 48TH AVE. N,FARGO,ND,58102,CWA,No,,
AMBER WAVES,120 11TH AVE WEST,RICHARDTON,ND,58652,CWA,No,02/19/2026,332420
AMENIA CITY OF,203 ALLEY ST,AMENIA,ND,58004,CWA,Yes,09/23/2024,221320
AMERICAN BANK - STANLEY,"4161 64TH AVE NW PLAZA, ND",UNKNOWN,ND,58000,CWA,No,,
AMERICAN CRYSTAL SUGAR - HILLISBORO PILING SITE #7,AMERICAN CRYSTAL SUGAR COMPANY,HILLSBORO,ND,58045,CWA,No,,311313
AMERICAN CRYSTAL SUGAR DRAYTON,HWY 44 N,DRAYTON,ND,58225,CWA,No,08/20/2025,311313
AMERICAN CRYSTAL SUGAR HILLSBO,OLD HWY 81,HILLSBORO,ND,58045,CWA,No,09/25/2025,311313
AMERICAN CRYSTAL SUGAR-AMENIA PILING SITE,28TH ST. SE,AMENIA,ND,58004,CWA,No,04/26/2024,311313
AMERICAN CRYSTAL SUGAR-ARDOCH COAL STORAGE,5468 151ST AVE. NE,ARDOCH,ND,58261,CWA,No,,311313
AMERICAN CRYSTAL SUGAR-ARDOCH PILING SITE,US HWY 81 N,ARDOCH,ND,58261,CWA,No,08/14/2020,311313
AMERICAN CRYSTAL SUGAR-BATHGATE PILING SITE,101ST ST. NE,BATHGATE,ND,58216,CWA,No,08/11/2020,311313
AMERICAN CRYSTAL SUGAR-GRAFTON PILING SITE,69TH ST NE,GRAFTON,ND,58237,CWA,No,08/12/2020,311313
AMERICAN CRYSTAL SUGAR-HAMILTON PILING SITE,ND HWY 5 E,HAMILTON,ND,58238,CWA,No,08/11/2020,311313
AMERICAN CRYSTAL SUGAR-KINDRED PILING SITE,ND HWY 46 E,KINDRED,ND,58051,CWA,No,06/27/2023,311313
AMERICAN CRYSTAL SUGAR-MCARTHUR PILING SITE,159TH AVE. NE,MCARTHUR,ND,58271,CWA,No,08/11/2020,311313
AMERICAN CRYSTAL SUGAR-NASH PILING SITE,73RD ST. NE,NASH,ND,58237,CWA,No,08/12/2020,
AMERICAN CRYSTAL SUGAR-OSLO PILING SITE,ND 54 E,ARDOCH,ND,58261,CWA,No,08/14/2020,311313
AMERICAN CRYSTAL SUGAR-REYNOLDS PILING SITE,CO RD 25,REYNOLDS,ND,58275,CWA,No,06/26/2019,311313
AMERICAN CRYSTAL SUGAR-ST THOMAS PILING SITE,ND 66 W,ST THOMAS,ND,58276,CWA,No,08/11/2020,311313
AMERICAN CRYSTAL SUGAR-VOSS PILING SITE,CO RD 6,VOSS,ND,58261,CWA,No,08/13/2020,311313
AMERIKOTA CONSTRUCTION INCORPORATED,"12511 LONE BUTTE ROAD, GRASSY BUTTE, ND",UNKNOWN,ND,58000,CWA,No,,
AMERIPRISE ON 45TH - FARGO,5075 45 ST S,FARGO,ND,58104,CWA,No,,
AMES SAND AND GRAVEL,4658 7TH AVE. NW,FARGO,ND,58102,CWA,No,,
AMES' STAGING YARD/BORROW SOURCE,12583 LONG X ROAD,UNKNOWN,ND,58000,CWA,No,,
AMITY TECHNOLOGIES,2800 7TH AVE N,UNKNOWN,ND,58000,CWA,No,06/14/2016,
AML - 2026 NEW SALEM PHASE AML PROJECT REVEGETATION SITE,"MORTON COUNTY, S 1/2 SECTION 8, T138N, R85W",BISMARCK,ND,57755-5014,CWA,No,,
"AML DIVISION, NPSC",REMOTE LOCATION,UNKNOWN,ND,58000,CWA,No,,
"AML DIVISION, NPSC",REMOTE LOCATION,UNKNOWN,ND,58000,CWA,No,,
"AML DIVISION, NPSC",REMOTE LOCATION,UNKNOWN,ND,58000,CWA,No,,
AMTRAK,5555 DEMERS AVE,UNKNOWN,ND,58000,CWA,No,04/08/2025,
AMTRAK-MINOT,400 1ST AVE. SW,MINOT,ND,58701,CWA,No,,482111
ANAMOOSE CITY OF,MAIN ST,ANAMOOSE,ND,58710,CWA,No,05/29/2024,221320
ANCHOR DRILLING FLUIDS USA,REMOTE LOCATION,UNKNOWN,ND,58000,CWA,No,,
"ANDEAVOR, DICKINSON REFINERY",3815 116TH AVE SW,UNKNOWN,ND,58000,CWA,No,05/22/2019,
ANETA CITY OF,MAIN ST,ANETA,ND,58212,CWA,No,07/17/2025,221320
ANNE CARLSEN CENTER,2200 20TH STREET SW,UNKNOWN,ND,58000,CWA,No,04/30/2025,
ANNUNCIATION PRIORY-U OF MARY,7500 UNIVERSITY DR,BISMARCK,ND,58504,CWA,No,03/15/2024,
ANTHONY SCHMIDT,8195 147TH AVENUE SE,MILNOR,ND,58060,CWA,No,08/04/2010,
ANTLER CITY OF,201 MAIN ST,ANTLER,ND,58711,CWA,No,07/19/2022,221320
ANTON GUDAJTES,"15661 COUNTY RD 15, MINTO",UNKNOWN,ND,58000,CWA,No,05/12/2021,
APERGY CABLE SHOP,2978 108W AVE SW,DICKINSON,ND,58601,CWA,No,,
APLD JAMESTOWN DATACENTER,2671 HWY 20 SE,JAMESTOWN,ND,58401,CWA,No,02/07/2024,518210
APOSTOLIC FAITH CHURCH,"2929 19TH AVENUE NW, MINOT, ND",UNKNOWN,ND,58000,CWA,No,,
APPLE CREEK LLP,REMOTE LOCATION,UNKNOWN,ND,58000,CWA,No,10/20/2021,
APPLE VALLEY COOPERATIVE,1624 HAROLDSON AVE,MENOKEN,ND,58558,CWA,Yes,05/15/2024,
APPLIED BLOCK CHAIN,REMOTE LOCATION,UNKNOWN,ND,58000,CWA,No,,
APPLIED DIGITAL - APPLIED DIGITAL ELN-03,(UNKNOWN ADDRESS),(UNKNOWN CITY),ND,00000,CWA,No,,
APPLIED DIGITAL BIS CAMPUS,4300-4322 ND-25,CENTER,ND,58530,CWA,No,,
AQUATIC WEED CONTROL,(UNKNOWN ADDRESS),(UNKNOWN CITY),ND,00000,CWA,No,,
AR INVESTMENTS,"1109 4TH ST NW, JAMESTOWN, ND",UNKNOWN,ND,58000,CWA,No,,
ARCHER DANIELS MIDLAND,3349 94TH AVE SE,UNKNOWN,ND,58000,CWA,No,,
ARCHER DANIELS MIDLAND-ENDERLIN,5525 136TH AVE SE,ENDERLIN,ND,58027,CWA,No,,311224
ARCOSA TANK (FORMERLY TRINITY CONTAINERS),420 MAIN AVENUE E,WEST FARGO,ND,58078,CWA,No,,
ARD PROPERTY DEVLOPMENT,(UNKNOWN ADDRESS),(UNKNOWN CITY),ND,58078,CWA,No,11/15/2023,
ARDENT MILLS - HARVEY,500 NORTH STREET WEST,HARVEY,ND,58341,CWA,No,,311211
ARDYS BAHM COUCH,REMOTE LOCATION,UNKNOWN,ND,58000,CWA,No,,
ARGUSVILLE CITY OF,209 3RD ST,ARGUSVILLE,ND,58005,CWA,No,09/24/2024,221320
ARIC WASHBURN,REMOTE LOCATION,UNKNOWN,ND,58000,CWA,No,,
ARIES 12 MILE LODGE,13 MILE CORNER,WILLISTON,ND,58801,CWA,No,,
ARIES RESIDENCE SUITES,2341 HWY 85 N,WATFORD CITY,ND,58854,CWA,Yes,01/15/2026,
ARNEGARD CITY OF,MAIN STREET,ARNEGARD,ND,58835,CWA,No,08/05/2025,221320
ARNEGARD COMPRESSOR STATION SLIT TRENCHING,(UNKNOWN ADDRESS),(UNKNOWN CITY),ND,00000,CWA,No,,
ARROWWOOD PRAIRIE COOP,402 ND HWY 9,UNKNOWN,ND,58000,CWA,No,,
ARTHUR CITY OF,330 MAIN ST,ARTHUR,ND,58006,CWA,No,09/23/2024,221320
ARTHUR COMPANIES,"12785 15TH ST. SE, PILLSBURY, ND",UNKNOWN,ND,58000,CWA,No,,
ARVILLA WATER AND SEWER,118 HALSEY ST,GRAND FORKS,ND,58201,CWA,No,07/19/2023,
ASCENSION CHURCH BUILDING EXPANSION - BISMARCK,1825 S 3RD ST,BISMARCK,ND,58504,CWA,No,,
ASHLEY CITY OF,113 1 AVE NW,ASHLEY,ND,58413,CWA,No,05/22/2025,221320
ASHLEY MUNICIPAL AIRPORT AUTHORITY,9600 49TH AVE. SE,UNKNOWN,ND,58000,CWA,No,,
ASHLEY MUNICIPAL AIRPORT AUTHORITY,9608 49TH AVE. SE,UNKNOWN,ND,58000,CWA,No,,
ASN CONSTRUCTORS,REMOTE LOCATION,UNKNOWN,ND,58000,CWA,No,,
ASPIRE HOMES,833 PARKER RANCH ROAD,UNKNOWN,ND,58000,CWA,No,,
ASSOC POTATO GROWERS DRAYTON,203 E HIGHWAY 66,DRAYTON,ND,58225,CWA,No,06/14/2023,
ASSOC POTATO GROWERS GRAFTON,1578 RUSSETT AVE,GRAFTON,ND,58237,CWA,No,06/14/2023,
AUDREY ERICKSON,REMOTE LOCATION,UNKNOWN,ND,58000,CWA,No,,
AUDREY ERICKSON,REMOTE LOCATION,UNKNOWN,ND,58000,CWA,No,,
AUDRI & ERIC LAGGE,4221 BRISTLECONE LOOP S,UNKNOWN,ND,58000,CWA,No,08/13/2024,
AURORA PONDS AT THE DISTRICT LLP,"5400 45TH STREET SOUTH, FARGO, ND",UNKNOWN,ND,58000,CWA,No,06/12/2019,
AUX SABLE MIDSTREAM,REMOTE LOCATION,UNKNOWN,ND,58000,CWA,No,,
AUX SABLE MIDSTREAM - PALERMO FACILITY,6138 74TH AVE NW,PALERMO,ND,58769,CWA,No,,211130
AXIA CONTRACTING,5650 36TH AVE SOUTH,UNKNOWN,ND,58000,CWA,No,,
AXIA DEVELOPMENT,3435 & 3475 56TH STREET SOUTH,UNKNOWN,ND,58000,CWA,No,06/12/2018,
BA ADDITION,11353 5TH ST. NW,KILLDEER,ND,58640,CWA,No,,
BACHMEIER CUSTOM HOMES,"4955 39TH AVE N, FARGO ND",UNKNOWN,ND,58000,CWA,No,,
BACHMEIER CUSTOM HOMES,REMOTE LOCATION,UNKNOWN,ND,58000,CWA,No,,
BACHMEIER CUSTOM HOMES,REMOTE LOCATION,UNKNOWN,ND,58000,CWA,No,,
BACHMEIER CUSTOM HOMES,110 WESTVIEW LANE,UNKNOWN,ND,58000,CWA,No,,
BACHMEIER CUSTOM HOMES,8217 MEMORY LANE,UNKNOWN,ND,58000,CWA,No,,
BACHMEIER CUSTOM HOMES,2620 MCCLEOD DR,UNKNOWN,ND,58000,CWA,No,,
BACHMEIER CUSTOM HOMES,"8217 MEMIREY LANE, HORACE ND",UNKNOWN,ND,58000,CWA,No,,
BACHMEIER CUSTOM HOMES,6106 MARIGOLD LOOP S,UNKNOWN,ND,58000,CWA,No,08/13/2024,
BACHMEIER SITE,"48.326829, -100.844506",UNKNOWN,ND,58000,CWA,No,,
BADGER WIND,(UNKNOWN ADDRESS),(UNKNOWN CITY),ND,00000,CWA,No,,
BAKKEN DAKOTA DEVELOPMENT GROUP #1,2031 33RD STREET NW,UNKNOWN,ND,58000,CWA,No,07/29/2015,
BAKKEN DAKOTA DEVELOPMENT GROUP #2,3334 HARVEST HILLS AVENUE,UNKNOWN,ND,58000,CWA,No,,
BAKKEN DEVELOPMENT GROUP,REMOTE LOCATION,UNKNOWN,ND,58000,CWA,No,,
BAKKEN DEVELOPMENT GROUP LUKENBILL,REMOTE LOCATION,UNKNOWN,ND,58000,CWA,No,,
BAKKEN INDUSTRIES,REMOTE LOCATION,UNKNOWN,ND,58000,CWA,No,,
BAKKEN OILFIELD SOLUTIONS,4952 HWY 85,WILLISTON,ND,58801,CWA,No,07/13/2021,
BAKKEN WASTE WATER EXCHANGE,US 85,ALEXANDAR,ND,58831,CWA,No,02/01/2021,
BALDHILL DAM NFH,UNKNOWN,VALLEY CITY,ND,58072,CWA,No,09/25/2025,
BALER BUILDING EXPANSION,3389 ENERGY DRIVE,DICKINSON,ND,58601,CWA,No,,
BALTA CITY OF,301 KERN ST N,BALTA,ND,58313,CWA,No,06/24/2021,221320
BANK FORWARD,5651 38TH AVE S,UNKNOWN,ND,58000,CWA,No,,
BANK FORWARD,4561 S COLUMBIA RD,UNKNOWN,ND,58000,CWA,No,10/17/2023,
BANK FORWARD,5660 37TH AVE S,UNKNOWN,ND,58000,CWA,No,,
BAR LAZY S RANCH,4423 CO ROAD 21,VALLEY CITY,ND,58072,CWA,No,06/04/2013,
BARANKO COMPANIES - STORMWATER CONSTRUCTION,3048 HIGHWAY 22 N,DICKINSON,ND,58601,CWA,No,,
BARCLAY CONSTRUCTION,REMOTE LOCATION,UNKNOWN,ND,58000,CWA,No,,
BARNARD CONSTRUCTION,(UNKNOWN ADDRESS),(UNKNOWN CITY),ND,00000,CWA,Yes,,
BARNES COUNTY,"2371 7TH ST SE, VALLEY CITY",UNKNOWN,ND,58000,CWA,No,10/22/2021,
BARNES COUNTY - ND BARNES COUNTY PCN-24304,STA. 35+00 THROUGH STA. 16+100 ON 99TH AVE SE,LITCHFIELD,ND,58461,CWA,No,,
BARNES COUNTY AIRPORT AUTHORITY,11641 33RD ST,UNKNOWN,ND,58000,CWA,No,08/15/2023,
BARNES COUNTY HIGHWAY DEPARTMENT,REMOTE LOCATION,UNKNOWN,ND,58000,CWA,No,,
BARNES COUNTY HIGHWAY DEPARTMENT,REMOTE LOCATION,UNKNOWN,ND,58000,CWA,No,07/21/2022,
BARNES COUNTY HILL SLIDE REPAIR,1525 12TH ST NW,VALLEY CITY,ND,58072,CWA,No,,
BARNES COUNTY MUNICIPAL AIRPORT,AIRPORT ROAD,VALLEY CITY,ND,58072,CWA,No,,
BARNES COUNTY SHOP,SOMEWHERE IN,VALLEY CITY,ND,58072,CWA,No,08/17/2023,
BARNES COUNTY WATER RESOURCE DISTRICT,REMOTE LOCATION,UNKNOWN,ND,58000,CWA,No,,
BARNES COUNTY WATER RESOURCE DISTRICT,REMOTE LOCATION,UNKNOWN,ND,58000,CWA,No,07/20/2021,
BARNES COUNTY WATER RESOURCE DISTRICT,(UNKNOWN ADDRESS),(UNKNOWN CITY),ND,00000,CWA,No,,
BARNES COUNTY WATER RESOURCE DISTRICT,REMOTE LOCATION,UNKNOWN,ND,58000,CWA,No,10/22/2021,
BARNES COUNTY WEED CONTROL BOARD,BARNES COUNTY,UNKNOWN,ND,58000,CWA,No,,
BARNES COUNTY – 24081 – SLIDE REPAIR,COUNTY 21,KATHRYN,ND,58049,CWA,No,,
"BARNES COUNTY – GRADE RAISE, RIPRAP, AND INCIDENTALS",9916 16TH ST SE,WIMBLEDON,ND,58492,CWA,No,10/23/2025,
"BARNES COUNTY, ND",REMOTE LOCATION,UNKNOWN,ND,58000,CWA,No,,
BARNES RURAL WATER DISTRICT,REMOTE LOCATION,UNKNOWN,ND,58000,CWA,No,,
BARNES RURAL WATER DISTRICT,9677 33RD ST. SE,SPIRITWOOD,ND,58072,CWA,No,09/22/2020,
BARNES RURAL WATER DISTRICT,10TH ST SW & 4TH AVE SW,UNKNOWN,ND,58000,CWA,No,10/22/2021,
BARNES SS-2-999(069) PCN-23770,1 MILE EAST OF SHEYENNE RIVER,VALLEY CITY,ND,58072,CWA,No,,
BARNEY CITY OF,7890 CO RD 3,BARNEY,ND,58008,CWA,No,06/10/2025,221320
BASECAMP INVESTMENTS,1506 BURLINGTON DRIVE,UNKNOWN,ND,58000,CWA,No,,
BASELINE DEVELOPMENT,3253 42ND STREET SOUTH,UNKNOWN,ND,58000,CWA,No,,
BASIN ELECTRIC,140TH AVE NW,UNKNOWN,ND,58000,CWA,No,07/16/2024,
BASIN ELECTRIC ANTELOPE VALLEY STATION,REMOTE LOCATION,UNKNOWN,ND,58000,CWA,No,,
BASIN ELECTRIC POWER AN VAL ST,294 COUNTY ROAD 15,BEULAH,ND,58523,CWA,No,07/19/2023,221112
BASIN ELECTRIC POWER COOPERATIVE,(UNKNOWN ADDRESS),(UNKNOWN CITY),ND,00000,CWA,No,07/16/2024,
BASIN ELECTRIC POWER COOPERATIVE,REMOTE LOCATION,UNKNOWN,ND,58000,CWA,No,,
BASIN ELECTRIC POWER COOPERATIVE,REMOTE LOCATION,UNKNOWN,ND,58000,CWA,No,,
BASIN ELECTRIC POWER COOPERATIVE,REMOTE LOCATION,UNKNOWN,ND,58000,CWA,No,07/16/2024,
BASIN ELECTRIC POWER COOPERATIVE,REMOTE LOCATION,UNKNOWN,ND,58000,CWA,No,,
BASIN ELECTRIC POWER COOPERATIVE,REMOTE LOCATION,UNKNOWN,ND,58000,CWA,No,,
BASIN ELECTRIC POWER COOPERATIVE,(UNKNOWN ADDRESS),(UNKNOWN CITY),ND,00000,CWA,No,07/16/2024,
BASIN ELECTRIC POWER COOPERATIVE,SEE PROJECT LOCATION MAP,UNKNOWN,ND,58000,CWA,No,,
BASIN ELECTRIC POWER COOPERATIVE,5495 90TH AVE NW,UNKNOWN,ND,58000,CWA,No,,
BASIN ELECTRIC POWER COOPERATIVE,N/A 32.5 MILES LONG,UNKNOWN,ND,58000,CWA,No,,
BASIN ELECTRIC POWER COOPERATIVE,MILE MARKER 909 HIGHWAY 200,UNKNOWN,ND,58000,CWA,No,08/13/2024,
BASIN ELECTRIC POWER COOPERATIVE,"LELAND OLDS POWER PLANT, 3901 HWY 200A",UNKNOWN,ND,58000,CWA,No,,
BASIN ELECTRIC POWER COOPERATIVE,3957 109TH AVE SW,UNKNOWN,ND,58000,CWA,No,,
BASIN ELECTRIC POWER COOPERATIVE,REMOTE LOCATION,UNKNOWN,ND,58000,CWA,No,07/16/2024,
BASIN ELECTRIC POWER COOPERATIVE,1717 E INTERSTATE AVE,BISMARCK,ND,58503,CWA,No,,
BASIN ELECTRIC POWER COOPERATIVE - AVS SOLID WASTE LANDFILL EXPANSION - CELL 5,(UNKNOWN ADDRESS),(UNKNOWN CITY),ND,00000,CWA,No,07/19/2023,
BASIN ELECTRIC POWER COOPERATIVE - BEPC TSM LAYDOWN YARD,2501 158TH ST NE,MENOKEN,ND,58558,CWA,No,,
"BASIN ELECTRIC POWER COOPERATIVE - LOS LANDFILL EXPANSION, CELLS 2A & 2B CONST",3901 HWY 200A,STANTON,ND,58571,CWA,No,08/13/2024,
BASIN ELECTRIC POWER COOPERATIVE – BASIN ELECTRIC LOS – TANDE 345V T-LINE,(UNKNOWN ADDRESS),(UNKNOWN CITY),ND,00000,CWA,No,,
BASIN ELECTRIC POWER COOPERATIVE – BASIN TSM FACILITY EXPANSION,525 COUNTY ROAD 26,BEULAH,ND,58523,CWA,No,,
BASIN ELECTRIC POWER COOPERATIVE – BISON GENERATION STATION ROAD REBUILD,6261 121ST AVE NW,RAY,ND,58849,CWA,No,,
BASIN ELECTRIC POWER COOPERATIVE – BISON GENERATION STATION SITE PREP 5.8110,6261 121ST AVE NW,RAY,ND,58849,CWA,No,,
BASIN ELECTRIC POWER COOPERATIVE – CRANE CREEK SUBSTATION,7986 43RD ST NW,NEW TOWN,ND,58763,CWA,No,,
BASIN ELECTRIC POWER LOLDS,3901 HWY 200A,STANTON,ND,58571,CWA,No,04/22/2025,
BATIS DEVELOPMENT,3771 53RD AVE S FARGO,UNKNOWN,ND,58000,CWA,No,,
BATIS DEVELOPMENT,715 S WASHINGTON ST,UNKNOWN,ND,58000,CWA,No,,
BEACH CITY OF,153 E. MAIN ST.,BEACH,ND,58621,CWA,No,05/17/2023,221320
BEACH MAIN ST AND CENTRAL AVE RECONSTRUCTION,PO BOX 278,BEACH,ND,58621,CWA,No,,
BEAR CREEK FLYING SERVICE,SARGENT COUNTY SLOUGH,UNKNOWN,ND,58000,CWA,No,,
BEAR SOLDIER LAGOON SYSTEM,S7 T21N R27E,FORT YATES,ND,58538,CWA,No,07/13/2022,221320
BELCOUR LAKE DAM,BIA ROUTE 7,BELCOURT,ND,58329,CWA,No,,
BELCOURT PUBLIC UTILITIES,S29 T162N R70W,BELCOURT,ND,58316,CWA,No,04/24/2008,
"BELCOURT, ND",JOHN NORQUAY STREET,BELCOURT,ND,58316,CWA,No,,
BELFIELD ACCESS TERMINAL,REMOTE LOCATION,UNKNOWN,ND,58000,CWA,No,,
BELFIELD CITY OF,107 2ND AVE NE,BELFIELD,ND,58622,CWA,No,07/26/2024,221320
BELFIELD STATION REMOVAL,REMOTE LOCATION,UNKNOWN,ND,58000,CWA,No,,
BELGARDE RANCH,P.O. BOX 151,BELCOURT,ND,58316,CWA,No,10/05/2004,
BEMOBILE,3810 53RD AVE S,UNKNOWN,ND,58000,CWA,No,,
BEN TURNBOW & BRYAN TUNRBOW,REMOTE LOCATION,UNKNOWN,ND,58000,CWA,No,,
BENCHMARK DEVELOPMENTS,(UNKNOWN ADDRESS),(UNKNOWN CITY),ND,00000,CWA,No,06/22/2020,
BENEDICT CITY OF,307 3RD AVE,BENEDICT,ND,58716,CWA,Yes,05/27/2015,221320
BENEDIKT BAER,12154 77TH ST. SE,ENGLEVALE,ND,58033,CWA,No,08/04/2010,
BENSON COUNTY,REMOTE LOCATION,UNKNOWN,ND,58000,CWA,No,,
BENSON COUNTY,REMOTE LOCATION,UNKNOWN,ND,58000,CWA,No,,
BENSON COUNTY,REMOTE LOCATION,UNKNOWN,ND,58000,CWA,No,,
BENSON COUNTY,REMOTE LOCATION,UNKNOWN,ND,58000,CWA,No,,
BENSON COUNTY,REMOTE LOCATION,UNKNOWN,ND,58000,CWA,No,,
BENSON COUNTY - STORMWATER CONSTRUCTION,54TH AVE NE,MADDOCK,ND,58348,CWA,No,,
BENSON COUNTY WATER RESOURCE DIST.,REMOTE LOCATION,UNKNOWN,ND,58000,CWA,No,08/08/2023,
"BENSON COUNTY, ND","CMC 0328, FROM CMC 0309 TO MADDOCK",UNKNOWN,ND,58000,CWA,No,,
BENTLEY PLACE 1ST,"5601 33 AVE S FARGO, ND",UNKNOWN,ND,58000,CWA,No,,
BENTLEY PLACE 2ND,3240 VETERANS BLVD FARGO,UNKNOWN,ND,58000,CWA,No,,
BERGMAN WASTE,HWY 1804,UNKNOWN,ND,58000,CWA,No,,
BERTHOLD CITY OF,223 MAIN ST N,BERTHOLD,ND,58718,CWA,No,06/06/2023,221320
BERWICK HOLDINGS,(UNKNOWN ADDRESS),(UNKNOWN CITY),ND,00000,CWA,No,04/05/2022,
BETHANY ON 42ND,"4255 30TH AVE. S., FARGO, ND",UNKNOWN,ND,58000,CWA,No,,
BETHEL LUTHERAN NURSING & REHAB CENTER,PAREL ID 01-763-00-00-00-273,WILLISTON,ND,58801,CWA,No,,
BEULAH - 2026 NORTHSIDE ST. IMPROVEMENTS DISTRICT NO. 27,(UNKNOWN ADDRESS),(UNKNOWN CITY),ND,00000,CWA,No,,
BEULAH CITY OF,120 CENTRAL AVE W,BEULAH,ND,58523,CWA,Yes,05/21/2026,221320
BEULAH CITY OF,PO BOX 910,BEULAH,ND,58523,CWA,No,,
BEULAH PARK DISTRICT,"1900 CENTRAL AVE., N.",UNKNOWN,ND,58000,CWA,No,05/13/2019,
BEULAH PUBLIC SCHOOL,204 5TH ST SW,UNKNOWN,ND,58000,CWA,No,05/02/2024,
BEULAH WTP,336 CENTRAL AVENUE SOUTH,BEULAH,ND,58253,CWA,Yes,06/16/2021,
BEYOND SHELTER,"136 THRU 182 RIVERWOOD DR., BURLINGTON, ND",UNKNOWN,ND,58000,CWA,No,,
BG PARK MEADOWS-KILLDEER,HWY 200,KILLDEER,ND,58640,CWA,No,06/21/2021,
BIA ROUTE #12 & #15 PHASE II CONSTRUCTION,BIA ROUTE #12,MANDAREE,ND,58757,CWA,No,,
BIERI STAGING AREA,6851 65TH ST NW,BERTHOLD,ND,58718,CWA,No,,
BIG BEND TOWNSHIP - 2025-6 26-04,(UNKNOWN ADDRESS),(UNKNOWN CITY),ND,00000,CWA,No,,
BIG COUNTRY ENERGY SERVICES,REMOTE LOCATION,UNKNOWN,ND,58000,CWA,No,,
BIG DIPPER ENTERPRISES,REMOTE LOCATION,UNKNOWN,ND,58000,CWA,No,,
BIG SKY ESTATES 3RD ADDITION,(UNKNOWN ADDRESS),(UNKNOWN CITY),ND,00000,CWA,No,,
BILL HOUIM,REMOTE LOCATION,UNKNOWN,ND,58000,CWA,No,,
BILL HOUIM,REMOTE LOCATION,UNKNOWN,ND,58000,CWA,No,,
BILLADEAU-HARVEY BILLADEAU,6976 23RD STREET NW,PARSHALL,ND,58770,CWA,No,04/14/2005,
BILLADEAU-LYNN BILLADEAU,2240 69TH AVENUE NW,PARSHALL,ND,58770,CWA,No,04/14/2005,
BILLINGS COUNTY,12360 25 ST SW,UNKNOWN,ND,58000,CWA,No,,
BILLINGS COUNTY,2350 134 AVE SW,UNKNOWN,ND,58000,CWA,No,,
BILLINGS COUNTY,REMOTE LOCATION,UNKNOWN,ND,58000,CWA,No,,
BILLINGS COUNTY,REMOTE LOCATION,UNKNOWN,ND,58000,CWA,No,,
BILLINGS COUNTY,2931  121 AVE SW,UNKNOWN,ND,58000,CWA,No,07/13/2021,
BILLINGS COUNTY,REMOTE LOCATION,UNKNOWN,ND,58000,CWA,No,,
BILLINGS COUNTY,REMOTE LOCATION,UNKNOWN,ND,58000,CWA,No,,
BILLINGS COUNTY,REMOTE LOCATION,UNKNOWN,ND,58000,CWA,No,,
BILLINGS COUNTY,BUCKHORN RD,UNKNOWN,ND,58000,CWA,No,,
BILLINGS COUNTY,"133RD AVENUE, 3 MILES BETWEEN 15TH & 18TH ST",UNKNOWN,ND,58000,CWA,No,,
BILLINGS COUNTY - STORMWATER CONSTRUCTION,495 4TH STREET,MEDORA,ND,58645,CWA,No,,
BILLINGS COUNTY - STORMWATER CONSTRUCTION,132ND AVE SW,BELFIELD,ND,58622,CWA,No,,
BILLINGS COUNTY GUARDRAIL - HEC-0004(202),(UNKNOWN ADDRESS),(UNKNOWN CITY),ND,00000,CWA,No,,
BILLINGS COUNTY-DISTRICT 1 SHOP,12899 14TH ST SW,FAIRFIELD,ND,58622-9457,CWA,No,,
BILLINGS COUNTY-DISTRICT 2 SHOP,12811 20TH ST SW,FAIRFIELD,ND,58622-9429,CWA,No,,
BILLINGS COUNTY-FRYBURG SHOP,3721 HIGH ST,FRYBURG,ND,58622-2805,CWA,No,09/11/2023,
BILLINGS COUNTY-MEDORA SHOP,600 EAST RIVER RD,MEDORA,ND,58645-0168,CWA,No,09/13/2023,
BINFORD CITY OF,214 WHINERY ST,BINFORD,ND,58416,CWA,No,07/10/2024,221320
BIOBRIDGE WASTEWATER,TRACT 12 & 13,WATFORD CITY,ND,58854,CWA,Yes,01/15/2026,
BIOMASS SOLUTIONS,2355 N. 39TH STREET,UNKNOWN,ND,58000,CWA,No,03/24/2022,
BIOMASS SOLUTIONS,39TH STREET NORTH,UNKNOWN,ND,58000,CWA,No,06/25/2019,
BIRCHWOOD BAY,(UNKNOWN ADDRESS),(UNKNOWN CITY),ND,00000,CWA,No,,
BIRD BEAR SITE,HWY 73 & HWY 22,MANDAREE,ND,58757,CWA,No,,
BIRKLAND RANCH-SPIRIT LAKE CA7,SPIRIT LAKE RESERVATION,FORT TOTTEN,ND,58370,CWA,No,10/05/2004,
"BIS REAL ESTATE HOLDINGS, LLCC",2001 MAVERICK AVE,UNKNOWN,ND,58000,CWA,No,,
BIS-MAN TRANSIT (CSC 7049),3750 E ROSSER AVE,BISMARCK,ND,58501,CWA,No,11/28/2017,485210
BISBEE CITY OF,302 MAIN,BISBEE,ND,58317,CWA,No,07/19/2023,221320
BISMARCK AERO CENTER,(UNKNOWN ADDRESS),(UNKNOWN CITY),ND,00000,CWA,No,,
BISMARCK AIRPORT,REMOTE LOCATION,UNKNOWN,ND,58000,CWA,No,,
BISMARCK AIRPORT,REMOTE LOCATION,UNKNOWN,ND,58000,CWA,No,,
BISMARCK AIRPORT,2301 UNIVERSITY DR.,UNKNOWN,ND,58000,CWA,No,,
BISMARCK AIRPORT AUTHORITY,"2301 UNIVERSITY DRIVE. BISMARCK, ND",UNKNOWN,ND,58000,CWA,No,,
BISMARCK CANCER CENTER,500 8TH STREET,UNKNOWN,ND,58000,CWA,No,,
BISMARCK CITY OF,601 LONDON AVE,BISMARCK,ND,58502,CWA,No,06/24/2021,221320
BISMARCK CITY OF,PO BOX 5503,BISMARCK,ND,58506-5503,CWA,No,,
BISMARCK CITY OF,601 LONDON AVE,BISMARCK,ND,58502,CWA,No,09/16/2025,221320
BISMARCK CIVIC CENTER,EAST SWEET AVE AND SOUTH 5TH ST,BISMARCK,ND,58503,CWA,No,08/15/2013,
BISMARCK MUNICIPAL AIRPORT,2301 UNIVERSITY DR,BISMARCK,ND,58501,CWA,Yes,01/04/2016,
BISMARCK NORTH DEVELOPERS,REMOTE LOCATION,UNKNOWN,ND,58000,CWA,No,,
BISMARCK NORTH DEVELOPERS & KNUTSON HOMES,REMOTE LOCATION,UNKNOWN,ND,58000,CWA,No,,
BISMARCK PARK AND REC DISTRICT,4000 VALLEY DRIVE BISMARCK,UNKNOWN,ND,58000,CWA,No,04/23/2019,
BISMARCK PARK AND RECREATION DEPT,"4800 DURANGO DR. BISMARCK, ND",UNKNOWN,ND,58000,CWA,No,04/23/2019,
BISMARCK PARKS & REC DISTRICT,4800 DURANGO DRIVE,UNKNOWN,ND,58000,CWA,No,,
BISMARCK PARKS & REC.,205 RENO DRIVE,UNKNOWN,ND,58000,CWA,No,04/24/2019,
BISMARCK PARKS & RECREATION DISTRICT,4102 WRANGLER LN,UNKNOWN,ND,58000,CWA,No,,
BISMARCK PARKS & RECREATION DISTRICT,3620 GOGBURN ROAD,UNKNOWN,ND,58000,CWA,No,,
BISMARCK PARKS & RECREATION DISTRICT,303 WEST FRONT AVE,UNKNOWN,ND,58000,CWA,No,,
BISMARCK PARKS & RECREATION DISTRICT,4019 PLATINUM ST.,UNKNOWN,ND,58000,CWA,No,05/27/2022,
BISMARCK PARKS & RECREATION DISTRICT,830 E CENTRAL AVE,UNKNOWN,ND,58000,CWA,No,,
BISMARCK PARKS AND REC.,REMOTE LOCATION,UNKNOWN,ND,58000,CWA,No,,
BISMARCK PARKS AND RECREATION,REMOTE LOCATION,UNKNOWN,ND,58000,CWA,No,,
BISMARCK PARKS AND RECREATION,CAPITAL AVE AND 26TH ST,UNKNOWN,ND,58000,CWA,No,,
BISMARCK PARKS AND RECREATION,2506 S 12TH ST,UNKNOWN,ND,58000,CWA,No,,
BISMARCK PARKS AND RECREATION,"46.856300,  -100.819230",UNKNOWN,ND,58000,CWA,No,,
BISMARCK PARKS AND RECREATION DISTRICT,605 W ARBOR AVE,UNKNOWN,ND,58000,CWA,No,07/29/2020,
BISMARCK PUBLIC SCHOOL DISTRICT,800 N. 8TH STREET,UNKNOWN,ND,58000,CWA,No,05/27/2022,
BISMARCK PUBLIC SCHOOL DISTRICT,1215 NORTH 19TH STREET,UNKNOWN,ND,58000,CWA,No,,
BISMARCK PUBLIC SCHOOL DISTRICT,500 ASH COULEE DRIVE,UNKNOWN,ND,58000,CWA,No,,
BISMARCK PUBLIC SCHOOL DISTRICT,REMOTE LOCATION,UNKNOWN,ND,58000,CWA,No,,
BISMARCK PUBLIC SCHOOL DISTRICT,3320 MCCURRY WAY,UNKNOWN,ND,58000,CWA,No,08/02/2024,
BISMARCK PUBLIC SCHOOLS,4401 IVORY LANE,UNKNOWN,ND,58000,CWA,No,10/11/2023,
BISMARCK PUBLIC SCHOOLS,4511 SILVER BOULEVARD,UNKNOWN,ND,58000,CWA,No,08/02/2024,
BISMARCK PUBLIC SCHOOLS,1107 S. WASHINGTON ST.,UNKNOWN,ND,58000,CWA,No,,
BISMARCK PUBLIC SCHOOLS,(UNKNOWN ADDRESS),(UNKNOWN CITY),ND,00000,CWA,No,02/24/2026,
BISMARCK PUBLIC SCHOOLS,REMOTE LOCATION,UNKNOWN,ND,58000,CWA,No,,
BISMARCK PUBLIC SCHOOLS,REMOTE LOCATION,UNKNOWN,ND,58000,CWA,No,,
BISMARCK PUBLIC SCHOOLS,3400 E CALGARY AVE,UNKNOWN,ND,58000,CWA,No,,
BISMARCK PUBLIC SCHOOLS LIBERTY ELEMENTARY,3RD ST NW AND MEDORA AVE,BISMARCK,ND,58503,CWA,No,08/16/2013,
BISMARCK PUBLIC WORKS,REMOTE LOCATION,UNKNOWN,ND,58000,CWA,No,,
BISMARCK STATE COLLEGE,1500 EDWARDS AVE,BISMARCK,ND,58506,CWA,Yes,07/31/2020,
BISMARCK STATE COLLEGE,1511 CANARY AVE,UNKNOWN,ND,58000,CWA,No,09/17/2025,
BISMARCK STATE COLLEGE,REMOTE LOCATION,UNKNOWN,ND,58000,CWA,No,04/23/2024,
BISMARCK TYLER PARKWAY EXTENSION (173)& TYLER COULEE REGIONAL PONDS (576) 26008,1301 E VALLEY DR,BISMARCK,ND,58503,CWA,No,,
BISMARCK WEED CONTROL,BISMARCK,UNKNOWN,ND,58000,CWA,No,,
BISMARCK WTP,615 RIVER RD,BISMARCK,ND,58506,CWA,No,06/05/2024,
BISMARCK WTP,615 RIVER RD,BISMARCK,ND,58506,CWA,No,09/06/2011,
"BISMARCK, CITY OF WWTP",601 LONDON AVENUE,BISMARCK,ND,585065503,CWA,No,,221320
BISMARCK/BURLEIGH PUBLIC HEALTH DEPARTMENT,(UNKNOWN ADDRESS),(UNKNOWN CITY),ND,00000,CWA,No,,
BISON XPRESS PROJECT - KURTZ METER STATION,REMOTE LOCATION,UNKNOWN,ND,58000,CWA,No,,
"BJORNSON BRIDGE VALLY CITY PARK DISTRICT, NORTH DAKOTA",1349 14TH ST SW,"VALLEY CITY,",ND,58072,CWA,No,,
BLACK EAGLE ESTATES,S11 T149N R94W,MANDAREE,ND,58757,CWA,No,,
BLACK EAGLE ESTATES,S11 T149N R94W,MANDAREE,ND,58757,CWA,No,08/28/2014,
BLACKMORE FLATS II LLP,"2777 & 2899 S 34TH ST., GRAND FORKS",UNKNOWN,ND,58000,CWA,No,06/21/2018,
BLACKMORE III LLP,3233 & 3111 S 24TH ST,UNKNOWN,ND,58000,CWA,No,10/15/2018,
BLACKPOINT BUILDING GROUP,"3820 S 15TH ST, GRAND FORKS",UNKNOWN,ND,58000,CWA,No,06/30/2022,
BLACKSTONE DEVELOPMENT LAND HOLDING,INTERSECTION OF 10TH AVENUE EAST AND 21ST STREET E,UNKNOWN,ND,58000,CWA,No,,
BLACKTAIL DAM IMPROVEMENTS,115 BLACKTAIL DR.,WILLISTON,ND,58856,CWA,No,,
BLAKE BROGREN - BROGREN STORAGE & SHOP,1015 5TH ST E,HORACE,ND,58047,CWA,No,,
BLAKE NITSCHKE FARM,REMOTE LOCATION,UNKNOWN,ND,58000,CWA,No,,
BLARNEYSTONE PUB,"1910 9TH STREET EAST, WEST FARGO",UNKNOWN,ND,58000,CWA,No,,
BLOCK 1 LOT 1,(UNKNOWN ADDRESS),(UNKNOWN CITY),ND,00000,CWA,No,10/22/2024,
BLUE STAR INDUSTRIAL BUILDING,(UNKNOWN ADDRESS),(UNKNOWN CITY),ND,00000,CWA,No,10/15/2018,
BLUFFS APARTMENTS,3009 31ST AVENUE WEST,WILLISTON,ND,58801,CWA,No,07/15/2015,
BN-25-F1 46TH AVE INDUSTRIAL PARK 2ND ADD,48TH AVE NORTH AND 33RD ST NORTH,FARGO,ND,58102,CWA,No,,
BN-26-C1 SELKIRK 4TH ADD,33RD ST S & 69TH AVE,FARGO,ND,58102,CWA,No,,
BNI COAL,REMOTE LOCATION,UNKNOWN,ND,58000,CWA,No,,
BNI COAL,REMOTE LOCATION,UNKNOWN,ND,58000,CWA,No,,
BNSF,28TH ST NE - 3MI W & 2MI N OF HEIMDAL,UNKNOWN,ND,58000,CWA,No,11/12/2020,
BNSF,28TH ST NE - 3MI W & 2MI N OF HEIMDAL,UNKNOWN,ND,58000,CWA,No,07/23/2020,
BNSF - DICKINSON RAILYARD,1 I-94 BL,DICKINSON,ND,58601,CWA,No,,482111
BNSF - FARGO RAILYARD,801 MAIN AVE,FARGO,ND,58103,CWA,No,,482111
BNSF - WILLISTON RAILYARD,1 SOUTH MAIN ST,WILLISTON,ND,58801,CWA,No,,482111
BNSF BRIDGE 0303-0008.91,2350 32 1/2 ST,MANDAN,ND,58554,CWA,No,,
BNSF PAGE DERAILMENT,80 44TH AVE NE,MINNEAPOLIS,ND,55421,CWA,No,,
BNSF RAILWAY,1796 DEMERS AVENUE,UNKNOWN,ND,58000,CWA,No,,
BNSF RAILWAY,REMOTE LOCATION,UNKNOWN,ND,58000,CWA,No,,
BNSF RAILWAY,REMOTE LOCATION,UNKNOWN,ND,58000,CWA,No,,
BNSF RAILWAY,REMOTE LOCATION,UNKNOWN,ND,58000,CWA,No,08/13/2018,
BNSF RAILWAY,REMOTE LOCATION,UNKNOWN,ND,58000,CWA,No,,
BNSF RAILWAY,REMOTE LOCATION,UNKNOWN,ND,58000,CWA,No,,
BNSF RAILWAYS,REMOTE LOCATION,UNKNOWN,ND,58000,CWA,No,,
BOB HINTZ,4168 64TH ST,UNKNOWN,ND,58000,CWA,No,,
BOB RISKE,(UNKNOWN ADDRESS),(UNKNOWN CITY),ND,00000,CWA,No,07/15/2025,
BOBCAT CYLINDERS,2101 11TH ST NORTH,WAHPETON,ND,58075,CWA,No,01/28/2026,
BOBCAT MANUFACTURING,530 26TH STREET,BISMARCK,ND,58504,CWA,No,06/29/2022,
BOLTZ BORROW,PO BOX 820,DICKINSON,ND,58602,CWA,No,,
BONA SON,2591 BEAVER CREEK RD,UNKNOWN,ND,58000,CWA,No,,
BORDEN HARBOR,BOARDEN HARBOR,UNKNOWN,ND,58000,CWA,No,,
BORDER AG & ENERGY,REMOTE LOCATION,UNKNOWN,ND,58000,CWA,No,,
BORDER STATES DISTRIBUTION CENTER,(UNKNOWN ADDRESS),(UNKNOWN CITY),ND,00000,CWA,No,07/18/2025,
BORDER STATES ELECTRIC,REMOTE LOCATION,UNKNOWN,ND,58000,CWA,No,10/17/2023,
BORDER STATES ELECTRIC,3219 ROCK ISLAND PLACE,UNKNOWN,ND,58000,CWA,No,,
BORDER STATES PAVING,REMOTE LOCATION,UNKNOWN,ND,58000,CWA,No,,
BORDER STATES PAVING,REMOTE LOCATION,UNKNOWN,ND,58000,CWA,No,,
BORDER STATES PAVING,REMOTE LOCATION,UNKNOWN,ND,58000,CWA,No,,
BORDER STATES PAVING,REMOTE LOCATION,UNKNOWN,ND,58000,CWA,No,,
BORDER STATES PAVING-JAMESTOWN PERMANENT PLANT #4-7,1610 5TH ST NW,JAMESTOWN,ND,58402,CWA,No,08/20/2024,
BORDER STATES PAVING-MOBILE UNIT 4-3,4101 32ND STREET NORTH,FARGO,ND,58108,CWA,No,,
BORDER STATES PAVING-PORTABLE ASPHALT PLANT UNIT #4-4,4101 32ND STREET NORTH,FARGO,ND,58108,CWA,No,,
BORROW PIT FOR NDDOT PROJECT,EAST SIDE OF CMC 4819 SOUTH OF HWY 17,UNKNOWN,ND,58000,CWA,No,10/19/2022,
BORROW/STOCKPILE/EQUIPMENT STORAGE YARD FOR MOUNTRAIL COUNTY ROUTE 15 RECONSTR.,MOUNTRAIL COUNTY ROUTE 15,VAN HOOK PARK,ND,58718,CWA,No,,
BOSCHEE BROTHERS,UNKNOWN,UNKNOWN,ND,00000,CWA,No,05/15/2012,
BOTTINEAU CITY OF,115 W 6TH ST,BOTTINEAU,ND,58318,CWA,No,06/03/2025,221320
BOTTINEAU COUNTY,9035 COUNTY ROAD 17B,UNKNOWN,ND,58000,CWA,No,04/23/2021,
BOTTINEAU COUNTY,REMOTE LOCATION,UNKNOWN,ND,58000,CWA,No,,
BOTTINEAU COUNTY,REMOTE LOCATION,UNKNOWN,ND,58000,CWA,No,07/16/2021,
BOTTINEAU COUNTY,REMOTE LOCATION,UNKNOWN,ND,58000,CWA,No,,
BOTTINEAU COUNTY,REMOTE LOCATION,UNKNOWN,ND,58000,CWA,No,,
BOTTINEAU COUNTY,REMOTE LOCATION,UNKNOWN,ND,58000,CWA,No,,
BOTTINEAU COUNTY,REMOTE LOCATION,UNKNOWN,ND,58000,CWA,No,,
BOTTINEAU COUNTY,REMOTE LOCATION,UNKNOWN,ND,58000,CWA,No,,
BOTTINEAU COUNTY,REMOTE LOCATION,UNKNOWN,ND,58000,CWA,No,04/23/2021,
BOTTINEAU COUNTY,REMOTE LOCATION,UNKNOWN,ND,58000,CWA,No,,
BOTTINEAU COUNTY,REMOTE LOCATION,UNKNOWN,ND,58000,CWA,No,,
BOTTINEAU COUNTY,REMOTE LOCATION,UNKNOWN,ND,58000,CWA,No,08/16/2021,
BOTTINEAU COUNTY,REMOTE LOCATION,UNKNOWN,ND,58000,CWA,No,,
BOTTINEAU COUNTY,REMOTE LOCATION,UNKNOWN,ND,58000,CWA,No,,
BOTTINEAU COUNTY,REMOTE LOCATION,UNKNOWN,ND,58000,CWA,No,,
BOTTINEAU COUNTY,1M WEST AND 3M SOUTH OF OVERLY,UNKNOWN,ND,58000,CWA,No,,
BOTTINEAU COUNTY - STORMWATER CONSTRUCTION,314 5TH ST WEST,BOTTINEAU,ND,58318,CWA,No,,
BOTTINEAU COUNTY COMMISSIONERS,CMC 549 (LAKE ROAD),UNKNOWN,ND,58000,CWA,No,08/14/2020,
BOTTINEAU COUNTY HIGHWAY DEPARTMENT,REMOTE LOCATION,UNKNOWN,ND,58000,CWA,No,,
BOTTINEAU COUNTY WATER RESOURCE,REMOTE LOCATION,UNKNOWN,ND,58000,CWA,No,,
BOTTINEAU COUNTY WATER RESOURCE DISTRICT,105TH ST NW AND 14TH AVE NW WESTHOPE,UNKNOWN,ND,58000,CWA,No,,
BOTTINEAU COUNTY WEED BOARD,COUNTY RD 6,UNKNOWN,ND,58000,CWA,No,,
BOTTINEAU COUNTY – BOTTINEAU COUNTY STR NO. 05-133-23-0,(UNKNOWN ADDRESS),(UNKNOWN CITY),ND,00000,CWA,No,,
BOTTINEAU COUNTY – SOUTH LANDA DRAIN,(UNKNOWN ADDRESS),(UNKNOWN CITY),ND,00000,CWA,No,,
BOTTINEAU COUNTY – STONE CREEK LATERAL B – 90TH ST NE,(UNKNOWN ADDRESS),(UNKNOWN CITY),ND,00000,CWA,No,,
BOTTINEAU COUNTY-ANTLER SHOP,358 3RD AVE,ANTLER,ND,58711,CWA,No,,
BOTTINEAU COUNTY-BOTTINEAU SHOP,314 WEST 5TH ST,BOTTINEAU,ND,58318,CWA,No,,
BOTTINEAU COUNTY-LANDA SHOP,MAIN ST,LANDA,ND,58783,CWA,No,,
BOTTINEAU COUNTY-LANSFORD SHOP,HUSS STREET,LANSFORD,ND,58750,CWA,No,10/15/2021,
BOTTINEAU COUNTY-MAXBASS SHOP,SOMEWHERE IN,MAXBASS,ND,58760,CWA,No,04/23/2021,
BOTTINEAU COUNTY-NEWBURG SHOP,101 LIBBIE ST,NEWBURG,ND,58762,CWA,No,07/16/2021,
BOTTINEAU COUNTY-WILLOW CITY SHOP,210 PRAIRIE ST,WILLOW CITY,ND,58384,CWA,No,10/19/2021,
BOTTINEAU MUNICIPAL AIRPORT-BOTTINEAU AIRPORT,9770 13TH AVE NE,BOTTINEAU,ND,58318,CWA,No,,
BOTTINEAU PUBLIC SCHOOL,301 BRANDER ST,UNKNOWN,ND,58000,CWA,No,06/21/2021,
BOULDER RIDGE #5 AND #6,GRANITE DRIVE AND BOULDER RIDGE ROAD,BISMARCK,ND,58503,CWA,No,08/16/2013,
BOULDER RIDGE DEVELOPMENT,REMOTE LOCATION,UNKNOWN,ND,58000,CWA,No,,
BOULDER RIDGE DEVELOPMENT,REMOTE LOCATION,UNKNOWN,ND,58000,CWA,No,06/16/2015,
BOULDER RIDGE DEVELOPMENT,REMOTE LOCATION,UNKNOWN,ND,58000,CWA,No,,
BOULDER RIDGE DEVELOPMENT - BOULDER RIDGE 7TH MULTI UNITS,600 MARBLE DRIVE,BISMARCK,ND,58503,CWA,No,,
"BOWBELL, CITY OF",100 MAIN STREET,BOWBELL,ND,58721,CWA,No,,221320
BOWBELLS CITY OF,100 MAIN ST,BOWBELLS,ND,58721,CWA,No,,221320
BOWBELLS CITY OF,100 MAIN ST,BOWBELLS,ND,58721,CWA,Yes,05/17/2023,221320
BOWBELLS NDDOT,506 CENTENNIAL DRIVE,BOWBELLS,ND,58721,CWA,No,,
BOWDON CITY OF,212 WARRINGTON AVE,BOWDON,ND,58418,CWA,No,05/30/2024,221320
BOWMAN CITY OF,101 1ST ST SW,BOWMAN,ND,58623,CWA,No,07/09/2024,221320
BOWMAN COUNTY,REMOTE LOCATION,UNKNOWN,ND,58000,CWA,No,,
BOWMAN COUNTY,REMOTE LOCATION,UNKNOWN,ND,58000,CWA,No,,
BOWMAN COUNTY,CAMP CROOK ROAD (1.5 MILES SOUTH OF MARMARTH),UNKNOWN,ND,58000,CWA,No,,
BOWMAN COUNTY - 25030 – BRP-BRJ-0006,169TH AVE SW,WEST BOWMAN,ND,58651,CWA,No,,
BOWMAN COUNTY AIRPORT AUTHORITY,"14648 HIGHWAY 12 SW, BOWAN",UNKNOWN,ND,58000,CWA,No,,
BOWMAN COUNTY COMMISSION,REMOTE LOCATION,UNKNOWN,ND,58000,CWA,No,,
BOWMAN COUNTY COMMISSION,REMOTE LOCATION,UNKNOWN,ND,58000,CWA,No,09/11/2023,
BOWMAN COUNTY – 24-01-165 WHISKEY ROAD RECONSTRUCTION,88TH ST. SW,SCRATON,ND,58623,CWA,No,,
BOWMAN COUNTY – OLD HIGHWAY 12 RECONSTRUCTION PROJECT,86TH ST. SW,BOWMAN,ND,58623,CWA,No,,
BOWMAN COUNTY- STORMWATER DISCHARGES ASSOC. WITH CONSTRUCTION ACTIVITY,"US 85, 4 MILES SOUTH OF JCT US 12",BOWMAN,ND,58601,CWA,No,,
BOWMAN READY MIX,803 5TH ST SW,BOWMAN,ND,58623,CWA,No,,
BOWMAN READY MIX,803 5TH ST SW,BOWMAN,ND,58623,CWA,No,,
BOX T RANCH,UNKNOWN,UNKNOWN,ND,00000,CWA,No,05/15/2012,
BR-26-B1 WILLOW ROAD FARGO,2549 WILLOW ROAD,FARGO,ND,58102,CWA,No,,
BR-26-C1,7TH ST S - 13TH AVE S TO 10TH AVE S,FARGO,ND,58102,CWA,No,,
BR-26-E1,225 4TH ST N,FARGO,ND,58102,CWA,No,,
BRAD PAUL ENTERPRISES,3653 HOUKOM DRIVE E.,UNKNOWN,ND,58000,CWA,No,,
BRAD PAULY,REMOTE LOCATION,UNKNOWN,ND,58000,CWA,No,,
BRANDON & LACEY (SCHNEIDER) KOENIG,"1745 59TH AVE SE, WOODWORTH",UNKNOWN,ND,58000,CWA,No,,
"BRANDON MILLER, VANCE VESEY",REMOTE LOCATION,UNKNOWN,ND,58000,CWA,No,,
BRANDON MUELLER,11250 16TH ST SE,DAZEY,ND,58429,CWA,No,06/04/2013,
BRANDON SCHOCK,2105 66TH ST SE,UNKNOWN,ND,58000,CWA,No,05/23/2018,
BRC-2506(065) - NDOT JOB #4-PCN 22044,REMOTE LOCATION,UNKNOWN,ND,58000,CWA,No,,
"BREI ESTATES, LLP",REMOTE LOCATION,UNKNOWN,ND,58000,CWA,No,,
BREKKE AVIATION,RAMSEY COUNTY SLOUGH,UNKNOWN,ND,58000,CWA,No,,
BRIAN & TERRIE DAHL,REMOTE LOCATION,UNKNOWN,ND,58000,CWA,No,,
BRIAN JOHNSON BORROW/WASTE,HWY 1804,UNKNOWN,ND,58000,CWA,No,,
BRIAN VCULEK,REMOTE LOCATION,UNKNOWN,ND,58000,CWA,No,,
BRIDGE 525.65 NEW TOWN SUBDIVISION BRIDGE REPLACEMENT,NORTH DAKOTA 1804,NEW TOWN,ND,58763,CWA,No,,
BRIDGER PIPELINE,REMOTE LOCATION,UNKNOWN,ND,58000,CWA,No,,
BRIDGETOWN DEVELOPMENT LLP,REMOTE LOCATION,UNKNOWN,ND,58000,CWA,No,08/15/2023,
BRIDGEVIEW BAY DEVELOPMENT,MARINA ROAD AND PIRATES LOOP SE,MANDAN,ND,58554,CWA,No,08/15/2013,
BROGREN INVESTMENTS - HORACE STORAGE,1025 5TH ST E,HORACE,ND,58047,CWA,No,,
BROLIN INVESTIN,440 2ND STREET SW,UNKNOWN,ND,58000,CWA,No,,
BROOKS HARBOR 6TH ADDITION,REMOTE LOCATION,UNKNOWN,ND,58000,CWA,No,,
BROOKS HARBOR DEVELOPMENT,REMOTE LOCATION,UNKNOWN,ND,58000,CWA,No,,
BROOKS HEIGHTS APARTMENTS,UNKNOWN,NEW TOWN,ND,58763,CWA,No,07/22/2015,
BROOKSTONE PROPERTIES,(UNKNOWN ADDRESS),(UNKNOWN CITY),ND,00000,CWA,No,,
BROOKSTONE PROPERTY,REMOTE LOCATION,UNKNOWN,ND,58000,CWA,No,,
BROOKSTONE PROPERTY,7 1/2 STREET E AND 88TH AVENUE SOUTH,UNKNOWN,ND,58000,CWA,No,10/13/2021,
BROOKSTONE PROPERTY,(UNKNOWN ADDRESS),(UNKNOWN CITY),ND,00000,CWA,No,,
BROWN WILBERT VAULT-JAMESTOWN,1101 19TH ST SW,JAMESTOWN,ND,58402,CWA,No,,
BROWN WILBERT VAULT-JAMESTOWN,1101 19TH ST SW,JAMESTOWN,ND,58401,CWA,No,10/29/2020,
BRUCE MORMAN,REMOTE LOCATION,UNKNOWN,ND,58000,CWA,No,,
BRYAN P. WENTZ,REMOTE LOCATION,UNKNOWN,ND,58000,CWA,No,02/22/2024,
BSC RESIDENCE HALL,1507 CANARY AVE,BISMARCK,ND,58501,CWA,No,,
BUFFALO CITY OF,409 MAIN ST,BUFFALO,ND,58011,CWA,Yes,,221320
BUFFALO CITY OF,409 MAIN ST,BUFFALO,ND,58011,CWA,No,08/31/2011,221320
BUFFALO GAP WATER TANK,15661 OLD HWY 10,SENTINEL BUTTE,ND,58654,CWA,No,,
BUFFALO WINGS AND RINGS,4425 NORTH 15TH STREET,UNKNOWN,ND,58000,CWA,No,04/23/2019,
BUREAU OF RECLAMATION,REMOTE LOCATION,UNKNOWN,ND,58000,CWA,No,,
BURGUM 34 LLP,REMOTE LOCATION,UNKNOWN,ND,58000,CWA,No,,
BURKE COUNTY,BURKE COUNTY RD. 16 & 16A FROM STATE HWY #8 TO WAR,UNKNOWN,ND,58000,CWA,No,,
BURKE COUNTY,REMOTE LOCATION,UNKNOWN,ND,58000,CWA,No,,
BURKE COUNTY,107TH ST. NW,UNKNOWN,ND,58000,CWA,No,,
BURKE COUNTY COMMISSIONERS,COUNTY ROAD 20,UNKNOWN,ND,58000,CWA,No,,
BURKE COUNTY HIGHWAY DEPT,REMOTE LOCATION,UNKNOWN,ND,58000,CWA,No,,
BURKE COUNTY ND,REMOTE LOCATION,UNKNOWN,ND,58000,CWA,No,,
BURKE COUNTY NORTH DAKOTA,REMOTE LOCATION,UNKNOWN,ND,58000,CWA,No,,
BURKE DIVIDE ELECTRIC COOPERATIVE,NOT ESTABLISHED,UNKNOWN,ND,58000,CWA,No,,
BURKE DIVIDE WILLIAMS WATER (PHASE II),REMOTE LOCATION,UNKNOWN,ND,58000,CWA,No,,
BURKE-DIVIDE ELECTRIC COOPERATIVE,"45201 464TH AVE NW, KENMARE, ND  58746",UNKNOWN,ND,58000,CWA,No,,
BURLEIGH BUILDERS - ASPEN BUSINESS PARK,4475 COLEMAN STREET,BISMARCK,ND,58503,CWA,No,,
BURLEIGH COUNTY,3805 EAST BISMARCK EXPRESSWAY,UNKNOWN,ND,58000,CWA,No,08/02/2024,
BURLEIGH COUNTY,4000 APPLECREEK ROAD,UNKNOWN,ND,58000,CWA,No,,
BURLEIGH COUNTY,43RD AVE,UNKNOWN,ND,58000,CWA,No,,
BURLEIGH COUNTY,71ST AVE NE,UNKNOWN,ND,58000,CWA,No,08/02/2024,
BURLEIGH COUNTY,8100 43RD AVE NE,BISMARCK,ND,58503,CWA,No,08/21/2019,
BURLEIGH COUNTY,REMOTE LOCATION,UNKNOWN,ND,58000,CWA,No,08/02/2024,
BURLEIGH COUNTY,30TH AVE AT I94,UNKNOWN,ND,58000,CWA,No,03/18/2022,
BURLEIGH COUNTY,REMOTE LOCATION,UNKNOWN,ND,58000,CWA,No,,
BURLEIGH COUNTY,REMOTE LOCATION,UNKNOWN,ND,58000,CWA,No,07/08/2019,
BURLEIGH COUNTY,REMOTE LOCATION,UNKNOWN,ND,58000,CWA,No,,
BURLEIGH COUNTY,LINCOLN RD,UNKNOWN,ND,58000,CWA,No,05/23/2018,
BURLEIGH COUNTY (CENTENNIAL RD & 43RD AVE),REMOTE LOCATION,UNKNOWN,ND,58000,CWA,No,05/22/2018,
BURLEIGH COUNTY (HIGHWAY DEPT),409TH AVE NE,UNKNOWN,ND,58000,CWA,No,,
BURLEIGH COUNTY HIGHWAY DEPARTMENT,REMOTE LOCATION,UNKNOWN,ND,58000,CWA,No,,
BURLEIGH COUNTY HIGHWAY DEPT.,FOREST DRIVE/OAK DRIVE,UNKNOWN,ND,58000,CWA,No,,
BURLEIGH COUNTY HOUSING AUTHORITY,415 SOUTH WASHINGTON STREET,UNKNOWN,ND,58000,CWA,No,,
BURLEIGH COUNTY HOUSING AUTHORITY,(UNKNOWN ADDRESS),(UNKNOWN CITY),ND,00000,CWA,No,,
BURLEIGH COUNTY HOUSING AUTHORITY,1121 S 11TH ST,UNKNOWN,ND,58000,CWA,No,,
BURLEIGH COUNTY HOUSING AUTHORITY,901 EAST BOWEN AVE.,UNKNOWN,ND,58000,CWA,No,,
BURLEIGH COUNTY SOIL CONSERVATION DISTRICT,(UNKNOWN ADDRESS),(UNKNOWN CITY),ND,00000,CWA,No,11/24/2025,
BURLEIGH COUNTY WATER RESOURCE DIST.,8700 ISLAND ROAD,UNKNOWN,ND,58000,CWA,No,,
BURLEIGH COUNTY WATER RESOURCE DISTRICT,REMOTE LOCATION,UNKNOWN,ND,58000,CWA,No,,
BURLEIGH COUNTY WATER RESOURCE DISTRICT,REMOTE LOCATION,UNKNOWN,ND,58000,CWA,No,06/22/2017,
BURLEIGH COUNTY WATER RESOURCE DISTRICT,MCDOWELL DAM,UNKNOWN,ND,58000,CWA,No,08/02/2024,
BURLEIGH COUNTY WEED BOARD,BURLEIGH COUNTY,UNKNOWN,ND,58000,CWA,No,,
BURLEIGH COUNTY – BRYAN SLOUGH FORCE MAIN PROJECT NUMBER 0170,APPLE CREEK ROAD,BISMARCK,ND,58504,CWA,No,,
BURLEIGH COUNTY – CONSTRUCTION OF 26TH STREET NE & 57TH AVENUE,(UNKNOWN ADDRESS),(UNKNOWN CITY),ND,00000,CWA,No,,
BURLEIGH COUNTY – SFP-001 (25),(UNKNOWN ADDRESS),(UNKNOWN CITY),ND,00000,CWA,No,11/24/2025,
BURLEIGH CTY WATER RESOURCE DISTRICT,GALLATIN DR.,UNKNOWN,ND,58000,CWA,No,05/31/2019,
BURLEIGH STOCKPILE SITE,6325 COUNTY RD 87 SW,ALEXANDRIA,ND,56308,CWA,No,,
BURLEIGH/MORTON COUNTIES JAIL FACILITY,UNKNOWN,BISMARCK,ND,58503,CWA,No,09/18/2015,
BURLINGTON CITY OF,225 WALLACE ST N,BURLINGTON,ND,58722,CWA,No,06/11/2025,221320
BURLINGTON NORTHERN SANTA FE-BEULAH,105 WEST RAILROAD AVENUE,BEULAH,ND,58523,CWA,No,,482111
BURLINGTON NORTHERN SANTA FE-GRAND FORKS,1796 DEMERS AVE,GRAND FORKS,ND,58201,CWA,No,04/09/2025,482111
BURLINGTON NORTHERN SANTA FE-JAMESTOWN,824 1ST ST W,JAMESTOWN,ND,58401,CWA,No,08/27/2012,482111
BURLINGTON NORTHERN SANTA FE-MANDAN,300 1ST AVE SW,MANDAN,ND,58554,CWA,No,08/17/2012,482111
BURLINGTON NORTHERN SANTA FE-MINOT,6400 4TH AVE NE,MINOT,ND,58703,CWA,No,,482111
BURLINGTON RESOURCES,(UNKNOWN ADDRESS),(UNKNOWN CITY),ND,00000,CWA,No,,
BURLINGTON RESOURCES,(UNKNOWN ADDRESS),(UNKNOWN CITY),ND,00000,CWA,No,,
BURLINGTON RESOURCES,REMOTE LOCATION,UNKNOWN,ND,58000,CWA,No,,
BURLINGTON RESOURCES (KUMMER 41-30MBH),(UNKNOWN ADDRESS),(UNKNOWN CITY),ND,00000,CWA,No,,
BURLINGTON RESOURCES (STROH PAD),(UNKNOWN ADDRESS),(UNKNOWN CITY),ND,00000,CWA,No,,
BURLINGTON RESOURCES (TILTON 34-7H),REMOTE LOCATION,UNKNOWN,ND,58000,CWA,No,,
BURLINGTON RESOURCES (VEEDER 14-24H),(UNKNOWN ADDRESS),(UNKNOWN CITY),ND,00000,CWA,No,,
BURLINGTON RESOURCES JOEL 21-2H,REMOTE LOCATION,UNKNOWN,ND,58000,CWA,No,,
BURLINGTON RESOURCES OIL & GAS,(UNKNOWN ADDRESS),(UNKNOWN CITY),ND,00000,CWA,No,,
BURLINGTON RESOURCES OIL & GAS,(UNKNOWN ADDRESS),(UNKNOWN CITY),ND,00000,CWA,No,,
BURLINGTON RESOURCES OIL & GAS (THREE RIVERS PROJECT),REMOTE LOCATION,UNKNOWN,ND,58000,CWA,No,,
BURLINGTON RESOURCES OIL & GAS COLP,(UNKNOWN ADDRESS),(UNKNOWN CITY),ND,00000,CWA,No,,
BURLINGTON RESOURCES OIL AND GAS,REMOTE LOCATION,UNKNOWN,ND,58000,CWA,No,,
BURLINGTON TOWNSHIP,REMOTE LOCATION,UNKNOWN,ND,58000,CWA,No,,
BURNING HILLS AMPHITHEATER WWTP,3422 CHATEAU RD,MEDORA,ND,58645,CWA,Yes,07/30/2025,
BURNT CREEK WWTP,555 HIGHWAY 1804 NE,BISMARCK,ND,58503,CWA,No,09/16/2021,
BUTTE CITY OF,MAIN STREET,BUTTE,ND,58723,CWA,No,05/20/2014,221320
BUXTON CITY OF,IVES ST,BUXTON,ND,58218,CWA,No,06/26/2025,221320
BYRON ROHR,REMOTE LOCATION,UNKNOWN,ND,58000,CWA,No,,
C & J ENERGY SERVICES - DAVIDSON SWD,6409 102A  AVENUE NORTHWEST,TIOGA,ND,58852,CWA,No,07/14/2021,
C & J ENERGY SERVICES - SALT WATER DISPOSAL FACILITY #1,559 HIGHWAY 22,KILLDEER,ND,58640,CWA,No,,
CAFO 1-FORT BERTHOLD,4011 73RD AVENUE,PARSHALL,ND,58770,CWA,No,04/12/2005,
CAFO2-FORT BERTHOLD,NOT DETERMINED,PARSHALL,ND,58770,CWA,No,04/14/2005,
CALIBER MIDSTREAM,REMOTE LOCATION,UNKNOWN,ND,58000,CWA,No,,
CALIBER MIDSTREAM,1200 17TH ST STE 2100,DENVER,CO,80202,CWA,No,,
CALIBER SPRING CREEK - SOUTH WATFORD EXTENSION,REMOTE LOCATION,UNKNOWN,ND,58000,CWA,No,,
CALICO APARTMENTS,4422 AND 4450 30TH AVE SW,FARGO,ND,58102,CWA,No,09/23/2008,
CAM KNUTSON,REMOTE LOCATION,UNKNOWN,ND,58000,CWA,No,,
CAMERON,501 58TH STREET WEST,WILLISTON,ND,58802,CWA,No,,
CAMERON LEIBFRIED,8868 LOST RIVER ROAD,UNKNOWN,ND,58000,CWA,No,,
CAMERON-MINOT SURFACE SYSTEMS,205 42ND STREET,MINOT,ND,58701,CWA,No,05/16/2018,
CAMP GRAFTON,REMOTE LOCATION,UNKNOWN,ND,58000,CWA,No,,
CAMP GRAFTON NORTH EQUIPMENT TRAINING SITE,CAMP GRAFTON TRAINING CENTER,DEVILS LAKE,ND,58301,CWA,No,07/08/2025,
CANADIAN PACIFIC - HANKINSON YARD,410 1ST ST NE,HANKINSON,ND,58041,CWA,No,,482111
CANADIAN PACIFIC - PORTAL YARD,BOUNDARY AVE,PORTAL,ND,58772,CWA,No,,482111
CANADIAN PACIFIC KANSAS CITY,REMOTE LOCATION,UNKNOWN,ND,58000,CWA,No,,
CANADIAN PACIFIC RAILWAY,REMOTE LOCATION,UNKNOWN,ND,58000,CWA,No,,
CANADIAN PACIFIC RAILWAY,REMOTE LOCATION,UNKNOWN,ND,58000,CWA,No,05/11/2023,
CANADIAN PACIFIC RAILWAY,REMOTE LOCATION,UNKNOWN,ND,58000,CWA,No,,
CANADIAN PACIFIC RAILWAY,"SEC 4&5,T158N,R87W & SEC31,T159N,R87W",UNKNOWN,ND,58000,CWA,No,,
CANADIAN PACIFIC RAILWAY,REMOTE LOCATION,UNKNOWN,ND,58000,CWA,No,,
CANADIAN PACIFIC RAILWAY,REMOTE LOCATION,UNKNOWN,ND,58000,CWA,No,,
CANADIAN PACIFIC RAILWAY,REMOTE LOCATION,UNKNOWN,ND,58000,CWA,No,,
CANADIAN PACIFIC RAILWAY,REMOTE LOCATION,UNKNOWN,ND,58000,CWA,No,,
CANADIAN PACIFIC RAILWAY-DRAKE,HWY 52,DRAKE,ND,58736,CWA,No,,
CANADIAN PACIFIC RAILWAY-ENDERLIN,101 HARVEST LN,ENDERLIN,ND,58027,CWA,No,,482111
CANADIAN PACIFIC RAILWAY-HARVEY,701 CUSTER AVE,HARVEY,ND,58341,CWA,No,,482111
CANADIAN PACIFIC RAILWAY-MINOT,1347 VALLEY ST.,MINOT,ND,58701,CWA,No,,482111
CANDO AIRPORT AUTHORITY,REMOTE LOCATION,UNKNOWN,ND,58000,CWA,No,,
CANDO CITY OF,502 MAIN ST,CANDO,ND,58324,CWA,No,08/18/2025,221320
CANNONBALL AND KENEL WATER MAIN REPLACEMENT PROJECT,VARIOUS LOCATIONS IN CANNONBALL AND KENEL,KENEL,SD,57642,CWA,No,,
CANNONBALL LAGOON,T2053-B W 1/2 NW 1/4 SEC 27T 134N R79W,CANNON BALL,ND,58528,CWA,No,05/11/2016,221320
CAPITAL CREDIT UNION,3216 VETERANS BLVD,UNKNOWN,ND,58000,CWA,No,,
CAPITAL ELECTRIC COOPERATIVE,7401 YUKON DRIVE,UNKNOWN,ND,58000,CWA,No,,
CAPITAL LODGE,10855 HIGHWAY 2,TIOGA,ND,58852,CWA,No,02/28/2022,
CAPITAL LODGE WWTP,40855 HIGHWAY 2,TIOGA,MT,58852,CWA,No,,221320
CAPITAL RV,REMOTE LOCATION,UNKNOWN,ND,58000,CWA,No,05/15/2023,
CAPSTONE CLASSICAL ACADEMY -22-013 CAPSTONE CLASSICAL ACADEMY,6597 43 ST S,FARGO,ND,58102,CWA,No,,
CARDINAL IG,4611 15TH AVENUE N,UNKNOWN,ND,58000,CWA,No,11/15/2023,
CARGILL CORN MILLING (PROGOLD),18049 CO RD 8 EAST,WAHPETON,ND,58075,CWA,No,05/28/2025,311221
CARGILL MALT PLANT,3349 94R AVE SE,SPIRITWOOD,ND,58481,CWA,No,,
CARLSON BUILDERS,(UNKNOWN ADDRESS),(UNKNOWN CITY),ND,00000,CWA,No,,
CARPIO CITY OF,510 MAIN ST N,CARPIO,ND,58725,CWA,Yes,,221320
CARPIO CITY OF,510 MAIN ST N,CARPIO,ND,58725,CWA,No,07/27/2009,221320
CARRINGTON CITY OF,103 10TH AVE N,CARRINGTON,ND,58421,CWA,Yes,05/13/2025,221320
CARRINGTON MUNICIPAL AIRPORT AUTHORITY,REMOTE LOCATION,UNKNOWN,ND,58000,CWA,No,05/11/2023,
CARRINGTON PUBLIC SCHOOL DISTRICT #49,100 3RD AVE. S.,UNKNOWN,ND,58000,CWA,No,,
CARSON CITY OF,100 S MAIN ST,CARSON,ND,58529,CWA,No,06/06/2023,221320
CARTER DEERING,9336 97TH SE,FULLERTON,ND,58441,CWA,No,,
CARTWRIGHT SWD FACILITY,149TH AVENUE,CARTWRIGHT,ND,58838,CWA,No,07/13/2021,
CASEY PETERSON,9430 92ND AVE SE,UNKNOWN,ND,58000,CWA,No,,
CASEY STOUDT,REMOTE LOCATION,UNKNOWN,ND,58000,CWA,No,,
CASS COUNTY,REMOTE LOCATION,UNKNOWN,ND,58000,CWA,No,,
CASS COUNTY,REMOTE LOCATION,UNKNOWN,ND,58000,CWA,No,,
CASS COUNTY,(UNKNOWN ADDRESS),(UNKNOWN CITY),ND,00000,CWA,No,05/28/2025,
CASS COUNTY,"47TH ST SE, 1/4 WEST OF 150TH AVE SE",UNKNOWN,ND,58000,CWA,No,,
CASS COUNTY,COUNTY HWY 10,UNKNOWN,ND,58000,CWA,No,,
CASS COUNTY,1201 W MAIN AVE,WEST FARGO,ND,587081301,CWA,No,05/16/2022,
CASS COUNTY,REMOTE LOCATION,UNKNOWN,ND,58000,CWA,No,,
CASS COUNTY,REMOTE LOCATION,UNKNOWN,ND,58000,CWA,No,,
CASS COUNTY,1.5 MI. WEST OF ND 18 ON 28TH ST.,UNKNOWN,ND,58000,CWA,No,,
"CASS COUNTY - BRC-BRJ-0900(053), PCN 23959",1201 MAIN AVE WEST,WEST FARGO,ND,58078,CWA,No,,
CASS COUNTY 32ND AVE S.,32ND STREET SOUTH FROM 15TH ST S TO LS#27,FARGO,ND,57401,CWA,No,,
CASS COUNTY DRAIN 10 IMPROVEMENT DISTRICT 2021-01,(UNKNOWN ADDRESS),(UNKNOWN CITY),ND,00000,CWA,No,,
CASS COUNTY HIGHWAY DEPARTMENT,"CASS COUNTY #5 AND #10 NEAR WHEATLAND, ND",UNKNOWN,ND,58000,CWA,No,,
CASS COUNTY HIGHWAY DEPARTMENT,REMOTE LOCATION,UNKNOWN,ND,58000,CWA,No,,
CASS COUNTY HIGHWAY DEPARTMENT,REMOTE LOCATION,UNKNOWN,ND,58000,CWA,No,,
CASS COUNTY HIGHWAY DEPARTMENT,REMOTE LOCATION,UNKNOWN,ND,58000,CWA,No,,
CASS COUNTY HIGHWAY DEPARTMENT,"CASS HWY 6, 14 & 17",UNKNOWN,ND,58000,CWA,No,,
CASS COUNTY HIGHWAY DEPARTMENT,REMOTE LOCATION,UNKNOWN,ND,58000,CWA,No,,
CASS COUNTY HIGHWAY DEPARTMENT,REMOTE LOCATION,UNKNOWN,ND,58000,CWA,No,,
CASS COUNTY HIGHWAY DEPARTMENT,REMOTE LOCATION,UNKNOWN,ND,58000,CWA,No,,
CASS COUNTY HIGHWAY DEPARTMENT,REMOTE LOCATION,UNKNOWN,ND,58000,CWA,No,,
CASS COUNTY HIGHWAY DEPARTMENT,REMOTE LOCATION,UNKNOWN,ND,58000,CWA,No,,
CASS COUNTY HIGHWAY DEPARTMENT,1415 88TH AVE S,UNKNOWN,ND,58000,CWA,No,,
CASS COUNTY HIGHWAY DEPARTMENT,CASS CTY HWY 6 (BTWN 81ST ST S & 75TH ST S),UNKNOWN,ND,58000,CWA,No,,
CASS COUNTY HIGHWAY DEPARTMENT,CASS HWY 17 FROM 68TH AVE S TO 52ND AVE S,UNKNOWN,ND,58000,CWA,No,,
CASS COUNTY HIGHWAY DEPARTMENT - CASS COUNTY HIGHWAY CH2403-CR23_CR30,COUNTY ROAD 23 & COUNTY ROAD 30,WEST FARGO,ND,58078,CWA,No,,
CASS COUNTY HIGHWAY DEPARTMENT - CH2301,1201 MAIN AVE W,ARTHUR,ND,58078,CWA,No,,
CASS COUNTY HIGHWAY DEPARTMENT - PCN 24302-T138-R51-32,CR 16,DAVENPORT,ND,58021,CWA,No,,
CASS COUNTY HIGHWAY DEPARTMENT - PCN 24302-T143-R52-31,COUNTY ROAD 26,ERIE,ND,58029,CWA,No,,
CASS COUNTY HWY DEPT,REMOTE LOCATION,UNKNOWN,ND,58000,CWA,No,,
CASS COUNTY HWY DEPT,REMOTE LOCATION,UNKNOWN,ND,58000,CWA,No,,
CASS COUNTY HWY DEPT,REMOTE LOCATION,UNKNOWN,ND,58000,CWA,No,,
CASS COUNTY JOINT WATER RESOURCE - SHELDON FLOOD PROTECTION PROJECT 2019-01,16616 COUNTY ROAD 10,MAPLETON,ND,58059,CWA,No,,
CASS COUNTY JOINT WATER RESOURCE DISTRICT,20 CLUBHOUSE DRIVE,UNKNOWN,ND,58000,CWA,No,,
CASS COUNTY JOINT WATER RESOURCE DISTRICT,REMOTE LOCATION,UNKNOWN,ND,58000,CWA,No,,
CASS COUNTY JOINT WATER RESOURCE DISTRICT,REMOTE LOCATION,UNKNOWN,ND,58000,CWA,No,,
CASS COUNTY ND,(UNKNOWN ADDRESS),(UNKNOWN CITY),ND,00000,CWA,No,,
CASS COUNTY PARK BOARD,CASS COUNTY,UNKNOWN,ND,58000,CWA,No,,
CASS COUNTY VECTOR CONTROL,(UNKNOWN ADDRESS),(UNKNOWN CITY),ND,00000,CWA,No,,
CASS COUNTY WATER RESOURCES DISTRICTS,CASS COUNTY,UNKNOWN,ND,58000,CWA,No,,
CASS COUNTY WEED CONTROL,CASS COUNTY,UNKNOWN,ND,58000,CWA,No,,
"CASS COUNTY, NORTH DAKOTA",REMOTE LOCATION,UNKNOWN,ND,58000,CWA,No,,
"CASS COUNTY, NORTH DAKOTA",158TH AVE SE,UNKNOWN,ND,58000,CWA,No,,
"CASS COUNTY, NORTH DAKOTA",N/A,UNKNOWN,ND,58000,CWA,No,,
CASS RURAL WATER DISTRICT,REMOTE LOCATION,UNKNOWN,ND,58000,CWA,No,,
CASS RURAL WATER DISTRICT (CRWD),131 MAPLE ST,KINDRED,ND,58051,CWA,No,,
CASS RURAL WATER USERS,131 MAPLE ST,KINDRED,ND,58051,CWA,No,10/09/2023,
CASS RURAL WATER USERS,131 MAPLE ST,KINDRED,ND,58051,CWA,No,06/08/2011,
CASS RURAL WATER USERS,REMOTE LOCATION,UNKNOWN,ND,58000,CWA,No,,
CASS RURAL WATER USERS DISTRICT,REMOTE LOCATION,UNKNOWN,ND,58000,CWA,Yes,,
CASS-CLAY CREAMERY,200 20TH STREET N,FARGO,ND,58102,CWA,No,,311511
CASSELTON CITY OF,702 1ST ST N,CASSELTON,ND,58012,CWA,No,08/09/2023,221320
CASSELTON CITY OF,702 1ST ST N,CASSELTON,ND,58012,CWA,No,05/24/2012,221320
CASSELTON DOWNTOWN,FRONT ST FROM 8TH AVE N TO 5 AVE N,CASSELTON,ND,58012,CWA,No,,
CASSELTON PARK DISTRICT BORROW SITE,ND 18/GOVERNOR'S DRIVE,CASSELTON,ND,58012,CWA,No,,
CASSELTON RAILYARD,P.O. BOX 278,CASSELTON,ND,58012,CWA,No,,
CASSELTON REGIONAL AIRPORT,ND HWY 18,CASSELTON,ND,58012,CWA,No,10/13/2021,
CASSELTON REGIONAL AIRPORT-SN 8,ND HWY 18,CASSELTON,ND,58012,CWA,No,,
CATHAY CITY OF,24 3RD AVE,CATHAY,ND,58422,CWA,Yes,08/08/2023,221320
CAVALIER,CENTER OF PROJECT,DEVILS LAKE,ND,58301,CWA,No,,
CAVALIER CITY OF,301 DIVISION AVE N,CAVALIER,ND,58220,CWA,No,06/18/2024,221320
CAVALIER COUNTY,(UNKNOWN ADDRESS),(UNKNOWN CITY),ND,00000,CWA,No,,
CAVALIER COUNTY,REMOTE LOCATION,UNKNOWN,ND,58000,CWA,No,,
CAVALIER COUNTY,REMOTE LOCATION,UNKNOWN,ND,58000,CWA,No,,
CAVALIER COUNTY,REMOTE LOCATION,UNKNOWN,ND,58000,CWA,No,,
CAVALIER COUNTY WATER RESOURCE BOARD,MT. CARMEL DAM RECREATION AREA,UNKNOWN,ND,58000,CWA,No,,
CAVALIER COUNTY-HANNAH SHOP,402 1ST AVE,HANNAH,ND,58239,CWA,No,10/19/2022,
CAVALIER COUNTY-LANGDON SHOP,324 4TH AVE,LANGDON,ND,58249,CWA,No,10/19/2022,
CAVALIER COUNTY-MUNICH SHOP,705 EAST ST,MUNICH,ND,58352,CWA,No,09/20/2022,485111
CAVALIER COUNTY-OSNABROCK SHOP,108 EAST BROAD ST,OSNABROCK,ND,58269,CWA,No,10/19/2022,
CAVALIER COUNTY-SARLES SHOP,SOMEWHERE IN,SARLES,ND,58372,CWA,No,10/19/2022,
CAVALIER COUNTY-VANG SHOP,11700 COUNTY RD 55,LANGDON,ND,58249,CWA,No,10/19/2022,
CAVALIER MUNICIPAL AIRPORT,709 AIRPORT ROAD,CAVALIER,ND,58220,CWA,No,,
CAVALIER MUNICIPAL AIRPORT,REMOTE LOCATION,UNKNOWN,ND,58000,CWA,No,,
CAVALIER MUNICIPAL AIRPORT AUTHORITY - CAVALIER MUNICIPAL AIRPORT 3-38-0008-021-,PO BOX 411,CAVALIER,ND,58220,CWA,No,,
CAVALIER SFS,(UNKNOWN ADDRESS),(UNKNOWN CITY),ND,00000,CWA,No,,
CAVALIER SPACE FORCE EMERGENCY UNDERGROUND FUELING,812 PATROL RD,CAVALIER,ND,58220,CWA,No,,
CAVENDISH FARMS,5855 3RD ST SE,UNKNOWN,ND,58000,CWA,No,,
CAVENDISH FARMS-JAMESTOWN PROCESSING PLANT,5855 3RD ST SE,JAMESTOWN,ND,58401,CWA,No,08/07/2025,311411
CAVLANDIC TRAIL ASSOCIATION,9398 138TH AVE NE,UNKNOWN,ND,58000,CWA,No,05/12/2021,
CAYUGA CITY OF,111 ELLIS AVE E,CAYUGA,ND,58013,CWA,No,08/19/2020,221320
CB2707,1201 MAIN AVENUE W,WEST FARGO,ND,58078,CWA,No,,
CB2802,1201 MAIN AVE W,WEST FARGO,ND,58078,CWA,No,,
CC STEEL BUILDING,1300 43RD ST N,FARGO,ND,58102,CWA,No,,
CDB CONSTRUCTION,1765/1785 LINCOLN ST. & 1343 47TH AVE.,UNKNOWN,ND,58000,CWA,No,,
CDB CONSTRUCTION,"1561/1577 AND 1603/1629 LINCOLN STREET, DICKINSON,",UNKNOWN,ND,58000,CWA,No,,
CELAL ALAZ ADALI,STATE AVE AND 21ST ST W,UNKNOWN,ND,58000,CWA,No,09/17/2020,
CENTER CITY OF,312 LINCOLN AVE N,CENTER,ND,58530,CWA,Yes,05/10/2023,221320
CENTER FOR PLASTIC SURGERY,3180 49TH ST S.,UNKNOWN,ND,58000,CWA,No,,
CENTRAL CASS PUBLIC SCHOOLS,802 5TH STREET NORTH,UNKNOWN,ND,58000,CWA,No,,
CENTRAL CASS SCHOOL DISTRICT #17,802 5TH ST. N,UNKNOWN,ND,58000,CWA,No,,
CENTRAL DAKOTA FRONTIER COOP,1 RAILWAY STREET,UNKNOWN,ND,58000,CWA,No,,
CENTRAL DAKOTA FRONTIER COOP - STORMWATER CONSTRUCTION,2-51 ND-21,FLASHER,ND,58535,CWA,No,,
CENTRAL DAKOTA FRONTIER COOPERATIVE,3549 121 AVE. SW,UNKNOWN,ND,58000,CWA,No,,
CENTRAL DAKOTA HUMANE SOCIETY,2104 37TH ST,UNKNOWN,ND,58000,CWA,No,,
CENTRAL PLAINS AG SERVICES,REMOTE LOCATION,UNKNOWN,ND,58000,CWA,No,,
CENTRAL PLAINS WATER DISTRICT,102 MAIN ST S,FESSENDEN,ND,58438,CWA,Yes,09/24/2025,
CENTRAL PLAINS WATER DISTRICT,(UNKNOWN ADDRESS),(UNKNOWN CITY),ND,00000,CWA,No,,
CENTRAL PLAINS WATER DISTRICT,102 MAIN ST S,FESSENDEN,ND,58438,CWA,No,07/07/2011,
CENTRAL POWER ELECTRIC COOPERATIVE,REMOTE LOCATION,UNKNOWN,ND,58000,CWA,No,,
CENTRAL POWER ELECTRIC COOPERATIVE,REMOTE LOCATION,UNKNOWN,ND,58000,CWA,No,,
CENTRAL POWER ELECTRIC COOPERATIVE OUTPOST FACILITY,(UNKNOWN ADDRESS),(UNKNOWN CITY),ND,00000,CWA,No,,
CENTRAL SPECIALTIES,REMOTE LOCATION,UNKNOWN,ND,58000,CWA,No,,
CENTRAL SPECIALTIES,REMOTE LOCATION,UNKNOWN,ND,58000,CWA,No,,
CENTRAL SPECIALTIES,REMOTE LOCATION,UNKNOWN,ND,58000,CWA,No,,
CENTRAL SPECIALTIES,REMOTE LOCATION,UNKNOWN,ND,58000,CWA,No,,
"CENTURY COTTAGES, LLLP",2724 HAWKEN STREET,UNKNOWN,ND,58000,CWA,No,08/13/2020,
"CENTURY COTTAGES, LLLP",2724 HAWKEN STREET,UNKNOWN,ND,58000,CWA,No,,
CENTURY HOMES,TERRANCE WEST,UNKNOWN,ND,58000,CWA,No,,
CERILON GTL NORTH DAKOTA PROJECT,14781 42ND ST NW,TRENTON,ND,58801,CWA,No,,325199
CERILON GTL NORTH DAKOTA PROJECT,14781 42ND ST. NW,TRENTON,ND,58801,CWA,No,04/15/2025,325199
CH2504,PO BOX 2586,FARGO,ND,58108,CWA,No,,
CH2MHILL,9191 SOUTH JAMAICA STREET,ENGLEWOOD,CO,80112,CWA,No,,
CHAMLEY PIPE AND SALVAGE,REMOTE LOCATION,UNKNOWN,ND,58000,CWA,No,,
CHARLES HENDERSON FEEDLOT,1969 78TH ST,UNKNOWN,ND,58000,CWA,No,,
CHARLES KLABO,7605 BRINK DR,UNKNOWN,ND,58000,CWA,No,,
"CHEMPLEX-KILLDEER, ND",10475 1D ST. SW,KILLDEER,ND,58640,CWA,No,07/13/2021,
CHESTNUT RIDGE APARTMENTS LLP,3141 32ND ST. S,UNKNOWN,ND,58000,CWA,No,10/17/2017,
CHI ST. ALEXIUS HEALTH,807 NTH 8TH STREET,UNKNOWN,ND,58000,CWA,No,,
CHICAGO TOWNSHIP,3928 55TH AVE. SE,MEDINA,ND,58467,CWA,No,,
CHICAGO TOWNSHIP GRADE RAISE_BORROW SITE,3926 55TH AVE SE,MEDINA,ND,58467,CWA,No,,
CHICK-FIL-A STORE KIRKWOOD MALL CONSTRUCTION SITE,(UNKNOWN ADDRESS),(UNKNOWN CITY),ND,00000,CWA,No,,
CHICK-FIL-A WILLISTON,3010 3RD AVENUE WEST,WILLISTON,ND,58801,CWA,No,,
CHIMNEY BUTTE DISPOSAL FACILITY,1217 HIGHWAY 85,FAIRFIELD,ND,58627,CWA,No,06/27/2024,562212
CHINA STAR RESTAURANT,REMOTE LOCATION,UNKNOWN,ND,58000,CWA,No,,
CHIROPRACTIC ENTERPRISES,"1203 28TH ST. S., FARGO, ND",UNKNOWN,ND,58000,CWA,No,,
CHRIS & PAM KING,REMOTE LOCATION,UNKNOWN,ND,58000,CWA,No,,
CHRIS KASPORI,1 MILE SOUTH OF ANSELM ON 140TH AVE SE,UNKNOWN,ND,58000,CWA,No,,
CHRIS WENTZ,1900 COMMERCE DRIVE,UNKNOWN,ND,58000,CWA,No,,
CHRISTINA & CHRIS STRIEGEL,8353 TOPHILL DRIVE,UNKNOWN,ND,58000,CWA,No,,
CHRISTINE W & S ASSOC,201 MAIN ST,CHRISTINE,ND,58015,CWA,No,09/09/2024,221320
CHS,"13201 ND HWY 13, GWINNER, ND",UNKNOWN,ND,58000,CWA,No,,
CHS,301 1ST AVE SW,UNKNOWN,ND,58000,CWA,No,08/22/2025,
CHS DRAYTON,"7851 OLD HWY 44 S, DRAYTON, ND",UNKNOWN,ND,58000,CWA,No,05/11/2021,
CHS GRAND FORKS ASPHALT TERMINAL,4115 27TH AVE N,GRAND FORKS,ND,58203,CWA,No,,
CHS SUNPRAIRIE,REMOTE LOCATION,UNKNOWN,ND,58000,CWA,No,,
CHS TRANSPORTATION - GRAND FORKS,4115 27TH AVE N,GRAND FORKS,ND,58203,CWA,No,,488490
CHS TRANSPORTATION - MINOT,4715 BURDICK EXPRESSWAY,MINOT,ND,58701,CWA,No,,488490
CHURCH OF JESUS CHRIST OF LATTER-DAY ST.,"3740 CROSSING STREET SW, MINOT, ND",UNKNOWN,ND,58000,CWA,No,06/30/2020,
CHURCH OF LATTER-DAY SAINTS,REMOTE LOCATION,UNKNOWN,ND,58000,CWA,No,,
CIRRUS AIRCRAFT - CIRRUS AIRCRAFT ADDITION,1400 S 48TH ST,GRAND FORKS,ND,58201,CWA,No,,
CITY  OF FARGO,REMOTE LOCATION,UNKNOWN,ND,58000,CWA,No,,
"CITY ENGINEER - CITY OF MINOT, ND",8TH STREET NE,UNKNOWN,ND,58000,CWA,No,07/22/2016,
CITY OF ABERCROMBIE,REMOTE LOCATION,UNKNOWN,ND,58000,CWA,No,,
CITY OF ALEXANDER,ENTIRE WEST SIDE OF TOWN,UNKNOWN,ND,58000,CWA,No,08/18/2021,
CITY OF ALEXANDER,OHIO AND BRUEGGER ST,UNKNOWN,ND,58000,CWA,No,08/18/2021,
CITY OF ALEXANDER,EAST OF ELK ST.,UNKNOWN,ND,58000,CWA,No,08/19/2021,
CITY OF ALEXANDER,REMOTE LOCATION,UNKNOWN,ND,58000,CWA,No,,
CITY OF ALEXANDER,REMOTE LOCATION,UNKNOWN,ND,58000,CWA,No,,
CITY OF ALEXANDER,BRUEGGER ST,UNKNOWN,ND,58000,CWA,No,,
CITY OF ANETA,REMOTE LOCATION,UNKNOWN,ND,58000,CWA,No,,
CITY OF ANETA - WATER AND SEWER IMPROVEMENTS 2022,CITYWIDE,ANETA,ND,58212,CWA,No,,
CITY OF ANTLER,NW CORNER GERTRUDE ST & 5TH AVE,UNKNOWN,ND,58000,CWA,No,,
CITY OF ARGUSVILLE,REMOTE LOCATION,UNKNOWN,ND,58000,CWA,No,,
CITY OF ARNEGARD,REMOTE LOCATION,UNKNOWN,ND,58000,CWA,No,,
CITY OF ARNEGARD,211 FRONTAGE ROAD,UNKNOWN,ND,58000,CWA,No,,
CITY OF ARNEGARD,OFF OF FRONTAGE RD BETWEEN 133RD AVE NW AND VINE S,UNKNOWN,ND,58000,CWA,No,,
CITY OF ARTHUR,ND HIGHWAY 18/22ND ST SE,UNKNOWN,ND,58000,CWA,No,,
CITY OF ARTHUR,REMOTE LOCATION,UNKNOWN,ND,58000,CWA,No,06/08/2023,
CITY OF ARTHUR - DISTRICT 2024-1 FORCE MAIN REPLACEMENT,480TH 4TH AVE,ARTHUR,ND,58006,CWA,No,,
CITY OF ASHLEY,REMOTE LOCATION,UNKNOWN,ND,58000,CWA,No,07/13/2022,
CITY OF ASHLEY - STORMWATER CONSTRUCTION,118 1ST AVE NW,ASHLEY,ND,58413,CWA,No,02/22/2024,
CITY OF BEACH,REMOTE LOCATION,UNKNOWN,ND,58000,CWA,No,06/10/2021,
CITY OF BEACH,(UNKNOWN ADDRESS),(UNKNOWN CITY),ND,00000,CWA,No,,
CITY OF BEACH,REMOTE LOCATION,UNKNOWN,ND,58000,CWA,No,,
CITY OF BEACH - 2025 STREET AND UTILITY IMPROVEMENTS,(UNKNOWN ADDRESS),BEACH,ND,58621,CWA,No,,
CITY OF BELCOURT,SE1/2 SW1/2 S29 T162N R70W,ROLETTE,ND,58316,CWA,No,08/22/2023,221320
CITY OF BELFIELD,REMOTE LOCATION,UNKNOWN,ND,58000,CWA,No,,
CITY OF BERTHOLD,REMOTE LOCATION,UNKNOWN,ND,58000,CWA,No,,
CITY OF BERTHOLD,REMOTE LOCATION,UNKNOWN,ND,58000,CWA,No,,
CITY OF BERTHOLD,MAIN STREET,UNKNOWN,ND,58000,CWA,No,10/22/2024,
CITY OF BEULAH,REMOTE LOCATION,UNKNOWN,ND,58000,CWA,No,05/21/2026,
CITY OF BEULAH,"12TH STREET NW, 2ND AVE NW, 2ND AVE NE, CY",UNKNOWN,ND,58000,CWA,No,,
CITY OF BEULAH,REMOTE LOCATION,UNKNOWN,ND,58000,CWA,No,05/21/2020,
CITY OF BEULAH,REMOTE LOCATION,UNKNOWN,ND,58000,CWA,No,05/13/2019,
CITY OF BISBEE,REMOTE LOCATION,UNKNOWN,ND,58000,CWA,No,06/06/2017,
CITY OF BISMARCK,SOUTH OF I-94,UNKNOWN,ND,58000,CWA,No,,
CITY OF BISMARCK,43RD AVE. (BTWN ROOSVELT AVE. & 52ND AVE),UNKNOWN,ND,58000,CWA,No,,
CITY OF BISMARCK,VARIOUS UNITS IN BISMARCK CITY LIMITS,UNKNOWN,ND,58000,CWA,No,,
CITY OF BISMARCK,CENTURY AVE (N 4TH ST TO TYLER PKWY,UNKNOWN,ND,58000,CWA,No,,
CITY OF BISMARCK,REMOTE LOCATION,UNKNOWN,ND,58000,CWA,No,,
CITY OF BISMARCK,REMOTE LOCATION,UNKNOWN,ND,58000,CWA,No,,
CITY OF BISMARCK,REMOTE LOCATION,UNKNOWN,ND,58000,CWA,No,,
CITY OF BISMARCK,REMOTE LOCATION,UNKNOWN,ND,58000,CWA,No,,
CITY OF BISMARCK,REMOTE LOCATION,UNKNOWN,ND,58000,CWA,No,,
CITY OF BISMARCK,REMOTE LOCATION,UNKNOWN,ND,58000,CWA,No,,
CITY OF BISMARCK,SILVER RANCH 3RD ADDITION,UNKNOWN,ND,58000,CWA,No,05/27/2022,
CITY OF BISMARCK,"US-83, 57TH AVE, BROOKSIDE",UNKNOWN,ND,58000,CWA,No,,
CITY OF BISMARCK,"4TH ST, 5TH ST, 6TH ST, THAYER AVE, BROADWAY A",UNKNOWN,ND,58000,CWA,No,,
CITY OF BISMARCK,VARIOUS UNITS IN BISMARCK CITY LIMITS,UNKNOWN,ND,58000,CWA,No,05/17/2024,
CITY OF BISMARCK,601 N. LONDON AVE.,UNKNOWN,ND,58000,CWA,No,,
CITY OF BISMARCK,BISMARCK CITY LIMITS,UNKNOWN,ND,58000,CWA,No,,
CITY OF BISMARCK,BISMARCK CITY LIMITS,UNKNOWN,ND,58000,CWA,No,,
CITY OF BISMARCK,43RD AVE NE,UNKNOWN,ND,58000,CWA,No,07/29/2020,
CITY OF BISMARCK,"BISMARCK LANDFILL, NORTH AND SOUTH SIDE OF I-94",UNKNOWN,ND,58000,CWA,No,,
CITY OF BISMARCK,US-83 & 64TH AVE,UNKNOWN,ND,58000,CWA,No,,
CITY OF BISMARCK,43RD AVE AND 19TH ST,UNKNOWN,ND,58000,CWA,No,,
CITY OF BISMARCK,"615 RIVER ROAD, BISMARCK, ND",UNKNOWN,ND,58000,CWA,No,,
CITY OF BISMARCK,PROMONTORY POINT (ELK RIDGE ADDITION),UNKNOWN,ND,58000,CWA,No,,
CITY OF BISMARCK,"2301 UNIVERSITY DRIVE, BISMARCK ND 58501",UNKNOWN,ND,58000,CWA,No,,
CITY OF BISMARCK,PINEHURST SHOPPING AREA,UNKNOWN,ND,58000,CWA,No,,
CITY OF BISMARCK,601 SOUTH 26TH ST.,UNKNOWN,ND,58000,CWA,No,06/10/2024,
CITY OF BISMARCK,PROJECT LOCATION VARIES THROUGHOUT BISMARCK,UNKNOWN,ND,58000,CWA,No,,
CITY OF BISMARCK,REMOTE LOCATION,UNKNOWN,ND,58000,CWA,No,,
CITY OF BISMARCK,REMOTE LOCATION,UNKNOWN,ND,58000,CWA,No,,
CITY OF BISMARCK,REMOTE LOCATION,UNKNOWN,ND,58000,CWA,No,,
CITY OF BISMARCK,REMOTE LOCATION,UNKNOWN,ND,58000,CWA,No,,
CITY OF BISMARCK,"2301 UNIVERSITY DRIVE, BISMARCK, ND",UNKNOWN,ND,58000,CWA,No,,
CITY OF BISMARCK,TYLER PARKWAY,UNKNOWN,ND,58000,CWA,No,,
CITY OF BISMARCK,REMOTE LOCATION,UNKNOWN,ND,58000,CWA,No,,
CITY OF BISMARCK,MIRIAM AVE & 52ND ST,UNKNOWN,ND,58000,CWA,No,,
CITY OF BISMARCK,REMOTE LOCATION,UNKNOWN,ND,58000,CWA,No,,
CITY OF BISMARCK,REMOTE LOCATION,UNKNOWN,ND,58000,CWA,No,03/15/2022,
CITY OF BISMARCK,REMOTE LOCATION,UNKNOWN,ND,58000,CWA,No,,
CITY OF BISMARCK,BISMARCK MUNICIPAL AIRPORT,UNKNOWN,ND,58000,CWA,No,,
CITY OF BISMARCK,VARIOUS LOCATIONS,UNKNOWN,ND,58000,CWA,No,,
CITY OF BISMARCK,WASHINGTON ST,UNKNOWN,ND,58000,CWA,No,,
CITY OF BISMARCK,"601 LONDON AVE., BISMARCK, ND",UNKNOWN,ND,58000,CWA,No,,
CITY OF BISMARCK,43RD AVE SOUTH AND COLEMAN STREET,UNKNOWN,ND,58000,CWA,No,,
CITY OF BISMARCK,ELK RIDGE 2ND ADDITION,UNKNOWN,ND,58000,CWA,No,,
CITY OF BISMARCK,2301 UNIVERSITY DRIVE,UNKNOWN,ND,58000,CWA,No,,
CITY OF BISMARCK,2301 UNIVERSITY DRIVE,UNKNOWN,ND,58000,CWA,No,,
CITY OF BISMARCK,2301 UNIVERSITY DR,UNKNOWN,ND,58000,CWA,No,,
CITY OF BISMARCK,601 S 26TH STREET,BISMARCK,ND,58506-5503,CWA,No,,
CITY OF BISMARCK,BISMARCK MUNICIPAL AIRPORT,UNKNOWN,ND,58000,CWA,No,,
CITY OF BISMARCK,4315 NORTHERN SKY DR,UNKNOWN,ND,58000,CWA,No,,
CITY OF BISMARCK,ASH COULEE DR. FROM N. WASH. ST TO TYLER PKW,UNKNOWN,ND,58000,CWA,No,06/08/2023,
CITY OF BISMARCK,REMOTE LOCATION,UNKNOWN,ND,58000,CWA,No,,
CITY OF BISMARCK,REMOTE LOCATION,UNKNOWN,ND,58000,CWA,No,,
CITY OF BISMARCK,REMOTE LOCATION,UNKNOWN,ND,58000,CWA,No,,
CITY OF BISMARCK,REMOTE LOCATION,UNKNOWN,ND,58000,CWA,No,,
CITY OF BISMARCK,REMOTE LOCATION,UNKNOWN,ND,58000,CWA,No,,
CITY OF BISMARCK,REMOTE LOCATION,UNKNOWN,ND,58000,CWA,No,,
CITY OF BISMARCK,REMOTE LOCATION,UNKNOWN,ND,58000,CWA,No,,
CITY OF BISMARCK,REMOTE LOCATION,UNKNOWN,ND,58000,CWA,No,,
CITY OF BISMARCK,REMOTE LOCATION,UNKNOWN,ND,58000,CWA,No,,
CITY OF BISMARCK,REMOTE LOCATION,UNKNOWN,ND,58000,CWA,No,,
CITY OF BISMARCK,REMOTE LOCATION,UNKNOWN,ND,58000,CWA,No,,
CITY OF BISMARCK,REMOTE LOCATION,UNKNOWN,ND,58000,CWA,No,,
CITY OF BISMARCK,REMOTE LOCATION,UNKNOWN,ND,58000,CWA,No,,
CITY OF BISMARCK (BISMARCK AIRPORT),REMOTE LOCATION,UNKNOWN,ND,58000,CWA,No,,
CITY OF BISMARCK - AIRPORT  - BISMARCK AIRPORT TAXIWAY C NORTH,(UNKNOWN ADDRESS),(UNKNOWN CITY),ND,00000,CWA,No,,
CITY OF BISMARCK - BISMARCK SID 594 PART B,CITY WIDE STREETS IN BISMARCK,BISMARCK,ND,58504,CWA,No,,
CITY OF BISMARCK - FIRE DEPT.,4103 E. DIVIDE AVE.,UNKNOWN,ND,58000,CWA,No,05/22/2018,
CITY OF BISMARCK - STORMWATER CONSTRUCTION,601 LONDON AVENUE,BISMARCK,ND,58506,CWA,No,,
CITY OF BISMARCK - STORMWATER CONSTRUCTION,1771 CALVARY DRIVE,BISMARCK,ND,58504,CWA,No,,
CITY OF BISMARCK - STORMWATER CONSTRUCTION,1771 CALVARY DRIVE,BISMARCK,ND,58504,CWA,No,,
CITY OF BISMARCK - STORMWATER CONSTRUCTION,BISMARCK AIRPORT,BISMARCK,ND,58504,CWA,No,,
CITY OF BISMARCK - STORMWATER CONSTRUCTION,OTTAWA ST.,BISMARCK,ND,58504,CWA,No,,
CITY OF BISMARCK - STORMWATER CONSTRUCTION,1771 CALVARY DRIVE,BISMARCK,ND,58504,CWA,No,,
CITY OF BISMARCK - STORMWATER CONSTRUCTION,1771 CALVARY DRIVE,BISMARCK,ND,58504,CWA,No,,
CITY OF BISMARCK -BISMARCK SID 594 PART A,CITY WIDE STREETS IN BISMARCK,BISMARCK,ND,58504,CWA,No,,
CITY OF BISMARCK AIRPORT,"BISMARCK AIRPORT, NW END OF RUNWAY",UNKNOWN,ND,58000,CWA,No,,
CITY OF BISMARCK FIRE STATION,4103 MIRIAM,UNKNOWN,ND,58000,CWA,No,05/22/2018,
CITY OF BISMARCK ND,(UNKNOWN ADDRESS),(UNKNOWN CITY),ND,00000,CWA,No,,
CITY OF BISMARCK PUBLIC WORKS DEPT,601 S 26TH ST,BISMARCK,ND,585065503,CWA,No,,
CITY OF BISMARCK PUBLIC WORKS DEPT,2111 NORTH 52ND STREET,UNKNOWN,ND,58000,CWA,No,,
CITY OF BISMARCK PUBLIC WORKS DEPT,2111 N. 52ND STREET,UNKNOWN,ND,58000,CWA,No,,
CITY OF BOTTINEAU,REMOTE LOCATION,UNKNOWN,ND,58000,CWA,No,06/21/2021,
CITY OF BOTTINEAU,REMOTE LOCATION,UNKNOWN,ND,58000,CWA,No,,
CITY OF BOWMAN,14641 US HWY 12 BOWMAN ND,UNKNOWN,ND,58000,CWA,No,09/11/2023,
CITY OF BUFFALO - SW - IMPROVEMENT DISTRICT NO.2024-1 SANITARY FM,2ND AVE S/FRONT ST,BUFFALO,ND,58011,CWA,No,,
CITY OF BURLINGTON,PARK ROAD,UNKNOWN,ND,58000,CWA,No,,
CITY OF BURLINGTON,REMOTE LOCATION,UNKNOWN,ND,58000,CWA,No,,
CITY OF BURLINGTON - ACKERMAN ESTVOLD,HWY 2 & 52 NEAR BURLINGTON,UNKNOWN,ND,58000,CWA,No,,
CITY OF BURLINGTON - STORMWATER CONSTRUCTION,87TH ST SW AND SOUTH PROJECT ROAD,BURLINGTON,ND,58722,CWA,No,,
CITY OF CANDO – STORMWATER CONSTRUCTION,4TH AVENUE; 12TH ST - 1ST ST,CANDO,ND,58324,CWA,No,,
CITY OF CANDO – STORMWATER CONSTRUCTION,502 MAIN ST,CANDO,ND,58324,CWA,No,,
CITY OF CARRINGTON,REMOTE LOCATION,UNKNOWN,ND,58000,CWA,No,,
CITY OF CARSON,100 S MAIN ST.,UNKNOWN,ND,58000,CWA,No,06/23/2020,
CITY OF CASSELTON,REMOTE LOCATION,UNKNOWN,ND,58000,CWA,No,,
CITY OF CASSELTON,PO BOX 548,CITY OF CASSELTON,ND,58012,CWA,No,,
CITY OF CASSELTON,(UNKNOWN ADDRESS),(UNKNOWN CITY),ND,00000,CWA,No,,
CITY OF CASSELTON,700FT NORTH ON HEARTLAND AVENUE,UNKNOWN,ND,58000,CWA,No,06/08/2023,
CITY OF CASSELTON,REMOTE LOCATION,UNKNOWN,ND,58000,CWA,No,,
CITY OF CASSELTON,6TH ST N,UNKNOWN,ND,58000,CWA,No,,
CITY OF CASSELTON– STORMWATER CONSTRUCTION,GOVERNORS DRIVE,CASSELTON,ND,58012,CWA,No,09/19/2025,
CITY OF CAVALIER,SPRUCE LANE,UNKNOWN,ND,58000,CWA,No,,
CITY OF CAVALIER,REMOTE LOCATION,UNKNOWN,ND,58000,CWA,No,,
CITY OF CENTER,REMOTE LOCATION,UNKNOWN,ND,58000,CWA,No,05/02/2024,
CITY OF COLFAX,REMOTE LOCATION,UNKNOWN,ND,58000,CWA,No,,
CITY OF COLFAX,NEUMAN BLVD,UNKNOWN,ND,58000,CWA,No,,
CITY OF COLFAX - COLFAX RESERVES 1ST ADDITION,BLAINE STREET,COLFAX,ND,58018,CWA,No,,
CITY OF COOPERSTOWN,REMOTE LOCATION,UNKNOWN,ND,58000,CWA,No,08/04/2021,
CITY OF COOPERSTOWN,104 10TH ST SE,UNKNOWN,ND,58000,CWA,No,,
CITY OF COOPERSTOWN,REMOTE LOCATION,UNKNOWN,ND,58000,CWA,No,,
CITY OF CROSBY,REMOTE LOCATION,UNKNOWN,ND,58000,CWA,No,,
CITY OF CROSBY - CROSBY 2025 STREET IMPROVEMENTS,6TH STREET NW - CENTRAL AVE TO 1ST AVE NW,CROSBY,ND,58730,CWA,No,,
CITY OF CROSBY - STORMWATER CONSTRUCTION,1ST ST TO 10TH AVE TO 4TH ST,CROSBY,ND,58730,CWA,No,,
CITY OF DEVILS LAKE,VARIES THROUGHOUT THE ENTIRE CITY,UNKNOWN,ND,58000,CWA,No,,
CITY OF DEVILS LAKE,VARIES THROUGHOUT THE CITY,UNKNOWN,ND,58000,CWA,No,07/11/2023,
CITY OF DEVILS LAKE,1302 14TH ST SE,UNKNOWN,ND,58000,CWA,No,,
CITY OF DEVILS LAKE,REMOTE LOCATION,UNKNOWN,ND,58000,CWA,No,,
CITY OF DEVILS LAKE,8TH AVE NE & 9TH ST NE,UNKNOWN,ND,58000,CWA,No,,
CITY OF DEVILS LAKE/NDDOT,REMOTE LOCATION,UNKNOWN,ND,58000,CWA,No,,
CITY OF DICKENSON - 26032 - 202605,(UNKNOWN ADDRESS),(UNKNOWN CITY),ND,00000,CWA,No,,
CITY OF DICKINSON,345 SW 5TH ST,UNKNOWN,ND,58000,CWA,No,,
CITY OF DICKINSON,2ND ST SW TO 8TH ST SW (STATE AVENUE),UNKNOWN,ND,58000,CWA,No,,
CITY OF DICKINSON,"46.89053, -102.78453",UNKNOWN,ND,58000,CWA,No,,
CITY OF DICKINSON,4TH AVE EAST,UNKNOWN,ND,58000,CWA,No,09/12/2023,
CITY OF DICKINSON,STATE AVE BETWEEN VILLARD ST AND 15TH ST,UNKNOWN,ND,58000,CWA,No,09/12/2023,
CITY OF DICKINSON,REMOTE LOCATION,UNKNOWN,ND,58000,CWA,No,06/06/2025,
CITY OF DICKINSON,REMOTE LOCATION,UNKNOWN,ND,58000,CWA,No,,
CITY OF DICKINSON,REMOTE LOCATION,UNKNOWN,ND,58000,CWA,No,,
CITY OF DICKINSON,REMOTE LOCATION,UNKNOWN,ND,58000,CWA,No,,
CITY OF DICKINSON,REMOTE LOCATION,UNKNOWN,ND,58000,CWA,No,,
CITY OF DICKINSON,REMOTE LOCATION,UNKNOWN,ND,58000,CWA,No,08/02/2016,
CITY OF DICKINSON,REMOTE LOCATION,UNKNOWN,ND,58000,CWA,No,,
CITY OF DICKINSON,10816 38TH ST. SW,UNKNOWN,ND,58000,CWA,No,,
CITY OF DICKINSON,11310 35TH ST SW,UNKNOWN,ND,58000,CWA,No,,
CITY OF DICKINSON,REMOTE LOCATION,UNKNOWN,ND,58000,CWA,No,,
CITY OF DICKINSON,3880 LEHIGH ROAD,UNKNOWN,ND,58000,CWA,No,,
CITY OF DICKINSON,"46.88159, -102.79643",UNKNOWN,ND,58000,CWA,No,,
CITY OF DICKINSON,"20TH AVE SW, EAST OF ST. JOSEPH CEMETERY",UNKNOWN,ND,58000,CWA,No,,
CITY OF DICKINSON - 2026 UTILITY & STREET IMPROVEMENTS PROJECT,38 1ST ST W,DICKINSON,ND,58601,CWA,No,,
CITY OF DICKINSON ND,REMOTE LOCATION,UNKNOWN,ND,58000,CWA,No,,
CITY OF DICKINSON – 25071 – PROJ 202501 2025 ROAD MAINTENANCE,9TH ST E,DICKINSON,ND,58601,CWA,No,,
CITY OF DICKINSON – STORMWATER CONSTRUCTION,38 1ST ST W,DICKINSON,ND,58601,CWA,No,,
CITY OF DICKISON,REMOTE LOCATION,UNKNOWN,ND,58000,CWA,No,,
CITY OF DODGE,148 CENTRAL AVE,UNKNOWN,ND,58000,CWA,No,07/15/2024,
CITY OF DUNN CENTER,3 WEST MAIN STREET,UNKNOWN,ND,58000,CWA,No,07/15/2024,
CITY OF DUNN CENTER - STORMWATER CONSTRUCTION,3 MAIN STREET WEST,DUNN CENTER,ND,58626,CWA,No,,
CITY OF ELGIN,REMOTE LOCATION,UNKNOWN,ND,58000,CWA,No,08/18/2021,
CITY OF ELGIN,REMOTE LOCATION,UNKNOWN,ND,58000,CWA,No,,
CITY OF ELLENDALE - ELLENDALE ACRES,55 3RD AVE S,ELLENDALE,ND,58436,CWA,No,,
CITY OF ENDERLIN,"CENTER, RAILROAD, BLUFF, RAILWAY & SOO ST.",UNKNOWN,ND,58000,CWA,No,,
CITY OF ENDERLIN,CITY OF ENDERLIN,UNKNOWN,ND,58000,CWA,No,,
CITY OF FAIRMOUNT,THROUGHOUT THE CITY OF FAIRMOUNT,UNKNOWN,ND,58000,CWA,No,,
CITY OF FAIRMOUNT,REMOTE LOCATION,UNKNOWN,ND,58000,CWA,No,,
CITY OF FARGO,REMOTE LOCATION,UNKNOWN,ND,58000,CWA,No,,
CITY OF FARGO,REMOTE LOCATION,UNKNOWN,ND,58000,CWA,No,,
CITY OF FARGO,REMOTE LOCATION,UNKNOWN,ND,58000,CWA,No,,
CITY OF FARGO,REMOTE LOCATION,UNKNOWN,ND,58000,CWA,No,,
CITY OF FARGO,REMOTE LOCATION,UNKNOWN,ND,58000,CWA,No,,
CITY OF FARGO,REMOTE LOCATION,UNKNOWN,ND,58000,CWA,No,,
CITY OF FARGO,63RD AVENUE SOUTH AND 21ST STREET SOUTH,UNKNOWN,ND,58000,CWA,No,,
CITY OF FARGO,14TH ST S AND 70TH AVE S,UNKNOWN,ND,58000,CWA,No,,
CITY OF FARGO,4485 OAKCREEK DR S,UNKNOWN,ND,58000,CWA,No,,
CITY OF FARGO,3RD AVE N,UNKNOWN,ND,58000,CWA,No,,
CITY OF FARGO,(UNKNOWN ADDRESS),(UNKNOWN CITY),ND,00000,CWA,No,06/03/2025,
CITY OF FARGO,(UNKNOWN ADDRESS),(UNKNOWN CITY),ND,00000,CWA,No,07/03/2025,
CITY OF FARGO,REMOTE LOCATION,UNKNOWN,ND,58000,CWA,No,,
CITY OF FARGO,REMOTE LOCATION,UNKNOWN,ND,58000,CWA,No,,
CITY OF FARGO,REMOTE LOCATION,UNKNOWN,ND,58000,CWA,No,,
CITY OF FARGO,REMOTE LOCATION,UNKNOWN,ND,58000,CWA,No,11/13/2019,
CITY OF FARGO,REMOTE LOCATION,UNKNOWN,ND,58000,CWA,No,,
CITY OF FARGO,REMOTE LOCATION,UNKNOWN,ND,58000,CWA,No,07/29/2020,
CITY OF FARGO,REMOTE LOCATION,UNKNOWN,ND,58000,CWA,No,,
CITY OF FARGO,REMOTE LOCATION,UNKNOWN,ND,58000,CWA,No,,
CITY OF FARGO,REMOTE LOCATION,UNKNOWN,ND,58000,CWA,No,,
CITY OF FARGO,REMOTE LOCATION,UNKNOWN,ND,58000,CWA,No,,
CITY OF FARGO,REMOTE LOCATION,UNKNOWN,ND,58000,CWA,No,,
CITY OF FARGO,REMOTE LOCATION,UNKNOWN,ND,58000,CWA,No,,
CITY OF FARGO,REMOTE LOCATION,UNKNOWN,ND,58000,CWA,No,,
CITY OF FARGO,REMOTE LOCATION,UNKNOWN,ND,58000,CWA,No,,
CITY OF FARGO,REMOTE LOCATION,UNKNOWN,ND,58000,CWA,No,,
CITY OF FARGO,REMOTE LOCATION,UNKNOWN,ND,58000,CWA,No,,
CITY OF FARGO,REMOTE LOCATION,UNKNOWN,ND,58000,CWA,No,10/16/2017,
CITY OF FARGO,REMOTE LOCATION,UNKNOWN,ND,58000,CWA,No,,
CITY OF FARGO,REMOTE LOCATION,UNKNOWN,ND,58000,CWA,No,,
CITY OF FARGO,REMOTE LOCATION,UNKNOWN,ND,58000,CWA,No,,
CITY OF FARGO,REMOTE LOCATION,UNKNOWN,ND,58000,CWA,No,,
CITY OF FARGO,REMOTE LOCATION,UNKNOWN,ND,58000,CWA,No,,
CITY OF FARGO,REMOTE LOCATION,UNKNOWN,ND,58000,CWA,No,,
CITY OF FARGO,REMOTE LOCATION,UNKNOWN,ND,58000,CWA,No,,
CITY OF FARGO,REMOTE LOCATION,UNKNOWN,ND,58000,CWA,No,,
CITY OF FARGO,REMOTE LOCATION,UNKNOWN,ND,58000,CWA,No,,
CITY OF FARGO,(UNKNOWN ADDRESS),(UNKNOWN CITY),ND,00000,CWA,No,,
CITY OF FARGO,REMOTE LOCATION,UNKNOWN,ND,58000,CWA,No,,
CITY OF FARGO,REMOTE LOCATION,UNKNOWN,ND,58000,CWA,No,,
CITY OF FARGO,REMOTE LOCATION,UNKNOWN,ND,58000,CWA,No,,
CITY OF FARGO,REMOTE LOCATION,UNKNOWN,ND,58000,CWA,No,,
CITY OF FARGO,REMOTE LOCATION,UNKNOWN,ND,58000,CWA,No,,
CITY OF FARGO,REMOTE LOCATION,UNKNOWN,ND,58000,CWA,No,07/28/2020,
CITY OF FARGO,REMOTE LOCATION,UNKNOWN,ND,58000,CWA,No,07/28/2020,
CITY OF FARGO,REMOTE LOCATION,UNKNOWN,ND,58000,CWA,No,,
CITY OF FARGO,REMOTE LOCATION,UNKNOWN,ND,58000,CWA,No,,
CITY OF FARGO,REMOTE LOCATION,UNKNOWN,ND,58000,CWA,No,,
CITY OF FARGO,REMOTE LOCATION,UNKNOWN,ND,58000,CWA,No,,
CITY OF FARGO,REMOTE LOCATION,UNKNOWN,ND,58000,CWA,No,,
CITY OF FARGO,REMOTE LOCATION,UNKNOWN,ND,58000,CWA,No,,
CITY OF FARGO,3802 - 4061 51ST AVE S,UNKNOWN,ND,58000,CWA,No,,
CITY OF FARGO,52ND AVENUE AND DRAIN 27,UNKNOWN,ND,58000,CWA,No,,
CITY OF FARGO,4TH ST S FROM 6TH AVE S TO 13TH AVE S FARGO,UNKNOWN,ND,58000,CWA,No,11/13/2019,
CITY OF FARGO,1040 29TH ST N,UNKNOWN,ND,58000,CWA,No,,
CITY OF FARGO,(UNKNOWN ADDRESS),(UNKNOWN CITY),ND,00000,CWA,No,,
CITY OF FARGO,40TH ST NE,UNKNOWN,ND,58000,CWA,No,,
CITY OF FARGO,64TH AVENUE AND 25TH STREET S,UNKNOWN,ND,58000,CWA,No,,
CITY OF FARGO,225 4TH ST N,FARGO,ND,58102,CWA,No,,
CITY OF FARGO,HACKBERRY DR. S,UNKNOWN,ND,58000,CWA,No,,
CITY OF FARGO,33RD AVE AND 46TH STREET N,UNKNOWN,ND,58000,CWA,No,,
CITY OF FARGO,43RD STREET N AND 28TH STREET N,UNKNOWN,ND,58000,CWA,No,,
CITY OF FARGO,4501 7TH AVENUE N,UNKNOWN,ND,58000,CWA,No,,
CITY OF FARGO,REMOTE LOCATION,UNKNOWN,ND,58000,CWA,No,,
CITY OF FARGO,REMOTE LOCATION,UNKNOWN,ND,58000,CWA,No,,
CITY OF FARGO,REMOTE LOCATION,UNKNOWN,ND,58000,CWA,No,,
CITY OF FARGO,REMOTE LOCATION,UNKNOWN,ND,58000,CWA,No,,
CITY OF FARGO,REMOTE LOCATION,UNKNOWN,ND,58000,CWA,No,,
CITY OF FARGO,(UNKNOWN ADDRESS),(UNKNOWN CITY),ND,00000,CWA,No,,
CITY OF FARGO,23RD AVE FROM 38TH-42ND ST,UNKNOWN,ND,58000,CWA,No,,
CITY OF FARGO,7TH AVE N FROM UNIVERSITY DR TO BROADWAY,UNKNOWN,ND,58000,CWA,No,,
CITY OF FARGO,19TH AVE S & 39TH ST S,UNKNOWN,ND,58000,CWA,No,,
CITY OF FARGO,67TH AVE AND 25TH STREET S,UNKNOWN,ND,58000,CWA,No,,
CITY OF FARGO,(UNKNOWN ADDRESS),(UNKNOWN CITY),ND,00000,CWA,No,06/03/2025,
CITY OF FARGO,(UNKNOWN ADDRESS),(UNKNOWN CITY),ND,00000,CWA,No,,
CITY OF FARGO,24TH AVE N AND 42ND STREET N,UNKNOWN,ND,58000,CWA,No,,
CITY OF FARGO,BROADWAY AND 1ST AVE S,UNKNOWN,ND,58000,CWA,No,,
CITY OF FARGO,741 ROYAL OAKS DR N,UNKNOWN,ND,58000,CWA,No,,
CITY OF FARGO,32ND AVE N,UNKNOWN,ND,58000,CWA,No,,
CITY OF FARGO,SHEYENNE STREET AND 52ND AVE S,UNKNOWN,ND,58000,CWA,No,,
CITY OF FARGO,BTWN 73RD & 76TH AVE S & 25TH ST S & 21ST S,UNKNOWN,ND,58000,CWA,No,,
CITY OF FARGO,"25TH AVE S, 17TH ST S",UNKNOWN,ND,58000,CWA,No,,
CITY OF FARGO,REMOTE LOCATION,UNKNOWN,ND,58000,CWA,No,,
CITY OF FARGO,REMOTE LOCATION,UNKNOWN,ND,58000,CWA,No,,
CITY OF FARGO,REMOTE LOCATION,UNKNOWN,ND,58000,CWA,No,,
CITY OF FARGO,REMOTE LOCATION,UNKNOWN,ND,58000,CWA,No,,
CITY OF FARGO,NP AVE,FARGO,ND,58102,CWA,No,,
CITY OF FARGO,4100 SOUTH UNIVERSITY DRIVE,UNKNOWN,ND,58000,CWA,No,07/29/2020,
CITY OF FARGO,SHEYENNE LOOP,UNKNOWN,ND,58000,CWA,No,,
CITY OF FARGO,51ST AVENUE S FROM 38TH STREET,UNKNOWN,ND,58000,CWA,No,,
CITY OF FARGO,44TH AVE S & CASS COUNTY DRAIN #27,UNKNOWN,ND,58000,CWA,No,,
CITY OF FARGO,42ND STREET AND 23RD AVENUE S,UNKNOWN,ND,58000,CWA,No,,
CITY OF FARGO,4100 40TH AVE S,UNKNOWN,ND,58000,CWA,No,06/03/2025,
CITY OF FARGO,(UNKNOWN ADDRESS),(UNKNOWN CITY),ND,00000,CWA,No,,
CITY OF FARGO,3400 NORTH BROADWAY,UNKNOWN,ND,58000,CWA,No,,
CITY OF FARGO,6400 38TH STREET SW,UNKNOWN,ND,58000,CWA,No,10/12/2021,
CITY OF FARGO,4315 18TH AVE SW,UNKNOWN,ND,58000,CWA,No,,
CITY OF FARGO,23RD AVENUE S AND 42ND STREET S,UNKNOWN,ND,58000,CWA,No,,
CITY OF FARGO,"502 NP AVE, FARGO",UNKNOWN,ND,58000,CWA,No,,
CITY OF FARGO,70TH TO 60TH AVE S & 15TH ST TO 17TH S,UNKNOWN,ND,58000,CWA,No,,
CITY OF FARGO,435 14TH AVENUE SOUTH,UNKNOWN,ND,58000,CWA,No,,
CITY OF FARGO,45TH STREET SOUTH AND 52ND AVENUE S,UNKNOWN,ND,58000,CWA,No,,
CITY OF FARGO,VETERANS BLVD AND 52ND AVE S,UNKNOWN,ND,58000,CWA,No,,
CITY OF FARGO,200 NORTH 3RD ST.,UNKNOWN,ND,58000,CWA,No,07/28/2020,
CITY OF FARGO,173 SOUTH WOODCREST DR N,UNKNOWN,ND,58000,CWA,No,,
CITY OF FARGO,200 2ND STREET NORTH,UNKNOWN,ND,58000,CWA,No,,
CITY OF FARGO,HWY 81 AND 40TH AVE N,UNKNOWN,ND,58000,CWA,No,,
CITY OF FARGO,(UNKNOWN ADDRESS),(UNKNOWN CITY),ND,00000,CWA,No,,
CITY OF FARGO,THE INTERSECTION OF 21ST ST AND 11TH AVE S,UNKNOWN,ND,58000,CWA,No,,
CITY OF FARGO,THE INTERSECTION OF 7TH AVE N AND OAK STREET,UNKNOWN,ND,58000,CWA,No,,
CITY OF FARGO,44TH STREET NORTH,UNKNOWN,ND,58000,CWA,No,,
CITY OF FARGO,45TH ST N - 19TH AVE TO 32ND AVE N,UNKNOWN,ND,58000,CWA,No,06/03/2025,
CITY OF FARGO,45TH ST N - 19TH AVE TO 32ND AVE N,UNKNOWN,ND,58000,CWA,No,,
CITY OF FARGO,"VARIOUS LOCATIONS IN FARGO (SITE #1, #2 & #3)",UNKNOWN,ND,58000,CWA,No,,
CITY OF FARGO,6TH AVE AND 10TH STREET N,UNKNOWN,ND,58000,CWA,No,,
CITY OF FARGO,902 41ST AVE N,UNKNOWN,ND,58000,CWA,No,,
CITY OF FARGO,4301 19TH AVE N,UNKNOWN,ND,58000,CWA,No,,
CITY OF FARGO,15TH STREET S & 67TH AVENUE S,UNKNOWN,ND,58000,CWA,No,,
CITY OF FARGO,"32ND AVENUE SOUTH EAST OF I-29, W. OF UNIV DR",UNKNOWN,ND,58000,CWA,No,,
CITY OF FARGO,38TH STREET S AND 58TH AVENUE S,UNKNOWN,ND,58000,CWA,No,10/12/2021,
CITY OF FARGO,32ND AVE N/45TH ST N TO 52ND AVE N & 25TH ST,UNKNOWN,ND,58000,CWA,No,,
CITY OF FARGO,45TH STREET AND 24TH AVENUE S,UNKNOWN,ND,58000,CWA,No,,
CITY OF FARGO,18TH AVE AND 40TH ST S,UNKNOWN,ND,58000,CWA,No,,
CITY OF FARGO,13TH AVE S AND 47TH ST.,UNKNOWN,ND,58000,CWA,No,,
CITY OF FARGO,1355 ELM CIRCLE,UNKNOWN,ND,58000,CWA,No,,
CITY OF FARGO,54TH AVENUE S & 67TH STREET S,UNKNOWN,ND,58000,CWA,No,,
CITY OF FARGO,MADELYN'S MEADOWS 1ST ADDITION,UNKNOWN,ND,58000,CWA,No,,
CITY OF FARGO,"46.85501, -096.80006",UNKNOWN,ND,58000,CWA,No,,
CITY OF FARGO,UNIVERSITY DR N & 32ND AVENUE NORTH,UNKNOWN,ND,58000,CWA,No,,
CITY OF FARGO,"32ND ST S, 33RD ST S, BELDING DR S, 67TH AVE S",UNKNOWN,ND,58000,CWA,No,,
CITY OF FARGO,(UNKNOWN ADDRESS),(UNKNOWN CITY),ND,00000,CWA,No,,
CITY OF FARGO,UNIVERSITY DR & 70TH AVE S,UNKNOWN,ND,58000,CWA,No,,
CITY OF FARGO,38TH ST & 26TH AVE S,UNKNOWN,ND,58000,CWA,No,,
CITY OF FARGO  HOUSTON ENGINEERING ,225 4TH STREET NORTH,UNKNOWN,ND,58000,CWA,No,,
CITY OF FARGO - BN-25-E1 SELKIRK,SELKIRK DR S,FARGO,ND,58104,CWA,No,,
CITY OF FARGO - CITY OF FARGO BN-23-F1 AMAZON,37TH & 41ST STREETS NORTH & 48TH AVE N,FARGO,ND,58102,CWA,No,,
CITY OF FARGO - CITY OF FARGO BR-24-A1 7TH ST N,7TH ST N,FARGO,ND,58102,CWA,No,,
CITY OF FARGO - COF BN-25-E1 SELKIRK PLACE THIRD ADDITION,SELKIRK DRIVE S,FARGO,ND,58102,CWA,No,,
CITY OF FARGO - DIVISION OF SOLID WASTE,"4501 7TH AVENUE NORTH - FARGO, ND",UNKNOWN,ND,58000,CWA,No,,
CITY OF FARGO - DIVISION OF SOLID WASTE,REMOTE LOCATION,UNKNOWN,ND,58000,CWA,No,,
CITY OF FARGO -BN-25-C1 AMAZON 2,"48TH AVE N, EAST OF 37TH ST",FARGO,ND,58102,CWA,No,,
CITY OF FARGO -CITY OF FARGO BR-24-B1,9TH STREET S,FARGO,ND,58102,CWA,No,,
CITY OF FARGO DIVISION OF SOLID WASTE,4303 7TH AVE. N,UNKNOWN,ND,58000,CWA,No,,
CITY OF FARGO ENGINEERING DEPARTMENT,REMOTE LOCATION,UNKNOWN,ND,58000,CWA,No,,
CITY OF FARGO ENGINEERING DEPT,62ND AVE S & 21ST STREET,UNKNOWN,ND,58000,CWA,No,,
CITY OF FARGO PARK DISTRICT,6297 22ND ST S,UNKNOWN,ND,58000,CWA,No,,
CITY OF FARGO PARK DISTRICT,5400 31ST ST S,UNKNOWN,ND,58000,CWA,No,06/11/2018,
CITY OF FARGO PARK DISTRICT,4400 CLUBHOUSE DRIVE SOUTH,UNKNOWN,ND,58000,CWA,No,,
CITY OF FARGO WASTEWATER DEPARTMENT,REMOTE LOCATION,UNKNOWN,ND,58000,CWA,No,,
CITY OF FARGO WASTEWATER DEPT.,REMOTE LOCATION,UNKNOWN,ND,58000,CWA,No,,
CITY OF FARGO WATER TREATMENT,5400 63RD STREET S,UNKNOWN,ND,58000,CWA,No,,
CITY OF FARGO – 25033 – JOB 23946 TMA-TAU-8-984(177)(DRAIN 27),OAK CREEK DRIVE S,FARGO,ND,58104,CWA,No,,
CITY OF FARGO – BN-24-A1 NEW PAVING AND UTILITY CONSTRUCTION,(UNKNOWN ADDRESS),(UNKNOWN CITY),ND,00000,CWA,No,,
CITY OF FARGO – BR-25-B3,"9TH AVE S, 7TH ST S, AND 6TH ST S",FA,ND,58102,CWA,No,,
CITY OF FARGO – CELL 21 WASTE EXCAVATION & CONSTRUCTION,4475 7TH AVE N,FARGO,ND,58102,CWA,No,,
CITY OF FARGO – COF BR-25-E1 29TH AVE N,HICKORY ST N-28 AVE N; MAPLE ST N - 28TH AVE N - 2,FARGO,ND,58102,CWA,No,,
CITY OF FARGO – COF-BR-25-A1 9TH STREET N,9TH STREET N,FARGO,ND,58102,CWA,No,,
CITY OF FARGO – FARGO WASTEWATER TREATMENT FACILITY PHASE IIB,3400 NORTH BROADWAY,FARGO,ND,58102,CWA,No,,
CITY OF FARGO – FM-24-A1 – UNIVERSITY DR S FLOODWALL REPAIR,(UNKNOWN ADDRESS),FARGO,ND,58102,CWA,No,10/14/2025,
CITY OF FARGO – STORMWATER CONSTRUCTION,225 4TH ST N,FARGO,ND,58102,CWA,No,,
CITY OF FARGO – STORMWATER CONSTRUCTION,225 4TH ST N,FARGO,ND,58102,CWA,No,,
"CITY OF FARGO – TMA-SU-8-984(169) PCN 22925, BR-23-GI",32 ND,FARGO,ND,58102,CWA,No,,
CITY OF FESSENDEN - FESSENDEN LAGOON,ST ANNA TWONSHIP,FESSENDEN,ND,58438,CWA,No,,
CITY OF FLAXTON,REMOTE LOCATION,UNKNOWN,ND,58000,CWA,No,,
CITY OF FLAXTON,REMOTE LOCATION,UNKNOWN,ND,58000,CWA,No,,
CITY OF FORMAN,"ND HWY 11 AND NW HWY 32, FORMAN, ND",UNKNOWN,ND,58000,CWA,No,,
CITY OF FORMAN,REMOTE LOCATION,UNKNOWN,ND,58000,CWA,No,,
CITY OF GACKLE,REMOTE LOCATION,UNKNOWN,ND,58000,CWA,No,06/16/2021,
CITY OF GACKLE,201 MAIN ST,UNKNOWN,ND,58000,CWA,No,08/15/2023,
CITY OF GARDNER,PARCEL ID 13020012702000  UNPLATTED ,UNKNOWN,ND,58000,CWA,No,,
CITY OF GARRISON,400 4TH AVE SE,UNKNOWN,ND,58000,CWA,No,05/15/2023,
"CITY OF GLENBURN, ND","NEAR 1ST AVE N, AND HEALY ST, AND 2ND AVE N",UNKNOWN,ND,58000,CWA,No,,
CITY OF GRAFTON,REMOTE LOCATION,UNKNOWN,ND,58000,CWA,No,05/12/2021,
CITY OF GRAFTON,15TH STREET AND LAVERGNE AVE,UNKNOWN,ND,58000,CWA,No,08/13/2020,
CITY OF GRAFTON,(UNKNOWN ADDRESS),(UNKNOWN CITY),ND,00000,CWA,No,,
CITY OF GRAND FORKS,55TH AVE S - 29TH AVE S ALONG S WASHINGTON,UNKNOWN,ND,58000,CWA,No,,
CITY OF GRAND FORKS,SOUTH 20TH ST - 17TH AVE S TO 20TH AVE S,UNKNOWN,ND,58000,CWA,No,,
CITY OF GRAND FORKS,11TH AVE S - FROM 58TH ST TO 650' EAST,UNKNOWN,ND,58000,CWA,No,,
CITY OF GRAND FORKS,867 S 48TH STREET,UNKNOWN,ND,58000,CWA,No,,
CITY OF GRAND FORKS,"1701 S 12TH ST GRAND FORKS, ND 58201",UNKNOWN,ND,58000,CWA,No,,
CITY OF GRAND FORKS,41ST AVE S. - 19TH ST. TO EAST 7,UNKNOWN,ND,58000,CWA,No,,
CITY OF GRAND FORKS,"MILL ROAD, N WASHINGTON ST TO GATEWAY DR",UNKNOWN,ND,58000,CWA,No,,
CITY OF GRAND FORKS,PEYTON'S PLACE CIRCLE BELMONT ROAD,UNKNOWN,ND,58000,CWA,No,,
CITY OF GRAND FORKS,CHERRY ST (11TH TO 17TH AVE S),UNKNOWN,ND,58000,CWA,No,,
CITY OF GRAND FORKS,32ND AVE S - S 48TH ST TO HEARTLAND DR.,UNKNOWN,ND,58000,CWA,No,,
CITY OF GRAND FORKS,NW CORNER OF 62ND AVE S AND BELMONT RD,UNKNOWN,ND,58000,CWA,No,06/19/2018,
CITY OF GRAND FORKS,"OFF OF BELMONT ROAD, SOUTH OF 55TH AVE",UNKNOWN,ND,58000,CWA,No,,
CITY OF GRAND FORKS,2ND AVE/N WASHINGTON ST,UNKNOWN,ND,58000,CWA,No,,
CITY OF GRAND FORKS,43RD AVE S & COLUMBIA ROAD,UNKNOWN,ND,58000,CWA,No,,
CITY OF GRAND FORKS,BELMONT RD (58TH TO 62ND AVE S),UNKNOWN,ND,58000,CWA,No,,
CITY OF GRAND FORKS,"UNIVERSITY AVENUE - GRAND FORKS, ND",UNKNOWN,ND,58000,CWA,No,,
CITY OF GRAND FORKS,REMOTE LOCATION,UNKNOWN,ND,58000,CWA,No,,
CITY OF GRAND FORKS,COLUMBIA ROAD - 40 AVE S TO 47 AVE S,UNKNOWN,ND,58000,CWA,No,,
CITY OF GRAND FORKS,55TH STREET NORTH AND 54TH AVENUE NORTH,UNKNOWN,ND,58000,CWA,No,06/21/2016,
CITY OF GRAND FORKS,36TH AVE S & 42ND STREET S,UNKNOWN,ND,58000,CWA,No,,
CITY OF GRAND FORKS,(UNKNOWN ADDRESS),(UNKNOWN CITY),ND,00000,CWA,No,,
CITY OF GRAND FORKS,REMOTE LOCATION,UNKNOWN,ND,58000,CWA,No,05/09/2025,
CITY OF GRAND FORKS,S 20TH ST - 24TH AVE S TO 20TH AVE S,UNKNOWN,ND,58000,CWA,No,,
CITY OF GRAND FORKS,1111 58TH STREET SOUTH,UNKNOWN,ND,58000,CWA,No,06/30/2022,
CITY OF GRAND FORKS,DAVIS DRIVE AND CHERRY STREET,UNKNOWN,ND,58000,CWA,No,,
CITY OF GRAND FORKS,N 3RD ST. FROM DEMERS AVE TO UNIVERSITY AVE,UNKNOWN,ND,58000,CWA,No,,
CITY OF GRAND FORKS,BELMONT RD - 55TH AVE S TO RIVERS EDGE DR,UNKNOWN,ND,58000,CWA,No,,
CITY OF GRAND FORKS,S 12TH ST - PARK DR TO 25TH AVE S,UNKNOWN,ND,58000,CWA,No,,
CITY OF GRAND FORKS,(UNKNOWN ADDRESS),(UNKNOWN CITY),ND,00000,CWA,No,,
CITY OF GRAND FORKS,(UNKNOWN ADDRESS),(UNKNOWN CITY),ND,00000,CWA,No,08/22/2025,
CITY OF GRAND FORKS,SYLCIA CIRCLE AND SOUTH 14TH STREET,UNKNOWN,ND,58000,CWA,No,10/26/2022,
CITY OF GRAND FORKS,INTERSECTION OF 36TH AVE. S. AND S. 44TH ST.,UNKNOWN,ND,58000,CWA,No,,
CITY OF GRAND FORKS,2611 N 42ND ST,UNKNOWN,ND,58000,CWA,No,06/30/2022,
CITY OF GRAND FORKS,44TH AVENUE SOUTH AND 17TH STREET,UNKNOWN,ND,58000,CWA,No,,
CITY OF GRAND FORKS,1210 N 43RD STREET,UNKNOWN,ND,58000,CWA,No,06/30/2022,
CITY OF GRAND FORKS,BELMONT RD - 55TH AVE S TO 62ND AVE S,UNKNOWN,ND,58000,CWA,No,,
CITY OF GRAND FORKS,S 42ND ST (20TH AVE S TO 24TH AVE S),UNKNOWN,ND,58000,CWA,No,06/30/2022,
CITY OF GRAND FORKS,S WASHINGTON ST AND 36TH AVE S,UNKNOWN,ND,58000,CWA,No,,
CITY OF GRAND FORKS,S. 19TH ST. & 40TH AVE. S.,UNKNOWN,ND,58000,CWA,No,,
CITY OF GRAND FORKS,REMOTE LOCATION,UNKNOWN,ND,58000,CWA,No,,
CITY OF GRAND FORKS,44TH AVE. S. & S. 17TH ST.,UNKNOWN,ND,58000,CWA,No,,
CITY OF GRAND FORKS,45TH AVE S FROM S. 30TH ST TO S. 34TH ST,UNKNOWN,ND,58000,CWA,No,,
CITY OF GRAND FORKS,"COTTONWOOD, 59TH, WREN DR PLYMOUTH",UNKNOWN,ND,58000,CWA,No,,
CITY OF GRAND FORKS,62ND AVE S & S WASHINGTON ST,UNKNOWN,ND,58000,CWA,No,,
CITY OF GRAND FORKS,SOUTHERN ESTATES 11TH & 43RD AVE S,UNKNOWN,ND,58000,CWA,No,,
CITY OF GRAND FORKS,S 9TH ST (7TH AVE S. TO 13TH AVE S),UNKNOWN,ND,58000,CWA,No,,
CITY OF GRAND FORKS,S. 17TH ST - 47TH AVE S TO 44TH AVE S,UNKNOWN,ND,58000,CWA,No,,
CITY OF GRAND FORKS,PEYTON'S PLACE CIRCLE,UNKNOWN,ND,58000,CWA,No,,
CITY OF GRAND FORKS,710 1ST AVENUE NORTH,UNKNOWN,ND,58000,CWA,No,10/27/2022,
CITY OF GRAND FORKS,(UNKNOWN ADDRESS),(UNKNOWN CITY),ND,00000,CWA,No,,
CITY OF GRAND FORKS,BELMONT RD/49TH AVE S,UNKNOWN,ND,58000,CWA,No,10/26/2022,
CITY OF GRAND FORKS,"N 4TH STREET, DEMERS AVE TO 1ST AVE",UNKNOWN,ND,58000,CWA,No,,
CITY OF GRAND FORKS,32ND AVE S AND N 69TH STREET,UNKNOWN,ND,58000,CWA,No,,
CITY OF GRAND FORKS,36TH AVE S. - 15TH ST. S TO SOUTH WASH ST,UNKNOWN,ND,58000,CWA,No,,
CITY OF GRAND FORKS,6TH AVE N (N 40TH ST TO ENGLISH COULEE),UNKNOWN,ND,58000,CWA,No,,
CITY OF GRAND FORKS,1450 S 43RD ST,UNKNOWN,ND,58000,CWA,No,,
CITY OF GRAND FORKS,60TH AVE S & LOU ANN ST,UNKNOWN,ND,58000,CWA,No,,
CITY OF GRAND FORKS,59TH AVE S (KINGS VIEW DR TO S WASHINGTON ST,UNKNOWN,ND,58000,CWA,No,,
CITY OF GRAND FORKS,1996 69TH AVE. S.,UNKNOWN,ND,58000,CWA,No,10/26/2022,
CITY OF GRAND FORKS,REMOTE LOCATION,UNKNOWN,ND,58000,CWA,No,,
CITY OF GRAND FORKS,3251 27TH AVE NORTH,UNKNOWN,ND,58000,CWA,No,,
CITY OF GRAND FORKS,17TH AVE S & OAK ST,UNKNOWN,ND,58000,CWA,No,,
CITY OF GRAND FORKS,3300 UNIVERSITY AVE,UNKNOWN,ND,58000,CWA,No,,
CITY OF GRAND FORKS,11TH AVE N,GRAND FORKS,ND,58201,CWA,No,,
CITY OF GRAND FORKS,NORTH 62ND STREET (GATEWAY DR TO 10TH AVE N),UNKNOWN,ND,58000,CWA,No,,
CITY OF GRAND FORKS,REMOTE LOCATION,UNKNOWN,ND,58000,CWA,No,,
CITY OF GRAND FORKS,REMOTE LOCATION,UNKNOWN,ND,58000,CWA,No,,
CITY OF GRAND FORKS,REMOTE LOCATION,UNKNOWN,ND,58000,CWA,No,,
CITY OF GRAND FORKS,REMOTE LOCATION,UNKNOWN,ND,58000,CWA,No,06/19/2018,
CITY OF GRAND FORKS,REMOTE LOCATION,UNKNOWN,ND,58000,CWA,No,,
CITY OF GRAND FORKS,REMOTE LOCATION,UNKNOWN,ND,58000,CWA,No,,
CITY OF GRAND FORKS,REMOTE LOCATION,UNKNOWN,ND,58000,CWA,No,,
CITY OF GRAND FORKS,REMOTE LOCATION,UNKNOWN,ND,58000,CWA,No,,
CITY OF GRAND FORKS,REMOTE LOCATION,UNKNOWN,ND,58000,CWA,No,07/19/2017,
CITY OF GRAND FORKS,REMOTE LOCATION,UNKNOWN,ND,58000,CWA,No,,
CITY OF GRAND FORKS,REMOTE LOCATION,UNKNOWN,ND,58000,CWA,No,03/25/2022,
CITY OF GRAND FORKS,REMOTE LOCATION,UNKNOWN,ND,58000,CWA,No,07/19/2017,
CITY OF GRAND FORKS,REMOTE LOCATION,UNKNOWN,ND,58000,CWA,No,,
CITY OF GRAND FORKS,REMOTE LOCATION,UNKNOWN,ND,58000,CWA,No,,
CITY OF GRAND FORKS,REMOTE LOCATION,UNKNOWN,ND,58000,CWA,No,,
CITY OF GRAND FORKS,REMOTE LOCATION,UNKNOWN,ND,58000,CWA,No,06/30/2022,
CITY OF GRAND FORKS,REMOTE LOCATION,UNKNOWN,ND,58000,CWA,No,10/26/2022,
CITY OF GRAND FORKS,REMOTE LOCATION,UNKNOWN,ND,58000,CWA,No,,
CITY OF GRAND FORKS,REMOTE LOCATION,UNKNOWN,ND,58000,CWA,No,08/09/2023,
CITY OF GRAND FORKS,2623 2ND AVE. N.,UNKNOWN,ND,58000,CWA,No,,
CITY OF GRAND FORKS,NORTH COLUMBIA ROAD 2ND AVE N TO 4TH AVE N,UNKNOWN,ND,58000,CWA,No,,
CITY OF GRAND FORKS,14TH ST S AND 14TH AVE S,UNKNOWN,ND,58000,CWA,No,,
"CITY OF GRAND FORKS - 8859 - PONDS - KIWANIS, SOUTHERN ESTATES 9TH, SOUTHERN EST",NOT AVAILABLE,GRAND FORKS,ND,00000,CWA,No,,
CITY OF GRAND FORKS - ALLEN GRASSER,REMOTE LOCATION,UNKNOWN,ND,58000,CWA,No,,
CITY OF GRAND FORKS - CITY PROJECT # 8733- 2024 ENGLISH COULEE DIVERSION CLEANIN,255 N 4TH ST,GRAND FORKS,ND,58203,CWA,No,,
CITY OF GRAND FORKS - CITY PROJECT 8834-8835 CRARY'S 12TH UTILITIES,ALONG WASHINGTON ST SOUTH OF 57TH AVE S,GRAND FORKS,ND,58206,CWA,No,,
CITY OF GRAND FORKS - ESC 2026-25 - RECONSTRUCT 5TH AVE S,5TH AVE S AND DEMERS AVE,GRAND FORKS,ND,58206,CWA,No,,
"CITY OF GRAND FORKS - GRAND FORKS KORYNTA-LEMM SANITARY, WATERMAIN, & STORM SEWE",21ST AVE N & N 52 STREET,GRAND FORKS,ND,58203,CWA,No,07/16/2025,
CITY OF GRAND FORKS - GRAND FORKS S 48TH ST BIKE PATH CP #8604,255 N 4TH ST,GRAND FORKS,ND,58203,CWA,No,,
CITY OF GRAND FORKS - GRAND VALLEY FIRST ADDITION UTILITIES CP 8541-42-43-45,255 NORTH 4TH STREET,GRAND FORKS,ND,58206,CWA,No,08/22/2025,
CITY OF GRAND FORKS - HWY 81 REGIONAL STORM WATER POND OUTFALL #848,255 N 4TH ST,GRAND FORKS,ND,58203,CWA,No,,
"CITY OF GRAND FORKS - KORYNTA-LEMM POND SIXTH RESUBDIVISION, PUMP STATION, & FOR",21ST AVE N & N 52 STREET,GRAND FORKD,ND,58206,CWA,No,,
CITY OF GRAND FORKS - LS 49 FORCEMAIN,255 N 4TH ST,GRAND FORKS,ND,58203,CWA,No,,
CITY OF GRAND FORKS - RIVERSIDE STORMWATER POND SILT REMOVAL,255 N 4TH ST,GRAND FORKS,ND,58203,CWA,No,,
CITY OF GRAND FORKS - STORMWATER CONSTRUCTION,"412 2ND AVE N,",GRAND FORKS,ND,58206,CWA,No,07/17/2025,
CITY OF GRAND FORKS BALING FACILITY IMPROVEMENTS,2701 N 69TH ST GRAND FORKS,UNKNOWN,ND,58000,CWA,No,,
CITY OF GRAND FORKS – 2025 WATERMAIN REPLACEMENT CP#8872,N4TH ST (ALPHA-PARK) & 11TH AVE S (S 14TH ST & WAS,GRAND FORKS,ND,58201,CWA,No,,
"CITY OF GRAND FORKS – 2025 WATERMAIN REPLACEMENT, PROJECT NO. 8872",N 4TH ST AND 11TH AVE SOUTH,GRAND FORKS,ND,00000,CWA,No,07/17/2025,
CITY OF GRAND FORKS – 8707 - KORYNTA-LEMM RESUBDIVISION,1702 N 52ND ST,GRAND FORKS,ND,58203,CWA,No,,
CITY OF GRAND FORKS – 8859 - PONDS - 40TH AVE S & 34TH STREET S,NEAR THE INTERSECTION OF 40TH AVENUE SOUTH AND 34T,GRAND FORKS,ND,58203,CWA,No,07/15/2025,
CITY OF GRAND FORKS – 8864 - FLOOD STATION 209 OUTFALL REPAIR,(UNKNOWN ADDRESS),(UNKNOWN CITY),ND,00000,CWA,No,,
CITY OF GRAND FORKS – 8924 - ENGLISH COULEE DIVERSION DIVERSION,NO ADDRESS WAS PROVIDED BY APPLICANT.,(UNKNOWN CITY),ND,00000,CWA,No,,
CITY OF GRAND FORKS – 8925 - LINCOLN DRIVE POND CLEANING,(UNKNOWN ADDRESS),(UNKNOWN CITY),ND,00000,CWA,No,,
CITY OF GRAND FORKS – ALTRU SPORTS COMPLEX,"1500 S 42ND ST,",GRAND FORKS,ND,58201,CWA,No,07/15/2025,
CITY OF GRAND FORKS – CITY PROJECT 8834-8835 CRARY'S 12TH UTILITIES,ALONG WASHINGTON ST SOUTH OF 57TH AVE S,GRAND FORKS,ND,58203,CWA,No,,
CITY OF GRAND FORKS – CITY PROJECT 8838 - PAVING CAREER DRIVE,CAREER DRIVE,GRAND FORKS,ND,00000,CWA,No,,
"CITY OF GRAND FORKS – CITY PROJECT NOS. 8848, 8849, & 8966",ALONG WASHINGTON ST SOUTH OF 57TH AVE S,GRAND FORKS,ND,58203,CWA,No,,
CITY OF GRAND FORKS – CP#8850.02 PAVING & LIGHTING S 34TH ST,(UNKNOWN ADDRESS),(UNKNOWN CITY),ND,00000,CWA,No,,
CITY OF GRAND FORKS – GRAND FORKS ANNEX AREA PH 2,N WASHINGTON ST FROM 33RD AVE TO 27TH AVE,GRAND FORKS,ND,58203,CWA,No,,
CITY OF GRAND FORKS – HIGHWAY 81 SANITARY SEWER PHASE 4,(UNKNOWN ADDRESS),(UNKNOWN CITY),ND,00000,CWA,No,,
CITY OF GRAND FORKS – HIGHWAY 81 WATERMAIN PHASE 3,(UNKNOWN ADDRESS),(UNKNOWN CITY),ND,00000,CWA,No,,
CITY OF GRAND FORKS – HWY 81 & ASSOC AREA SANITARY SEWER PHASE 3,HWY 81 AND 27TH AVE N TO 33RD AVE N,GRAND FORKS,ND,58205,CWA,No,07/16/2025,
CITY OF GRAND FORKS – HWY 81 & ASSOC AREA SANITARY SEWER PHASE 3 T152 R50 S29,(UNKNOWN ADDRESS),(UNKNOWN CITY),ND,00000,CWA,No,,
CITY OF GRAND FORKS – MUNICIPAL LANDFILL SOIL TREATMENT PAD CONSTRUCTION,(UNKNOWN ADDRESS),GRAND FORKS,ND,58205,CWA,No,,
CITY OF GRAND FORKS – OPPORTUNITY PARK 2ND RESUBDIVISION,"40TH AVE S, 44TH ST. & 42ND ST.",GRAND FORKS,ND,58203,CWA,No,,
CITY OF GRAND FORKS – RECONSTRUCT 2ND AVE N,2ND AVE N BETWEEN N COLUMBIA RD AND N 23RD,GRAND FORKS,ND,00000,CWA,No,,
CITY OF GRAND FORKS – RECONSTRUCT 30TH AVE S,3740 30TH AVE S,GRAND,ND,58201,CWA,No,,
CITY OF GRAND FORKS – RECONSTRUCTING 17TH AVE S CP#9060,(UNKNOWN ADDRESS),(UNKNOWN CITY),ND,00000,CWA,No,,
CITY OF GRAND FORKS – RECONSTRUCTION & CPR 24TH AVE. S,2357 S 34TH ST,GRAND FORKS,ND,58201,CWA,No,07/17/2025,
CITY OF GRAND FORKS – STRATA CP 8884.1-88884.5,919 6TH AVE N,GRAND FORKS,ND,58203,CWA,No,,
CITY OF GRAND FORKS – WET UTILITIES FOR GRAND PARK FIRST ADDITION,(UNKNOWN ADDRESS),(UNKNOWN CITY),ND,00000,CWA,No,,
CITY OF GRAND FORKS: ESC 2026-28 SOUTH END DRAINWAY EXPANSION CP#9052,P.O. BOX 5200,GRAND FORKS,ND,58206,CWA,No,,
CITY OF GRANDIN,REMOTE LOCATION,UNKNOWN,ND,58000,CWA,No,,
CITY OF GRANVILLE,REMOTE LOCATION,UNKNOWN,ND,58000,CWA,No,,
CITY OF GRENORA,REMOTE LOCATION,UNKNOWN,ND,58000,CWA,No,,
"CITY OF GRENORA, ND",REMOTE LOCATION,UNKNOWN,ND,58000,CWA,No,,
CITY OF GWINNER,MAIN STREET SOUTH,UNKNOWN,ND,58000,CWA,No,,
CITY OF GWINNER,REMOTE LOCATION,UNKNOWN,ND,58000,CWA,No,,
CITY OF GWINNER,80 BOBCAT DR,UNKNOWN,ND,58000,CWA,No,,
CITY OF GWINNER - PARK BOARD - STORMWATER CONSTRUCTION,PO BOX 425,GWINNER,ND,58040,CWA,No,,
CITY OF HANKINSON - CR-1 STOCKPILE,PO BOX 478,HANKINSON,ND,58041,CWA,No,,
CITY OF HARVEY,SOUTH WEST HARVEY,UNKNOWN,ND,58000,CWA,No,,
CITY OF HARWOOD,REMOTE LOCATION,UNKNOWN,ND,58000,CWA,No,,
CITY OF HARWOOD,REMOTE LOCATION,UNKNOWN,ND,58000,CWA,No,,
CITY OF HARWOOD - SEWER IMPROVEMENT DISTRICT NO. 2019-1 BENDER LANE SEWER IMPROV,(UNKNOWN ADDRESS),(UNKNOWN CITY),ND,00000,CWA,No,,
CITY OF HATTON,REMOTE LOCATION,UNKNOWN,ND,58000,CWA,No,,
CITY OF HATTON,REMOTE LOCATION,UNKNOWN,ND,58000,CWA,No,,
CITY OF HAZEN,REMOTE LOCATION,UNKNOWN,ND,58000,CWA,No,05/02/2024,
CITY OF HAZEN,REMOTE LOCATION,UNKNOWN,ND,58000,CWA,No,05/21/2020,
CITY OF HAZEN NORTH DAKOTA,REMOTE LOCATION,UNKNOWN,ND,58000,CWA,No,05/09/2017,
CITY OF HILLSBORO,(DIRECTLY NORTH OF) 801 W CALEDONIA AVE,UNKNOWN,ND,58000,CWA,No,,
CITY OF HORACE,VARIOUS LOCATIONS IN CITY OF HORACE,UNKNOWN,ND,58000,CWA,No,,
CITY OF HORACE,"76TH AVE S, CO RD 17S, ROUNDABOUT",UNKNOWN,ND,58000,CWA,No,,
CITY OF HORACE,COUNTY ROAD 17 AND 73RD AVENUE S,UNKNOWN,ND,58000,CWA,No,,
CITY OF HORACE,BUCKTHORN AVENUE & MEADOWLARK PARKWAY,UNKNOWN,ND,58000,CWA,No,,
CITY OF HORACE,SAINT ANN AVE AND 63RD STREET S,UNKNOWN,ND,58000,CWA,No,,
CITY OF HORACE,88TH AVE S AND 6TH ST E,UNKNOWN,ND,58000,CWA,No,,
CITY OF HORACE,CR17 AND 64TH AVENUE,UNKNOWN,ND,58000,CWA,No,,
CITY OF HORACE,63RD STREET AND 81ST AVENUE S,UNKNOWN,ND,58000,CWA,No,,
CITY OF HORACE,82ND AVENUE AND LAKEVIEW DRIVE,UNKNOWN,ND,58000,CWA,No,10/12/2021,
CITY OF HORACE,NEAR 57TH ST AND 16TH AVE S,UNKNOWN,ND,58000,CWA,No,06/10/2020,
CITY OF HORACE,REMOTE LOCATION,UNKNOWN,ND,58000,CWA,No,,
CITY OF HORACE,(UNKNOWN ADDRESS),(UNKNOWN CITY),ND,00000,CWA,No,,
CITY OF HORACE,(UNKNOWN ADDRESS),(UNKNOWN CITY),ND,00000,CWA,No,,
CITY OF HORACE,9920 INDUSTRIAL DR,UNKNOWN,ND,58000,CWA,No,,
CITY OF HORACE,10TH STREET NORTH 19TH AVE TO 22ND AVE NORTH,UNKNOWN,ND,58000,CWA,No,,
CITY OF HORACE,CR 17 AND WALL AVE,UNKNOWN,ND,58000,CWA,No,,
CITY OF HORACE,COUNTY ROAD 17,UNKNOWN,ND,58000,CWA,No,,
CITY OF HORACE,REMOTE LOCATION,UNKNOWN,ND,58000,CWA,No,,
CITY OF HORACE,2ND AVE & LIONHEART AVE,UNKNOWN,ND,58000,CWA,No,,
CITY OF HORACE,REMOTE LOCATION,UNKNOWN,ND,58000,CWA,No,,
CITY OF HORACE,REMOTE LOCATION,UNKNOWN,ND,58000,CWA,No,,
CITY OF HORACE,REMOTE LOCATION,UNKNOWN,ND,58000,CWA,No,,
CITY OF HORACE,REMOTE LOCATION,UNKNOWN,ND,58000,CWA,No,,
CITY OF HORACE,REMOTE LOCATION,UNKNOWN,ND,58000,CWA,No,,
CITY OF HORACE,REMOTE LOCATION,UNKNOWN,ND,58000,CWA,No,06/12/2019,
CITY OF HORACE,REMOTE LOCATION,UNKNOWN,ND,58000,CWA,No,,
CITY OF HORACE,65TH AVE,UNKNOWN,ND,58000,CWA,No,,
CITY OF HORACE,45TH STREET SE & 81ST STREET S,UNKNOWN,ND,58000,CWA,No,,
CITY OF HORACE - ARROWWOOD THIRD ADDITION,215 PARK DRIVE EAST,HORACE,ND,58047,CWA,No,,
CITY OF HORACE - CUB CREEK 2ND ADDITION,215 PARK DRIVE EAST,HORACE,ND,58047,CWA,No,,
CITY OF HORACE - IMPROVEMENT DISTRICT 2021-1 SOUTHDALE FARMS 3RD,(UNKNOWN ADDRESS),(UNKNOWN CITY),ND,00000,CWA,No,,
CITY OF HORACE -IMPROVEMENT DISTRICT 2022-12 RIVERS EDGE 2ND,76TH AVE S & 78TH ST S,HORACE,ND,58047,CWA,No,,
CITY OF HORACE -SOUTHDALE FARMS 4TH AND 5TH ADDITION,215 PARK DRIVE EAST,HORACE,ND,58047,CWA,No,,
CITY OF HORACE -VISTO INDUSTRIAL PAVEMENT ADDITION,215 PARK DRIVE EAST,HORACE,ND,58047,CWA,No,,
"CITY OF HORACE -WATER, SEWER, STORM, AND STREET IMPROVEMENT DISTRICT NO. 2022-8",215 PARK DRIVE EAST,HORACE,ND,58047,CWA,No,,
"CITY OF HORACE, ND",413 MAIN STREET,UNKNOWN,ND,58000,CWA,No,,
CITY OF JAMESTOWN,REMOTE LOCATION,UNKNOWN,ND,58000,CWA,No,,
CITY OF JAMESTOWN,REMOTE LOCATION,UNKNOWN,ND,58000,CWA,No,,
CITY OF JAMESTOWN,8980 35TH STREET SE,UNKNOWN,ND,58000,CWA,No,,
CITY OF JAMESTOWN,SEE ATTACHED,UNKNOWN,ND,58000,CWA,No,05/06/2026,
CITY OF JAMESTOWN,8980 35TH ST SE,UNKNOWN,ND,58000,CWA,No,,
CITY OF JAMESTOWN,REMOTE LOCATION,UNKNOWN,ND,58000,CWA,No,,
CITY OF JAMESTOWN,REMOTE LOCATION,UNKNOWN,ND,58000,CWA,No,,
CITY OF JAMESTOWN,REMOTE LOCATION,UNKNOWN,ND,58000,CWA,No,,
CITY OF JAMESTOWN,REMOTE LOCATION,UNKNOWN,ND,58000,CWA,No,,
CITY OF JAMESTOWN,REMOTE LOCATION,UNKNOWN,ND,58000,CWA,No,,
CITY OF JAMESTOWN,REMOTE LOCATION,UNKNOWN,ND,58000,CWA,No,,
CITY OF JAMESTOWN (CSSRF PROJ. NO. C380943-01),REMOTE LOCATION,UNKNOWN,ND,58000,CWA,No,,
CITY OF JAMESTOWN - JAMESTOWN INERT LANDFILL CELL 10,(UNKNOWN ADDRESS),(UNKNOWN CITY),ND,00000,CWA,No,,
CITY OF JAMESTOWN - JAMESTOWN SANITARY LANDFILL CELL 4B,8980 35TH ST SE,JAMESTOWN,ND,58401,CWA,No,,
CITY OF JAMESTOWN – KLAUS PARK PEDESTRIAN BRIDGE REPL.,501 4TH ST SW,JAMESTOWN,ND,00000,CWA,No,05/06/2026,
CITY OF JAMESTOWN – MCELROY PARK PEDESTRIAN BRIDGE REPL.,502 15TH ST SE,JAMESTOWN,ND,58401,CWA,No,05/06/2026,
CITY OF JAMESTOWN – NICKEUS PARK PEDESTRIAN BRIDGE REPL.,1ST AVE N & 8TH ST NE,JAMESTOWN,ND,58401,CWA,No,05/06/2026,
CITY OF JAMESTOWN-NDG071089 & NDG071090,REMOTE LOCATION,UNKNOWN,ND,58000,CWA,No,,
CITY OF JAMESTOWN-NDG071089 & NDG071090,REMOTE LOCATION,UNKNOWN,ND,58000,CWA,No,,
CITY OF KILLDEER,102ND AVE SW,UNKNOWN,ND,58000,CWA,No,,
CITY OF KILLDEER,REMOTE LOCATION,UNKNOWN,ND,58000,CWA,No,07/15/2024,
CITY OF KILLDEER,ADJACENT TO: 739 HIGH ST NE,UNKNOWN,ND,58000,CWA,No,07/15/2024,
CITY OF KILLDEER,REMOTE LOCATION,UNKNOWN,ND,58000,CWA,No,,
CITY OF KILLDEER,REMOTE LOCATION,UNKNOWN,ND,58000,CWA,No,,
CITY OF KILLDEER,REMOTE LOCATION,UNKNOWN,ND,58000,CWA,No,,
CITY OF KILLDEER,REMOTE LOCATION,UNKNOWN,ND,58000,CWA,No,07/15/2024,
CITY OF KILLDEER,REMOTE LOCATION,UNKNOWN,ND,58000,CWA,No,07/15/2024,
CITY OF KILLDEER,HWY 22,UNKNOWN,ND,58000,CWA,No,,
CITY OF KILLDEER,REMOTE LOCATION,UNKNOWN,ND,58000,CWA,No,,
CITY OF KILLDEER - 2024 STREET AND UTILITY IMPROVEMENTS,HWY 22,KILLDEER,ND,58640,CWA,No,,
CITY OF KINDRED,CESSNA AVE & BEECHCRAFT BLVD,UNKNOWN,ND,58000,CWA,No,,
CITY OF KINDRED,"NEWPORT PKWY & RIDGE, 7TH, SHEYENNE, ETC.",UNKNOWN,ND,58000,CWA,No,,
CITY OF KINDRED,REMOTE LOCATION,UNKNOWN,ND,58000,CWA,No,,
CITY OF KINDRED,VARIOUS LOCATIONS IN AND AROUND KINDRED,UNKNOWN,ND,58000,CWA,No,06/27/2023,
CITY OF KINDRED - STORMWATER CONSTRUCTION,PO BOX 158,KINDRED,ND,58051,CWA,No,,
CITY OF KULM,REMOTE LOCATION,UNKNOWN,ND,58000,CWA,No,,
CITY OF LAKOTA,ND STATE HWY 1 AND US HWY 2,UNKNOWN,ND,58000,CWA,No,06/08/2022,
CITY OF LAKOTA,REMOTE LOCATION,UNKNOWN,ND,58000,CWA,No,08/22/2025,
CITY OF LAMOURE,REMOTE LOCATION,UNKNOWN,ND,58000,CWA,No,07/15/2021,
CITY OF LAMOURE,REMOTE LOCATION,UNKNOWN,ND,58000,CWA,No,07/15/2021,
CITY OF LANGDON,(UNKNOWN ADDRESS),(UNKNOWN CITY),ND,00000,CWA,No,10/19/2022,
CITY OF LANGDON,REMOTE LOCATION,UNKNOWN,ND,58000,CWA,No,10/19/2022,
CITY OF LANGDON STREET IMPROVEMENTS,(UNKNOWN ADDRESS),(UNKNOWN CITY),ND,00000,CWA,No,,
CITY OF LARIMORE,"BARRETT TO FRANKLIN, RAILROAD TO 9TH",UNKNOWN,ND,58000,CWA,No,10/27/2022,
CITY OF LARIMORE,EASTVIEW DRIVE BERWOOD AVE.,UNKNOWN,ND,58000,CWA,No,,
CITY OF LARIMORE,PO BOX 766,LRIMORE,ND,58251,CWA,No,08/09/2023,
CITY OF LEHR,203 SOUTH MAIN ST,UNKNOWN,ND,58000,CWA,No,,
CITY OF LINCOLN,74 SANTEE ROAD,UNKNOWN,ND,58000,CWA,No,05/28/2024,
CITY OF LINCOLN,"SEC 6, 7, 18 & 19",UNKNOWN,ND,58000,CWA,No,11/18/2019,
CITY OF LINTON,EAST SPRUCE AVE AND 8TH ST NE,UNKNOWN,ND,58000,CWA,No,07/13/2022,
CITY OF LINTON - STREET IMPROVEMENT DISTRICT NO. 2024-1,101 1ST ST NE,LINTON,ND,58552,CWA,No,05/15/2026,
"CITY OF LINTON, ND",REMOTE LOCATION,UNKNOWN,ND,58000,CWA,No,,
CITY OF LISBON,REMOTE LOCATION,UNKNOWN,ND,58000,CWA,No,07/20/2022,
CITY OF LISBON,REMOTE LOCATION,UNKNOWN,ND,58000,CWA,No,,
CITY OF LISBON,REMOTE LOCATION,UNKNOWN,ND,58000,CWA,No,,
CITY OF LISBON,423 MAIN ST.,UNKNOWN,ND,58000,CWA,No,07/20/2022,
CITY OF LISBON,"423 MAIN ST., LISBON, ND",UNKNOWN,ND,58000,CWA,No,,
CITY OF LISBON,REMOTE LOCATION,UNKNOWN,ND,58000,CWA,No,07/20/2022,
CITY OF LISBON,REMOTE LOCATION,UNKNOWN,ND,58000,CWA,No,07/20/2022,
CITY OF LISBON,REMOTE LOCATION,UNKNOWN,ND,58000,CWA,No,,
CITY OF LISBON,REMOTE LOCATION,UNKNOWN,ND,58000,CWA,No,,
CITY OF MADDOCK,REMOTE LOCATION,UNKNOWN,ND,58000,CWA,No,06/18/2019,
CITY OF MANDAN,ND HWY 1806 - W SIDE & 16TH ST NE,UNKNOWN,ND,58000,CWA,No,,
CITY OF MANDAN,(UNKNOWN ADDRESS),(UNKNOWN CITY),ND,00000,CWA,No,,
CITY OF MANDAN,(UNKNOWN ADDRESS),(UNKNOWN CITY),ND,00000,CWA,No,,
CITY OF MANDAN,REMOTE LOCATION,UNKNOWN,ND,58000,CWA,No,,
CITY OF MANDAN,REMOTE LOCATION,UNKNOWN,ND,58000,CWA,No,,
CITY OF MANDAN,REMOTE LOCATION,UNKNOWN,ND,58000,CWA,No,,
CITY OF MANDAN,REMOTE LOCATION,UNKNOWN,ND,58000,CWA,No,,
CITY OF MANDAN,REMOTE LOCATION,UNKNOWN,ND,58000,CWA,No,,
CITY OF MANDAN,REMOTE LOCATION,UNKNOWN,ND,58000,CWA,No,,
CITY OF MANDAN,REMOTE LOCATION,UNKNOWN,ND,58000,CWA,No,,
CITY OF MANDAN,REMOTE LOCATION,UNKNOWN,ND,58000,CWA,No,06/04/2019,
CITY OF MANDAN,REMOTE LOCATION,UNKNOWN,ND,58000,CWA,No,,
CITY OF MANDAN,REMOTE LOCATION,UNKNOWN,ND,58000,CWA,No,,
CITY OF MANDAN,REMOTE LOCATION,UNKNOWN,ND,58000,CWA,No,,
CITY OF MANDAN,REMOTE LOCATION,UNKNOWN,ND,58000,CWA,No,07/13/2023,
CITY OF MANDAN,REMOTE LOCATION,UNKNOWN,ND,58000,CWA,No,,
CITY OF MANDAN,REMOTE LOCATION,UNKNOWN,ND,58000,CWA,No,,
CITY OF MANDAN,REMOTE LOCATION,UNKNOWN,ND,58000,CWA,No,,
CITY OF MANDAN,REMOTE LOCATION,UNKNOWN,ND,58000,CWA,Yes,,
CITY OF MANDAN,REMOTE LOCATION,UNKNOWN,ND,58000,CWA,No,,
CITY OF MANDAN,1994 38TH STREET,UNKNOWN,ND,58000,CWA,No,,
CITY OF MANDAN,1771 W. CALVARY DRIVE,UNKNOWN,ND,58000,CWA,No,,
CITY OF MANDAN,"EAST OF HWY 6, BTWN 19TH ST SE & HEART RIVER",UNKNOWN,ND,58000,CWA,No,,
CITY OF MANDAN,MANDAN WATER TREATMENT PLANT,UNKNOWN,ND,58000,CWA,No,03/15/2022,
CITY OF MANDAN,HECK ADDITION (4TH AVE NW),UNKNOWN,ND,58000,CWA,No,07/13/2023,
CITY OF MANDAN,12TH AVE NW & BERETTA ST. NW,UNKNOWN,ND,58000,CWA,No,,
CITY OF MANDAN,REMOTE LOCATION,UNKNOWN,ND,58000,CWA,No,,
CITY OF MANDAN,(UNKNOWN ADDRESS),(UNKNOWN CITY),ND,00000,CWA,No,,
CITY OF MANDAN,REMOTE LOCATION,UNKNOWN,ND,58000,CWA,No,,
CITY OF MANDAN,LAKEWOOD,UNKNOWN,ND,58000,CWA,No,,
CITY OF MANDAN,609 WEST MAIN STREET,UNKNOWN,ND,58000,CWA,No,08/19/2021,
CITY OF MANDAN,(UNKNOWN ADDRESS),(UNKNOWN CITY),ND,00000,CWA,No,,
CITY OF MANDAN,19TH ST SE BTWN. HWY 6 & MACEDONIA AVE SE,UNKNOWN,ND,58000,CWA,No,10/11/2023,
CITY OF MANDAN - STORMWATER CONSTRUCTION 2,205 2ND AVE NW,MANDAN,ND,58504,CWA,No,,
CITY OF MANVEL,508 OLDHAM AVENUE,UNKNOWN,ND,58000,CWA,No,,
CITY OF MAPLETON,CASS COUNTY 17 & FALCON STREET,UNKNOWN,ND,58000,CWA,No,,
CITY OF MAPLETON,(UNKNOWN ADDRESS),(UNKNOWN CITY),ND,00000,CWA,No,,
CITY OF MAPLETON - STORMWATER CONSTRUCTION,651 2ND ST,MAPELTON,ND,58059,CWA,No,,
CITY OF MAYVILLE - STORMWATER CONSTRUCTION,21 1ST ST NE,MAYVILLE,ND,58257,CWA,No,,
CITY OF MCCLUSKY,REMOTE LOCATION,UNKNOWN,ND,58000,CWA,No,09/06/2018,
CITY OF MCINTOSH WWTF,S36 T23N R22E,MCINTOSH,SD,57641,CWA,No,05/10/2016,221320
CITY OF MCVILLE,"108 E NYHUS AVE., MCVILLE",UNKNOWN,ND,58000,CWA,No,,
CITY OF MEDINA,WATER STREET,UNKNOWN,ND,58000,CWA,No,10/15/2024,
CITY OF MEDINA,REMOTE LOCATION,UNKNOWN,ND,58000,CWA,No,05/11/2023,
CITY OF MEDORA,REMOTE LOCATION,UNKNOWN,ND,58000,CWA,No,06/12/2019,
CITY OF MERCER,REMOTE LOCATION,UNKNOWN,ND,58000,CWA,No,07/16/2021,
CITY OF MERCER,REMOTE LOCATION,UNKNOWN,ND,58000,CWA,No,09/06/2018,
CITY OF MERCER - 2017 WATER SUPPLY IMPROVEMENTS,(UNKNOWN ADDRESS),(UNKNOWN CITY),ND,00000,CWA,No,07/16/2021,
CITY OF MILNOR,140TH AVE SE & 79TH ST SE,UNKNOWN,ND,58000,CWA,No,,
CITY OF MILNOR,REMOTE LOCATION,UNKNOWN,ND,58000,CWA,No,,
CITY OF MINNEWAUKAN,WHITETAIL AVE,UNKNOWN,ND,58000,CWA,No,08/10/2023,
CITY OF MINOT,REMOTE LOCATION,UNKNOWN,ND,58000,CWA,No,,
CITY OF MINOT,13 ST. AND 5TH AVE NW,UNKNOWN,ND,58000,CWA,No,07/29/2021,
CITY OF MINOT,REMOTE LOCATION,UNKNOWN,ND,58000,CWA,No,,
CITY OF MINOT,BEACON ST. SW,UNKNOWN,ND,58000,CWA,No,,
CITY OF MINOT,3005 6TH ST SE,UNKNOWN,ND,58000,CWA,No,,
CITY OF MINOT,RIVERS EDGE DRIVE,UNKNOWN,ND,58000,CWA,No,,
CITY OF MINOT,BISON PARK,UNKNOWN,ND,58000,CWA,No,,
CITY OF MINOT,"16TH AVE SW, 9TH ST SW, 10TH ST SW",UNKNOWN,ND,58000,CWA,No,,
CITY OF MINOT,"541 55TH ST. NE, MINOT, ND",UNKNOWN,ND,58000,CWA,No,04/24/2017,
CITY OF MINOT,1700 3RD ST NE,UNKNOWN,ND,58000,CWA,No,,
CITY OF MINOT,MINOT INTERNATIONAL AIRPORT,UNKNOWN,ND,58000,CWA,No,,
CITY OF MINOT,2611 4TH AVE NW,UNKNOWN,ND,58000,CWA,No,10/23/2024,
CITY OF MINOT,1505 US-2 FRONTAGE ROAD,UNKNOWN,ND,58000,CWA,No,,
CITY OF MINOT,7TH AVE NW & 11TH ST NW,UNKNOWN,ND,58000,CWA,No,,
CITY OF MINOT,25 AIRPORT ROAD,UNKNOWN,ND,58000,CWA,No,06/30/2020,
CITY OF MINOT,REMOTE LOCATION,UNKNOWN,ND,58000,CWA,No,,
CITY OF MINOT,REMOTE LOCATION,UNKNOWN,ND,58000,CWA,No,10/23/2024,
CITY OF MINOT,"1525 HWY 2 & 52 EAST, MINOT",UNKNOWN,ND,58000,CWA,No,,
CITY OF MINOT,1705 3RD STREET NE,UNKNOWN,ND,58000,CWA,No,,
CITY OF MINOT,16 ST & 24 AVE SW TO 37 AVE SW TO H83-16TH,UNKNOWN,ND,58000,CWA,No,,
CITY OF MINOT,2ND AVE SW TO 8TH ST SW,UNKNOWN,ND,58000,CWA,No,,
CITY OF MINOT,800 23RD STREET NW,UNKNOWN,ND,58000,CWA,No,,
CITY OF MINOT,495 MAIN STREET,UNKNOWN,ND,58000,CWA,No,,
CITY OF MINOT,5TH STREET AND 30TH AVENUE,UNKNOWN,ND,58000,CWA,No,,
CITY OF MINOT,REMOTE LOCATION,UNKNOWN,ND,58000,CWA,No,,
CITY OF MINOT,REMOTE LOCATION,UNKNOWN,ND,58000,CWA,No,,
CITY OF MINOT,REMOTE LOCATION,UNKNOWN,ND,58000,CWA,No,,
CITY OF MINOT,REMOTE LOCATION,UNKNOWN,ND,58000,CWA,No,,
CITY OF MINOT,REMOTE LOCATION,UNKNOWN,ND,58000,CWA,No,,
CITY OF MINOT,REMOTE LOCATION,UNKNOWN,ND,58000,CWA,No,04/24/2017,
CITY OF MINOT,REMOTE LOCATION,UNKNOWN,ND,58000,CWA,No,,
CITY OF MINOT,REMOTE LOCATION,UNKNOWN,ND,58000,CWA,No,,
CITY OF MINOT,REMOTE LOCATION,UNKNOWN,ND,58000,CWA,No,,
CITY OF MINOT,REMOTE LOCATION,UNKNOWN,ND,58000,CWA,No,,
CITY OF MINOT,REMOTE LOCATION,UNKNOWN,ND,58000,CWA,No,,
CITY OF MINOT,REMOTE LOCATION,UNKNOWN,ND,58000,CWA,No,,
CITY OF MINOT,REMOTE LOCATION,UNKNOWN,ND,58000,CWA,No,,
CITY OF MINOT,REMOTE LOCATION,UNKNOWN,ND,58000,CWA,No,,
CITY OF MINOT,REMOTE LOCATION,UNKNOWN,ND,58000,CWA,No,,
CITY OF MINOT,REMOTE LOCATION,UNKNOWN,ND,58000,CWA,No,,
CITY OF MINOT,REMOTE LOCATION,UNKNOWN,ND,58000,CWA,No,,
CITY OF MINOT,REMOTE LOCATION,UNKNOWN,ND,58000,CWA,No,,
CITY OF MINOT,REMOTE LOCATION,UNKNOWN,ND,58000,CWA,No,,
CITY OF MINOT,REMOTE LOCATION,UNKNOWN,ND,58000,CWA,No,07/29/2021,
CITY OF MINOT,REMOTE LOCATION,UNKNOWN,ND,58000,CWA,No,,
CITY OF MINOT,REMOTE LOCATION,UNKNOWN,ND,58000,CWA,No,,
CITY OF MINOT,REMOTE LOCATION,UNKNOWN,ND,58000,CWA,No,,
CITY OF MINOT,REMOTE LOCATION,UNKNOWN,ND,58000,CWA,No,,
CITY OF MINOT,PO BOX 5006,MINOT,ND,58701,CWA,No,,
CITY OF MINOT,INTERSECTION OF 17TH ST SE AND 8TH AVE SE,UNKNOWN,ND,58000,CWA,No,,
CITY OF MINOT,3620 30TH ST. SW,UNKNOWN,ND,58000,CWA,No,10/15/2021,
CITY OF MINOT,(UNKNOWN ADDRESS),(UNKNOWN CITY),ND,00000,CWA,No,,
CITY OF MINOT,1873 33RD ST. SW,UNKNOWN,ND,58000,CWA,No,,
CITY OF MINOT,"(48.26413, -101.29402)",UNKNOWN,ND,58000,CWA,No,,
CITY OF MINOT,REMOTE LOCATION,UNKNOWN,ND,58000,CWA,No,,
CITY OF MINOT - PUBLIC WORKS,2317 EL RIO DRIVE,UNKNOWN,ND,58000,CWA,No,,
CITY OF MINOT - PUBLIC WORKS,REMOTE LOCATION,UNKNOWN,ND,58000,CWA,No,,
CITY OF MINOT - STORMWATER CONSTRUCTION,BURDICK EXPRESSWAY AND 16TH ST SW,MINOT,ND,58701,CWA,No,,
CITY OF MINOT - STORMWATER CONSTRUCTION,16TH ST SW & 26TH AVE SW,MINOT,ND,58702,CWA,No,,
CITY OF MINOT - STORMWATER CONSTRUCTION,1025 31ST ST. SE,MINOT,ND,58701,CWA,No,,
CITY OF MINOT PARK DISTRICT,REMOTE LOCATION,UNKNOWN,ND,58000,CWA,No,,
"CITY OF MINOT, DOWNTOWN INFRASTRUCTURE IMPROVEMENTS",MAIN STREET S AND 1ST AVENUE SW,MINOT,ND,58701,CWA,No,07/21/2016,237310
"CITY OF MINOT, ND (NDDOT)",17TH AVE SW,UNKNOWN,ND,58000,CWA,No,05/15/2023,
"CITY OF MINOT, NORTH DAKOTA","1605 55TH STREET SE, MINOT, ND",UNKNOWN,ND,58000,CWA,No,,
CITY OF MOHALL,500 MAIN ST.,UNKNOWN,ND,58000,CWA,No,,
CITY OF MOTT,202 E 3RD ST,UNKNOWN,ND,58000,CWA,No,,
CITY OF MOTT - STORMWATER CONSTRUCTION,202 E 3RD ST,MOTT,ND,58646,CWA,No,,
CITY OF NAPOLEON,REMOTE LOCATION,UNKNOWN,ND,58000,CWA,No,02/22/2024,
CITY OF NAPOLEON,REMOTE LOCATION,UNKNOWN,ND,58000,CWA,No,,
CITY OF NAPOLEON,8TH ST E AND LAKE AVE E,UNKNOWN,ND,58000,CWA,No,02/22/2024,
CITY OF NAPOLEON,3RD ST E,UNKNOWN,ND,58000,CWA,No,,
CITY OF NAPOLEON - WATER SYSTEM IMPROVEMENTS 2025,4TH STREET,NAPOLEON,ND,58561,CWA,No,,
CITY OF NEW ENGLAND,(UNKNOWN ADDRESS),(UNKNOWN CITY),ND,00000,CWA,No,,
CITY OF NEW ENGLAND,REMOTE LOCATION,UNKNOWN,ND,58000,CWA,No,,
CITY OF NEW ROCKFORD,REMOTE LOCATION,UNKNOWN,ND,58000,CWA,No,11/12/2020,
CITY OF NEW ROCKFORD,1943 US-281,UNKNOWN,ND,58000,CWA,No,,
CITY OF NEW ROCKFORD,1750 66TH AVE NE,UNKNOWN,ND,58000,CWA,No,05/11/2023,
CITY OF NEW SALEM,REMOTE LOCATION,UNKNOWN,ND,58000,CWA,No,,
CITY OF NEW SALEM,REMOTE LOCATION,UNKNOWN,ND,58000,CWA,No,07/31/2023,
CITY OF NEW SALEM,REMOTE LOCATION,UNKNOWN,ND,58000,CWA,No,07/31/2023,
CITY OF NEW SALEM,REMOTE LOCATION,UNKNOWN,ND,58000,CWA,No,06/23/2020,
CITY OF NEW SALEM - 2024 STREET AND UTILITY IMPROVEMENTS,MAIN AVE,NEW SALEM,ND,58563,CWA,No,05/21/2026,
CITY OF NEW TOWN,EAST AVE,UNKNOWN,ND,58000,CWA,No,,
CITY OF NEW TOWN,REMOTE LOCATION,UNKNOWN,ND,58000,CWA,No,,
CITY OF NEW TOWN,REMOTE LOCATION,UNKNOWN,ND,58000,CWA,No,,
CITY OF NEW TOWN,REMOTE LOCATION,UNKNOWN,ND,58000,CWA,No,,
"CITY OF NEW TOWN, ND",8999 41ST STREET NW,UNKNOWN,ND,58000,CWA,No,,
CITY OF NOONAN,REMOTE LOCATION,UNKNOWN,ND,58000,CWA,No,,
CITY OF OAKES,REMOTE LOCATION,UNKNOWN,ND,58000,CWA,No,,
CITY OF OAKES,REMOTE LOCATION,UNKNOWN,ND,58000,CWA,No,,
CITY OF OAKES,REMOTE LOCATION,UNKNOWN,ND,58000,CWA,No,,
CITY OF OAKES,REMOTE LOCATION,UNKNOWN,ND,58000,CWA,No,,
CITY OF PAGE,REMOTE LOCATION,UNKNOWN,ND,58000,CWA,No,,
CITY OF PARK RIVER,THUNDER ROAD AND 8TH ST,UNKNOWN,ND,58000,CWA,No,,
CITY OF PARK RIVER,REMOTE LOCATION,UNKNOWN,ND,58000,CWA,No,,
CITY OF PARK RIVER,REMOTE LOCATION,UNKNOWN,ND,58000,CWA,No,,
CITY OF PARK RIVER,501 HILLTOP DR.,UNKNOWN,ND,58000,CWA,No,,
CITY OF PARK RIVER,REMOTE LOCATION,UNKNOWN,ND,58000,CWA,No,,
CITY OF PETERSBURG,REMOTE LOCATION,UNKNOWN,ND,58000,CWA,No,,
"CITY OF PICK CITY, ND",SOUTH ON THOMPSON LANE; ACCESS OFF GRAVEL ROAD,UNKNOWN,ND,58000,CWA,No,06/25/2020,
CITY OF PLAZA,REMOTE LOCATION,UNKNOWN,ND,58000,CWA,No,,
CITY OF PLAZA,MAIN ST,UNKNOWN,ND,58000,CWA,No,,
CITY OF POWERS LAKE,REMOTE LOCATION,UNKNOWN,ND,58000,CWA,No,,
CITY OF POWERS LAKE,REMOTE LOCATION,UNKNOWN,ND,58000,CWA,No,,
CITY OF RAY,REMOTE LOCATION,UNKNOWN,ND,58000,CWA,No,,
CITY OF RAY,REMOTE LOCATION,UNKNOWN,ND,58000,CWA,No,,
CITY OF RAY,6TH AVE E & PALM STREET,UNKNOWN,ND,58000,CWA,No,,
CITY OF RAY,REMOTE LOCATION,UNKNOWN,ND,58000,CWA,No,,
CITY OF RAY,REMOTE LOCATION,UNKNOWN,ND,58000,CWA,No,,
CITY OF RAY - STORMWATER CONSTRUCTION,"MAIN ST, COMFORD ST, & EAST ST",RAY,ND,58849,CWA,No,,
CITY OF REEDER,4TH STREET - REEDER,UNKNOWN,ND,58000,CWA,No,,
CITY OF REILE'S ACRES,REMOTE LOCATION,UNKNOWN,ND,58000,CWA,No,,
CITY OF REILES ACRES - STORMWATER CONSTRUCTION,4635 35TH AVE N,REILES ACRES,ND,58102,CWA,No,,
CITY OF RHAME,REMOTE LOCATION,UNKNOWN,ND,58000,CWA,No,,
"CITY OF RHAME, ND",109 MAIN ST.,UNKNOWN,ND,58000,CWA,No,,
CITY OF RICHARDTON,D STREET,UNKNOWN,ND,58000,CWA,No,,
CITY OF RICHARDTON,111 NORTH AVE WEST,UNKNOWN,ND,58000,CWA,No,08/01/2023,
CITY OF RIVERDALE,REMOTE LOCATION,UNKNOWN,ND,58000,CWA,No,,
CITY OF ROSS,REMOTE LOCATION,UNKNOWN,ND,58000,CWA,No,,
CITY OF RUGBY,REMOTE LOCATION,UNKNOWN,ND,58000,CWA,No,10/20/2022,
CITY OF SCRANTON,REMOTE LOCATION,UNKNOWN,ND,58000,CWA,No,,
CITY OF SCRANTON,REMOTE LOCATION,UNKNOWN,ND,58000,CWA,No,,
CITY OF SHERWOOD,REMOTE LOCATION,UNKNOWN,ND,58000,CWA,No,,
CITY OF SOUTH HEART,REMOTE LOCATION,UNKNOWN,ND,58000,CWA,No,,
CITY OF STANLEY,REMOTE LOCATION,UNKNOWN,ND,58000,CWA,No,,
CITY OF STANLEY,RESERVOIR ROAD,UNKNOWN,ND,58000,CWA,No,,
CITY OF STANLEY,INTERSECTION OF 81ST AVE NW AND RESERVOIR RD,UNKNOWN,ND,58000,CWA,No,,
CITY OF STANLEY,5TH ST. SE,UNKNOWN,ND,58000,CWA,No,,
CITY OF STANLEY,804 WESTVIEW LANE,UNKNOWN,ND,58000,CWA,No,,
CITY OF STANLEY,RESERVOIR RD FROM 3RD ST SE TO 81ST AVE NW,UNKNOWN,ND,58000,CWA,No,09/19/2023,
CITY OF STANLEY,5TH STREET,UNKNOWN,ND,58000,CWA,No,,
CITY OF STANLEY,REMOTE LOCATION,UNKNOWN,ND,58000,CWA,No,,
CITY OF STANLEY - CAPITAL IMPROVEMENT PLAN - PHASE,3RD AVE SE,STANLEY,ND,58784,CWA,No,,
CITY OF STANLEY ND,REMOTE LOCATION,UNKNOWN,ND,58000,CWA,No,09/19/2023,
CITY OF STANTON,REMOTE LOCATION,UNKNOWN,ND,58000,CWA,No,06/15/2021,
CITY OF STRASBURG,(UNKNOWN ADDRESS),(UNKNOWN CITY),ND,00000,CWA,No,02/22/2024,
CITY OF TAYLOR,REMOTE LOCATION,UNKNOWN,ND,58000,CWA,No,,
CITY OF TAYLOR,REMOTE LOCATION,UNKNOWN,ND,58000,CWA,No,05/20/2026,
CITY OF TIOGA,640 6TH ST. NE,UNKNOWN,ND,58000,CWA,No,,
CITY OF TIOGA,(UNKNOWN ADDRESS),(UNKNOWN CITY),ND,00000,CWA,No,,
CITY OF TIOGA,68TH ST. NW,UNKNOWN,ND,58000,CWA,No,08/18/2021,
CITY OF TIOGA,REMOTE LOCATION,UNKNOWN,ND,58000,CWA,No,08/18/2021,
CITY OF TIOGA,(UNKNOWN ADDRESS),(UNKNOWN CITY),ND,00000,CWA,No,,
CITY OF TIOGA,REMOTE LOCATION,UNKNOWN,ND,58000,CWA,No,12/14/2023,
"CITY OF TIOGA, ACKERMAN-ESTVOLD",SIGNAL RD BETWEEN LINDA ST & MAIN ST N,UNKNOWN,ND,58000,CWA,No,,
CITY OF TURTLE LAKE,REMOTE LOCATION,UNKNOWN,ND,58000,CWA,No,,
CITY OF TURTLE LAKE - SANITARY SEWER IMPROVEMENT DISTRICT NO. 2023-1,CITY OF TURTLE LAKE,TURTLE LAKE,ND,58575,CWA,No,,
CITY OF TURTLE LAKE - SANITARY SEWER IMPROVEMENT DISTRICT NO. 2024-1,KINDER AND CHARLES STREET,TURTLE LAKE,ND,58575,CWA,No,,
CITY OF UNDERWOOD,REMOTE LOCATION,UNKNOWN,ND,58000,CWA,No,06/19/2019,
CITY OF UNDERWOOD,519 BORCHARDT AVE,UNKNOWN,ND,58000,CWA,No,04/22/2025,
CITY OF UNDERWOOD,REMOTE LOCATION,UNKNOWN,ND,58000,CWA,No,,
CITY OF VALLEY CITY,REMOTE LOCATION,UNKNOWN,ND,58000,CWA,No,,
CITY OF VALLEY CITY,REMOTE LOCATION,UNKNOWN,ND,58000,CWA,No,,
CITY OF VALLEY CITY,REMOTE LOCATION,UNKNOWN,ND,58000,CWA,No,10/22/2021,
CITY OF VALLEY CITY,REMOTE LOCATION,UNKNOWN,ND,58000,CWA,No,10/22/2021,
CITY OF VALLEY CITY,REMOTE LOCATION,UNKNOWN,ND,58000,CWA,No,,
CITY OF VALLEY CITY,2ND AVE NE,UNKNOWN,ND,58000,CWA,No,,
CITY OF VALLEY CITY,REMOTE LOCATION,UNKNOWN,ND,58000,CWA,No,10/23/2025,
CITY OF VALLEY CITY,INTERSECTION OF 5TH AVE NW & 6TH STREET NW,UNKNOWN,ND,58000,CWA,No,,
CITY OF VALLEY CITY,REMOTE LOCATION,UNKNOWN,ND,58000,CWA,No,10/22/2021,
CITY OF VALLEY CITY,REMOTE LOCATION,UNKNOWN,ND,58000,CWA,No,10/22/2021,
CITY OF VALLEY CITY,3RD AVE. SE FROM 4TH ST. TO MAIN AVE.,UNKNOWN,ND,58000,CWA,No,,
CITY OF VALLEY CITY,2ND AVE NW/2ND ST NW TO 4TH ST NW,UNKNOWN,ND,58000,CWA,No,,
CITY OF VALLEY CITY,1900-2000 BLOCK 7TH ST SE & INTERSTATE 94,UNKNOWN,ND,58000,CWA,No,,
CITY OF VALLEY CITY,5TH AVE NW & MAIN ST,UNKNOWN,ND,58000,CWA,No,10/22/2021,
CITY OF VALLEY CITY,INTERSECTION OF 5TH AVE NW & 6TH STREET NW,UNKNOWN,ND,58000,CWA,No,07/21/2022,
CITY OF WAHPETON,ADJACENT TO: 11 7TH AVE N,UNKNOWN,ND,58000,CWA,No,,
CITY OF WAHPETON,REMOTE LOCATION,UNKNOWN,ND,58000,CWA,No,,
CITY OF WAHPETON,CHAHINKAPA PARK,UNKNOWN,ND,58000,CWA,No,06/07/2023,
CITY OF WAHPETON,INT. 2ND ST N & 3RD AVE N,UNKNOWN,ND,58000,CWA,No,06/07/2023,
CITY OF WAHPETON,18TH AVE N & 19TH ST,UNKNOWN,ND,58000,CWA,No,,
CITY OF WAHPETON,1344 RJ HUGHES DR,UNKNOWN,ND,58000,CWA,No,06/07/2023,
CITY OF WAHPETON,WHEATLAND RD FROM 16TH AVE N TO 11TH ST N,UNKNOWN,ND,58000,CWA,No,,
CITY OF WAHPETON,LOY AVE & 12TH ST N,UNKNOWN,ND,58000,CWA,No,06/07/2023,
CITY OF WAHPETON,REMOTE LOCATION,UNKNOWN,ND,58000,CWA,No,,
"CITY OF WAHPETON, ND",REMOTE LOCATION,UNKNOWN,ND,58000,CWA,No,,
CITY OF WAHPETON– 25086 - WEST CENTRAL STS CITY PROJECT NO. ST24-287,RICHLAND STREET,WAHPETON,ND,58075,CWA,No,,
CITY OF WALHALLA,(UNKNOWN ADDRESS),(UNKNOWN CITY),ND,00000,CWA,No,,
CITY OF WASHBURN,1110 KELLY DRIVE,UNKNOWN,ND,58000,CWA,No,11/24/2025,
CITY OF WASHBURN,MAIN AVE. & 11TH ST.,UNKNOWN,ND,58000,CWA,No,07/16/2021,
CITY OF WATFORD,REMOTE LOCATION,UNKNOWN,ND,58000,CWA,No,,
CITY OF WATFORD CITY,REMOTE LOCATION,UNKNOWN,ND,58000,CWA,No,,
CITY OF WATFORD CITY,REMOTE LOCATION,UNKNOWN,ND,58000,CWA,No,,
CITY OF WATFORD CITY,REMOTE LOCATION,UNKNOWN,ND,58000,CWA,No,,
CITY OF WATFORD CITY,REMOTE LOCATION,UNKNOWN,ND,58000,CWA,No,,
CITY OF WATFORD CITY,10TH STREET SW & PARK AVE W,UNKNOWN,ND,58000,CWA,No,,
CITY OF WATFORD CITY,1002 N MAIN STREET,UNKNOWN,ND,58000,CWA,No,,
CITY OF WATFORD CITY,318 10TH AVENUE NE,UNKNOWN,ND,58000,CWA,No,,
CITY OF WATFORD CITY,REMOTE LOCATION,UNKNOWN,ND,58000,CWA,No,,
CITY OF WATFORD CITY,REMOTE LOCATION,UNKNOWN,ND,58000,CWA,No,,
CITY OF WATFORD CITY,REMOTE LOCATION,UNKNOWN,ND,58000,CWA,No,,
CITY OF WATFORD CITY,6TH AVE SE WATFORD CITY,UNKNOWN,ND,58000,CWA,No,,
CITY OF WATFORD CITY,"47.812590, 103.225890",UNKNOWN,ND,58000,CWA,No,,
CITY OF WATFORD CITY,ND STATE HWY 23 AND LONG DRIVE,UNKNOWN,ND,58000,CWA,No,,
CITY OF WATFORD CITY,MAIN AVE & 4TH AVE NW,UNKNOWN,ND,58000,CWA,No,07/17/2015,
CITY OF WEST FARGO,REMOTE LOCATION,UNKNOWN,ND,58000,CWA,No,,
CITY OF WEST FARGO,REMOTE LOCATION,UNKNOWN,ND,58000,CWA,No,,
CITY OF WEST FARGO,4200 SHEYENNE ST. WEST FARGO,UNKNOWN,ND,58000,CWA,No,,
CITY OF WEST FARGO,32ND AVENUE WEST AND 6TH STREET WEST,UNKNOWN,ND,58000,CWA,No,,
CITY OF WEST FARGO,REMOTE LOCATION,UNKNOWN,ND,58000,CWA,No,,
CITY OF WEST FARGO,REMOTE LOCATION,UNKNOWN,ND,58000,CWA,No,,
CITY OF WEST FARGO,REMOTE LOCATION,UNKNOWN,ND,58000,CWA,No,,
CITY OF WEST FARGO,REMOTE LOCATION,UNKNOWN,ND,58000,CWA,No,,
CITY OF WEST FARGO,REMOTE LOCATION,UNKNOWN,ND,58000,CWA,No,,
CITY OF WEST FARGO,REMOTE LOCATION,UNKNOWN,ND,58000,CWA,No,,
CITY OF WEST FARGO,REMOTE LOCATION,UNKNOWN,ND,58000,CWA,No,,
CITY OF WEST FARGO,REMOTE LOCATION,UNKNOWN,ND,58000,CWA,No,,
CITY OF WEST FARGO,"21, 32 AND 40TH AVE W & HORACE DIVERSION",UNKNOWN,ND,58000,CWA,No,,
CITY OF WEST FARGO,500 13TH AVE W,UNKNOWN,ND,58000,CWA,No,,
CITY OF WEST FARGO,9TH STREET WEST AND 60TH AVENUE WEST,UNKNOWN,ND,58000,CWA,No,,
CITY OF WEST FARGO,3925 4TH ST E,UNKNOWN,ND,58000,CWA,No,,
CITY OF WEST FARGO,15TH ST W (MAIN TO 13TH AVE),UNKNOWN,ND,58000,CWA,No,,
CITY OF WEST FARGO,SHEYENNE STREET 7TH AVE TO MAIN AVENUE,UNKNOWN,ND,58000,CWA,No,,
CITY OF WEST FARGO,NW INTERSECTION OF SHEYENNE AND I-94,UNKNOWN,ND,58000,CWA,No,,
CITY OF WEST FARGO,1201 10TH AVENUE EAST,UNKNOWN,ND,58000,CWA,No,05/28/2025,
CITY OF WEST FARGO,REMOTE LOCATION,UNKNOWN,ND,58000,CWA,No,,
CITY OF WEST FARGO,REMOTE LOCATION,UNKNOWN,ND,58000,CWA,No,,
CITY OF WEST FARGO,REMOTE LOCATION,UNKNOWN,ND,58000,CWA,No,,
CITY OF WEST FARGO,4310 9TH STREET W,UNKNOWN,ND,58000,CWA,No,,
CITY OF WEST FARGO,7TH NE & 9TH ST NW,UNKNOWN,ND,58000,CWA,No,,
CITY OF WEST FARGO,2210 SHEYENNE ST,UNKNOWN,ND,58000,CWA,No,,
CITY OF WEST FARGO,14TH STREET WEST AND 28TH AVENUE WEST,UNKNOWN,ND,58000,CWA,No,,
CITY OF WEST FARGO,9TH STREET WEST AND 61ST AVE WEST,UNKNOWN,ND,58000,CWA,No,,
CITY OF WEST FARGO,600 9TH AVE NE,UNKNOWN,ND,58000,CWA,No,,
CITY OF WEST FARGO,"1055 32ND AVE W, WEST FARGO",UNKNOWN,ND,58000,CWA,No,,
CITY OF WEST FARGO,402 3RD AVE E,UNKNOWN,ND,58000,CWA,No,,
CITY OF WEST FARGO,655 7TH AVE NW,UNKNOWN,ND,58000,CWA,No,,
CITY OF WEST FARGO,REMOTE LOCATION,UNKNOWN,ND,58000,CWA,No,,
CITY OF WEST FARGO,REMOTE LOCATION,UNKNOWN,ND,58000,CWA,No,,
CITY OF WEST FARGO,REMOTE LOCATION,UNKNOWN,ND,58000,CWA,No,,
CITY OF WEST FARGO,REMOTE LOCATION,UNKNOWN,ND,58000,CWA,No,,
CITY OF WEST FARGO,REMOTE LOCATION,UNKNOWN,ND,58000,CWA,No,,
CITY OF WEST FARGO,REMOTE LOCATION,UNKNOWN,ND,58000,CWA,No,,
CITY OF WEST FARGO,19TH AVE N AND 57TH ST N,UNKNOWN,ND,58000,CWA,No,,
CITY OF WEST FARGO,REMOTE LOCATION,UNKNOWN,ND,58000,CWA,No,,
CITY OF WEST FARGO,REMOTE LOCATION,UNKNOWN,ND,58000,CWA,No,,
CITY OF WEST FARGO,REMOTE LOCATION,UNKNOWN,ND,58000,CWA,No,,
CITY OF WEST FARGO,REMOTE LOCATION,UNKNOWN,ND,58000,CWA,No,,
CITY OF WEST FARGO,REMOTE LOCATION,UNKNOWN,ND,58000,CWA,No,,
CITY OF WEST FARGO,REMOTE LOCATION,UNKNOWN,ND,58000,CWA,No,,
CITY OF WEST FARGO,REMOTE LOCATION,UNKNOWN,ND,58000,CWA,No,,
CITY OF WEST FARGO,REMOTE LOCATION,UNKNOWN,ND,58000,CWA,No,,
CITY OF WEST FARGO,REMOTE LOCATION,UNKNOWN,ND,58000,CWA,No,,
CITY OF WEST FARGO,REMOTE LOCATION,UNKNOWN,ND,58000,CWA,No,06/13/2019,
CITY OF WEST FARGO,REMOTE LOCATION,UNKNOWN,ND,58000,CWA,No,,
CITY OF WEST FARGO - SANDHILLS 6TH ADDITION,26TH STREET NW AND 3RD AVENUE NW,WEST FARGO,ND,58078,CWA,No,,
CITY OF WEST FARGO - STORMWATER CONSTRUCTION,26TH ST NW AND 3RD AVE NW,WEST FARGO,ND,58078,CWA,No,,
CITY OF WEST FARGO - STORMWATER CONSTRUCTION,500 7TH AVE W,WEST,ND,58078,CWA,No,,
CITY OF WEST FARGO - STORMWATER CONSTRUCTION,23RD AVE E / RUSTAD LANE,WEST FARGO,ND,58078,CWA,No,,
CITY OF WEST FARGO - WEST FARGO SALT SHED CONSTRUCTION,810 12TH AVE NW,WEST FARGO,ND,58078,CWA,No,,
CITY OF WEST FARGO IMPR #3008 MEADOW RIDGE RECONSTRUCTION PHASE 1,5TH AVE EAST & 12TH ST EAST,WEST FARGO,ND,58368,CWA,No,,
"CITY OF WEST FARGO, ND","ALBERT COURT WEST AND THE HORACE DIVERSION, NEAR 5",UNKNOWN,ND,58000,CWA,No,,
CITY OF WESTHOPE,6TH STREET EAST,UNKNOWN,ND,58000,CWA,No,,
"CITY OF WESTHOPE, ND",REMOTE LOCATION,UNKNOWN,ND,58000,CWA,No,,
CITY OF WILDROSE,REMOTE LOCATION,UNKNOWN,ND,58000,CWA,No,,
CITY OF WILLISTON,REMOTE LOCATION,UNKNOWN,ND,58000,CWA,No,08/19/2021,
CITY OF WILLISTON,"566 58TH ST. NW, WILLISTON, ND",UNKNOWN,ND,58000,CWA,No,07/31/2018,
CITY OF WILLISTON,NEAR 4TH AVE E AND HILL CT,UNKNOWN,ND,58000,CWA,No,,
CITY OF WILLISTON,26TH ST W AND 9TH AVE W,UNKNOWN,ND,58000,CWA,No,,
CITY OF WILLISTON,14127 JENSEN LN,UNKNOWN,ND,58000,CWA,No,08/19/2021,
CITY OF WILLISTON,CTY RD 7 FROM THE BYPASS TO NEW AIRPORT,UNKNOWN,ND,58000,CWA,No,,
CITY OF WILLISTON,5812 141ST AVE,UNKNOWN,ND,58000,CWA,No,08/19/2021,
CITY OF WILLISTON,3400 FRONTAGE ROAD W,UNKNOWN,ND,58000,CWA,No,,
CITY OF WILLISTON,EAST DAKOTA PARKWAY,UNKNOWN,ND,58000,CWA,No,07/31/2018,
CITY OF WILLISTON,4TH AVE W & 9TH STREET W,UNKNOWN,ND,58000,CWA,No,07/11/2018,
CITY OF WILLISTON,INT. OF 44TH AVE W/26TH ST W,UNKNOWN,ND,58000,CWA,No,06/21/2016,
CITY OF WILLISTON,14127 JENSEN LANE - RUNWAY 4-22,UNKNOWN,ND,58000,CWA,No,,
CITY OF WILLISTON,14127 58TH STREET NORTHWEST,UNKNOWN,ND,58000,CWA,No,05/20/2019,
CITY OF WILLISTON,14127 58TH STREET NORTHWEST,UNKNOWN,ND,58000,CWA,No,05/20/2019,
CITY OF WILLISTON,2.6 MILES NORTH OF BYPASS ON CTY RD 7,UNKNOWN,ND,58000,CWA,No,05/20/2019,
CITY OF WILLISTON,REMOTE LOCATION,UNKNOWN,ND,58000,CWA,No,,
CITY OF WILLISTON,REMOTE LOCATION,UNKNOWN,ND,58000,CWA,No,07/20/2016,
CITY OF WILLISTON,REMOTE LOCATION,UNKNOWN,ND,58000,CWA,No,08/19/2021,
CITY OF WILLISTON,REMOTE LOCATION,UNKNOWN,ND,58000,CWA,No,,
CITY OF WILLISTON,REMOTE LOCATION,UNKNOWN,ND,58000,CWA,No,08/19/2021,
CITY OF WILLISTON,401 AIRPORT RD,UNKNOWN,ND,58000,CWA,No,,
CITY OF WILLISTON,COUNTY ROAD 7,UNKNOWN,ND,58000,CWA,No,08/19/2021,
CITY OF WILLISTON,"5176 134TH AVE NW, WILLISTON, ND",UNKNOWN,ND,58000,CWA,No,07/31/2018,
CITY OF WILLISTON,2.6 MILES NORTH OF BYPASS ON CTY RD 7,UNKNOWN,ND,58000,CWA,No,05/20/2019,
CITY OF WILLISTON,"14127 JENSEN LN, WILLISTON, ND 58801",UNKNOWN,ND,58000,CWA,No,,
CITY OF WILLISTON,32ND AVE W,UNKNOWN,ND,58000,CWA,No,,
CITY OF WILLISTON,34TH ST.,UNKNOWN,ND,58000,CWA,No,08/19/2021,
CITY OF WILLISTON,ON 18TH STREET FROM INT OF 18TH ST & DAVIDSON R,UNKNOWN,ND,58000,CWA,No,08/19/2021,
CITY OF WILLISTON,"WILLISTON AIRPORT, 10 MILES NW OF WILLISTON",UNKNOWN,ND,58000,CWA,No,08/19/2021,
CITY OF WILLISTON,3300 37TH ST WEST,UNKNOWN,ND,58000,CWA,No,07/31/2018,
CITY OF WILLISTON,"3RD AVE W, FROM W BROADWAY TO 7TH ST W.",UNKNOWN,ND,58000,CWA,No,,
CITY OF WILLISTON,2900 UNIVERSITY AVE,UNKNOWN,ND,58000,CWA,No,,
CITY OF WILLISTON,566 58TH ST NW,UNKNOWN,ND,58000,CWA,No,,
CITY OF WILLISTON,REMOTE LOCATION,UNKNOWN,ND,58000,CWA,No,,
CITY OF WILLISTON,REMOTE LOCATION,UNKNOWN,ND,58000,CWA,No,,
CITY OF WILLISTON,REMOTE LOCATION,UNKNOWN,ND,58000,CWA,No,,
CITY OF WILLISTON,2ND AVE W AND 58TH ST E,UNKNOWN,ND,58000,CWA,No,07/20/2016,
CITY OF WILLISTON,5056 141ST AVE NW,UNKNOWN,ND,58000,CWA,No,05/20/2019,
CITY OF WILLISTON,US HWY 85B AND LANDFILL RD,UNKNOWN,ND,58000,CWA,No,,
CITY OF WILLISTON,REMOTE LOCATION,UNKNOWN,ND,58000,CWA,No,,
CITY OF WILLISTON,REMOTE LOCATION,UNKNOWN,ND,58000,CWA,No,,
CITY OF WILLISTON,REMOTE LOCATION,UNKNOWN,ND,58000,CWA,No,,
CITY OF WILLISTON,REMOTE LOCATION,UNKNOWN,ND,58000,CWA,No,05/20/2019,
CITY OF WILLISTON,REMOTE LOCATION,UNKNOWN,ND,58000,CWA,No,05/20/2019,
CITY OF WILLISTON,REMOTE LOCATION,UNKNOWN,ND,58000,CWA,No,,
CITY OF WILLISTON,REMOTE LOCATION,UNKNOWN,ND,58000,CWA,No,,
CITY OF WILLISTON,REMOTE LOCATION,UNKNOWN,ND,58000,CWA,No,,
CITY OF WILLISTON,REMOTE LOCATION,UNKNOWN,ND,58000,CWA,No,,
CITY OF WILLISTON,REMOTE LOCATION,UNKNOWN,ND,58000,CWA,No,07/11/2018,
CITY OF WILLISTON,REMOTE LOCATION,UNKNOWN,ND,58000,CWA,No,,
CITY OF WILLISTON,REMOTE LOCATION,UNKNOWN,ND,58000,CWA,No,,
CITY OF WILLISTON,4TH AVE E WILLISTON FROM 42ND ST TO 38TH ST,UNKNOWN,ND,58000,CWA,No,,
CITY OF WILLISTON - 13TH AVE WEST ROADWAY IMPROVEMENTS,22 E BROADWAY,WILLISTON,ND,58802,CWA,No,,
CITY OF WILLISTON - 25027 – 25-001 13TH AVE WEST,HWY 2,WILLISTON,ND,58808,CWA,No,,
CITY OF WILLISTON - COW LANDFILL CELL 6 EXPANSION MASS GRADING,5176 134TH AVE NW,WILLISTON,ND,58801,CWA,No,,
CITY OF WILLISTON - JAMES DRIVE IMPROVEMENTS,ALONG JAMES DRIVE - 141ST AVE TO HWY 85,WILLISTON,ND,58802,CWA,No,,
CITY OF WILLISTON –  25028 – 25-003 DETENTION POND NO.6A & 6B,HWY 2,WILLISTON,ND,58808,CWA,No,,
"CITY OF WILLISTON, ND",INTERSECTION OF 58TH ST. NW AND 141 AVE. NW,UNKNOWN,ND,58000,CWA,No,05/20/2019,
"CITY OF WILLISTON, ND",REMOTE LOCATION,UNKNOWN,ND,58000,CWA,No,05/20/2019,
"CITY OF WILLISTON, WILLISTON, ND",5176 134TH AVE NW,UNKNOWN,ND,58000,CWA,No,,
CITY OF WILTON,(UNKNOWN ADDRESS),(UNKNOWN CITY),ND,00000,CWA,No,05/15/2023,
CITY OF WILTON,(UNKNOWN ADDRESS),(UNKNOWN CITY),ND,00000,CWA,No,,
CITY OF WING,(UNKNOWN ADDRESS),(UNKNOWN CITY),ND,00000,CWA,No,11/24/2025,
CITY OF WYNDMERE,FIRST STREET & FIR AVE,UNKNOWN,ND,58000,CWA,No,06/07/2023,
CITY OF WYNDMERE,1ST ST & CEDAR AVE,UNKNOWN,ND,58000,CWA,No,06/07/2023,
CITYSCAPES DEVELOPMENT (WEST),"2515 6TH ST. E,",UNKNOWN,ND,58000,CWA,No,06/13/2019,
CIVEO REGIONAL WWTP,304 106TH AVE. SW,KILLDEER,ND,58640,CWA,No,06/12/2024,
CLEVELAND CITY OF,414 5TH AVE N,CLEVELAND,ND,58424,CWA,No,06/12/2023,221320
CLIFFORD CITY OF,CO HW 16 AND GARFIELD AVE,CLIFFORD,ND,58016,CWA,No,06/26/2025,221320
CLIFFORD FARMERS ELEVATOR,COUNTY ROAD 1,UNKNOWN,ND,58000,CWA,No,,
CMC PROPERTIES,REMOTE LOCATION,UNKNOWN,ND,58000,CWA,No,,
CNH FARGO - COMPONENTS PLANT,1330 43RD ST N,FARGO,ND,58102,CWA,No,,333111
CNH INDUSTRIAL AMERICA,3401 1ST AVENUE N.,FARGO,ND,58102,CWA,No,09/13/2016,
CODY BUSKOHL,7585 HWY 18,UNKNOWN,ND,58000,CWA,No,,
COGSWELL CITY OF,304 4TH AVE,COGSWELL,ND,58017,CWA,No,08/19/2020,221320
COLBY CAPITAL REAL ESTATE DEVELOPMENT,REMOTE LOCATION,UNKNOWN,ND,58000,CWA,No,,
COLBY CAPITAL REAL ESTATE DEVELOPMENT,REMOTE LOCATION,UNKNOWN,ND,58000,CWA,No,,
COLBY CAPITAL REAL ESTATE DEVELOPMENT,NE CORNER OF HWY 83 & WHITMAN AVE,UNKNOWN,ND,58000,CWA,No,05/15/2023,
COLBY CAPITAL REAL ESTATE DEVELOPMENT,6470 COUNTY ROAD 139,UNKNOWN,ND,58000,CWA,No,04/17/2024,
COLBY CAPITAL REAL ESTATE DEVELOPMENT,NE CORNER OF I-94 BUSINESS LOOP & 23RD AVE,UNKNOWN,ND,58000,CWA,No,04/01/2022,
COLBY CAPITAL REAL ESTATE DEVELOPMENT,500' E. OF SE CRNR OF CRESCENT & HWY15,UNKNOWN,ND,58000,CWA,No,08/08/2023,
COLBY CAPITAL REAL ESTATE DEVELOPMENT,NE CORNER OF 50TH STREET NW & CHANDLER LOOP,UNKNOWN,ND,58000,CWA,No,08/18/2021,
COLBY CAPITAL REAL ESTATE DEVELOPMENT,15504 ND-18,UNKNOWN,ND,58000,CWA,No,06/07/2023,
COLE HOKANA,REMOTE LOCATION,UNKNOWN,ND,58000,CWA,No,,
COLEHARBOR CITY OF,203 2ND AVE. NW,COLEHARBOR,ND,58531,CWA,Yes,,221320
COLFAX CITY OF,209 BROADWAY ST S,COLFAX,ND,58018,CWA,No,09/09/2024,221320
COLFAX ELEVATOR,REMOTE LOCATION,UNKNOWN,ND,58000,CWA,No,,
COLLEGE DRIVE AND EAGLE DRIVE EXTENSIONS,UNKNOWN,NEW TOWN,ND,58763,CWA,No,,
COLLINS AEROSPACE,2604 ND HWY 20 N,UNKNOWN,ND,58000,CWA,No,,
COLONY BY BELCASTLE,(UNKNOWN ADDRESS),(UNKNOWN CITY),ND,00000,CWA,No,05/27/2020,
COLUMBUS CITY OF,104 3RD ST E,COLUMBUS,ND,58727,CWA,Yes,07/10/2024,221320
COMDEL INNOVATION,2100 15TH ST NORTH,WAHPETON,ND,58075,CWA,No,06/07/2023,
COMDEL INNOVATION,2100 15TH ST NORTH,WAHPETON,ND,58075,CWA,No,06/07/2023,
COMMONSPIRIT MEDICAL OUTPATIEN BUILDING - WILLISTON,1301 15TH AVE W,WILLISTON,ND,58801,CWA,No,,
COMMUNITY CONTRACTORS,"710 1ST AVE N, GRAND FORKS",UNKNOWN,ND,58000,CWA,No,10/27/2022,
CONOCO PHILLIPS,REMOTE LOCATION,UNKNOWN,ND,58000,CWA,No,,
CONOCOPHILLIPS,(UNKNOWN ADDRESS),(UNKNOWN CITY),ND,00000,CWA,No,,
CONOCOPHILLPS,(UNKNOWN ADDRESS),(UNKNOWN CITY),ND,00000,CWA,No,,
CONSTRUCT THE LINE OF COMMUNICATION BRIDGE TRAINING AREA:,(UNKNOWN ADDRESS),(UNKNOWN CITY),ND,00000,CWA,No,07/08/2025,
CONSTRUCTION ENGINEERS,REMOTE LOCATION,UNKNOWN,ND,58000,CWA,No,,
CONSTRUCTION OF MANDAREE WATER MAIN REPLACEMENT FOR THE MANDAREE COMMUNITY,3RD AND 2ND AVE SW,MANDAREE,ND,58757,CWA,No,,
CONSTRUCTION OF PORCUPINE LAGOON SYSTEM FOR EXISTING SITES,35TH AVE,PORCUPINE,ND,58568,CWA,No,,
CONSTRUCTION OF STANDING ROCK SEWER MAIN REPLACEMENTS,1ST AVE,CANNONBALL,ND,58528,CWA,No,,
CONTINENTAL RESOURCES,13830 W FRONT ST WILLISTON,UNKNOWN,ND,58000,CWA,No,,
CONTINENTAL RESOURCES - STORMWATER CONSTRUCTION,PO BOX 746,KILLDEER,ND,58640,CWA,No,,
CONTRACT 2-5 DEMOLISH AND RECLAIM WATER TREATMENT PLANT,NORTH STREET,FORT YATES,ND,58538,CWA,No,,
COOK PROPERTY,35TH AVE E,DICKINSON,ND,58601,CWA,No,,
COOPERSTOWN CITY OF,611 9TH ST NE,COOPERSTOWN,ND,58425,CWA,No,07/10/2024,221320
COOPERSTOWN MEDICAL CENTER,REMOTE LOCATION,UNKNOWN,ND,58000,CWA,No,08/04/2021,
COOPERSTOWN MUNICIPAL AIRPORT,114TH AVE. NE,COOPERSTOWN,ND,58425,CWA,No,,
COPART OF CONNECTICUT,3700 APPLE CREEK RD,UNKNOWN,ND,58000,CWA,No,05/19/2020,
COPPER RIDGE BUILDERS,4100 MINNESOTA DR,UNKNOWN,ND,58000,CWA,No,,
COREY HUGELEN,REMOTE LOCATION,UNKNOWN,ND,58000,CWA,No,,
COREY HUGELEN,12302 4TH ST NW,GRASSY BUTTE,ND,58634,CWA,No,,
CORNERSTONE BANK,3095 15TH ST W,UNKNOWN,ND,58000,CWA,No,,
CORNERSTONE BANK,(UNKNOWN ADDRESS),(UNKNOWN CITY),ND,00000,CWA,No,,
CORNERSTONE DENTAL,3030 49TH STREET SOUTH,UNKNOWN,ND,58000,CWA,No,06/12/2019,
CORPS OF ENGINEERS OMAHA DIST.,REMOTE LOCATION,UNKNOWN,ND,58000,CWA,No,,
CORRAL CREEK SWD FACILITY,828 HIGHWAY 22 NORTH,KILLDEER,ND,58640,CWA,No,,
"CORSON & DEWEY COUNTIES, P 0065(17)164, PCN 04ER, SD HWY 65; SRST & RST",SD HWY 65 FROM MRM 214 TO 193,ISABEL,SD,57633,CWA,No,,
COTTAGEWOOD TOWNHOMES,"51 ST AVENUE SOUTH - FARGO, ND - NORTH OF ESSENTIA",UNKNOWN,ND,58000,CWA,No,06/13/2018,
COUNT 20 STORAGE,(UNKNOWN ADDRESS),(UNKNOWN CITY),ND,00000,CWA,No,,
COUNTRY CLUB COOP,1404 E THAYER AVE,BISMARCK,ND,58501,CWA,No,05/15/2024,221320
COUNTRY READY MIX,8144 34TH STREET SE,UNKNOWN,ND,58000,CWA,No,08/20/2024,
COUNTRY SIDE DEVELOPMENT,REMOTE LOCATION,UNKNOWN,ND,58000,CWA,No,,
COUNTRY SIDE ESTATES DIRTWORK AND BUILDING CONSTRUCTION,(UNKNOWN ADDRESS),(UNKNOWN CITY),ND,00000,CWA,No,05/06/2026,
COUNTRYWIDE SANITATION,4280 16TH AVE N,UNKNOWN,ND,58000,CWA,No,06/30/2022,
COUNTRYWIDE WASTE MANAGEMENT,4174 N 69TH ST,GRAND FORKS,ND,58203,CWA,No,,562212
COUNTY 20 STORAGE,REMOTE LOCATION,UNKNOWN,ND,58000,CWA,No,06/14/2016,
COUNTY ROAD 23 NDDOT,4TH AVENUE NE TO SE BYPASS,WATFORD,ND,58854,CWA,No,07/15/2015,
COUNTY ROAD 42 ROAD WIDENING & BRIDGE REPAIR,REMOTE LOCATION,UNKNOWN,ND,58000,CWA,No,,
COURTENAY CITY OF,117 1ST AVE N,COURTENAY,ND,58426,CWA,No,08/07/2024,221320
COVE AT LAKEWOOD,21ST STREET SE,MANDAN,ND,58554,CWA,No,,
COVIA FLAT STORAGE FACILITY,3889 88TH AVE. NW,NEW TOWN,ND,58763,CWA,No,,
CP-0001(026) - RICHLAND CR-1 RECONSTRUCT,418 2ND AVE N,WAHPETON,ND,58075,CWA,No,,
CP-13(22)03,9780 5TH ST SW,DUNN CENTER,ND,58626,CWA,No,,
CP-2800(023),(UNKNOWN ADDRESS),(UNKNOWN CITY),ND,00000,CWA,No,10/15/2024,
CPKC - CPKC BORDULAC DERAILMENT,(UNKNOWN ADDRESS),(UNKNOWN CITY),ND,00000,CWA,No,,
CPKC ENDERLIN DERAILMENT,6408 WEST OLD SHAKOPEEE ROAD,BLOOMINGTON,ND,55438,CWA,No,,
CR EXCAVATING,SHEYENNE VALLEY E,VALLEY CITY,ND,58072,CWA,No,,
CRARY CITY OF,EASTERN AVE S,CRARY,ND,58327,CWA,No,09/28/2020,221320
CRARY DEVELOPMENT,REMOTE LOCATION,UNKNOWN,ND,58000,CWA,No,10/27/2022,
CRARY DEVELOPMENT,REMOTE LOCATION,UNKNOWN,ND,58000,CWA,No,,
CRARY DEVELOPMENT,REMOTE LOCATION,UNKNOWN,ND,58000,CWA,No,,
CRARY DEVELOPMENT,REMOTE LOCATION,UNKNOWN,ND,58000,CWA,No,10/27/2022,
CRARY DEVELOPMENT,REMOTE LOCATION,UNKNOWN,ND,58000,CWA,No,,
CRARY DEVELOPMENT,REMOTE LOCATION,UNKNOWN,ND,58000,CWA,No,,
CRARY DEVELOPMENT,REMOTE LOCATION,UNKNOWN,ND,58000,CWA,No,10/27/2022,
CRARY DEVELOPMENT - STORMWATER CONSTRUCTION,(UNKNOWN ADDRESS),(UNKNOWN CITY),ND,00000,CWA,No,07/15/2025,
CRARY PARK - STORMWATER CONSTRUCTION,1450 69TH AVE S,GRAND FORKS,ND,58201,CWA,No,07/17/2025,
CRARY'S 8TH RESUBDIVISION,380 CROMWELL DRIVE,GRAND FORKS,ND,58201,CWA,No,07/17/2025,
CREATIVE ENERGY - SOOPER STOP CONVENIENCE STORE,811 13TH ST NE,JAMESTOWN,ND,58401,CWA,No,04/30/2025,
CREEDENCE ENERGY SERVICES - DICKINSON,4438 SIMS STREET,DICKINSON,ND,58601,CWA,No,04/16/2025,
CREEDENCE ENERGY SERVICES - MINOT,925 72ND AVENUE NORTHEAST,MINOT,ND,58701,CWA,No,04/15/2025,
CREEDENCE ENERGY SERVICES - WILLISTON (NORTH),6427 16TH AVENUE WEST,WILLISTON,ND,58801,CWA,No,04/15/2025,
CREEDENCE ENERGY SERVICES - WILLISTON (SOUTH),5930 16TH AVENUE WEST,WILLISTON,ND,58801,CWA,No,04/15/2025,
CRESTWOOD (PRV. ARROW PIPELINE)- STATION #7,"47.73, -102.6756",MANDAREE,ND,58757,CWA,No,,
CRESTWOOD - WINDOM TIE IN,"SW1/4 OF SECTION 36, T148N R94W",DUNN COUNTY NEAR MANDAREE,ND,58757,CWA,No,08/24/2017,
CRESTWOOD MOCCASIN CREEK 8-26 WELL PAD,"TOWNSHIP 148, RANGE 93 SECTION 26 QUARTER NE SE",MANDAREE SEGMENT,ND,58757,CWA,No,,
CRESTWOOD PIPELINE,BIA 14,MANDAREE,ND,58757,CWA,No,07/22/2015,
CRESTWOOD TWO SHIELDS BUTTE 9-8-7 PRODUCED WATER SPILL,BIA-10 SKUNK CREEK BAY,MANDAREE,ND,58757,CWA,No,,
CROSBY CITY OF,109 W CENTRAL AVE,CROSBY,ND,58730,CWA,No,07/11/2024,221320
CROSBY MUNICIPAL AIRPORT AUTHORITY,REMOTE LOCATION,UNKNOWN,ND,58000,CWA,No,,
CROSBY MUNICIPAL AIRPORT AUTHORITY,11825 104TH ST NW,UNKNOWN,ND,58000,CWA,No,,
CROSBY WTP,109 W CENTRAL AVE,CROSBY,ND,58730,CWA,No,08/07/2012,
CROW RIVER CONSTRUCTION,REMOTE LOCATION,UNKNOWN,ND,58000,CWA,Yes,,
CROW RIVER CONSTRUCTION,135TH AVE NW,UNKNOWN,ND,58000,CWA,No,,
CROWN BUTTE COOP,2816 37 ST NW,MANDAN,ND,58554,CWA,No,05/18/2023,221320
CROWN BUTTE HOUSING COOPERATIV,307 CROWN BUTTE DRIVE,MANDAN,ND,58554,CWA,No,,
CROWN POINT PROPERTIES LLLP,2620 41ST ST S,UNKNOWN,ND,58000,CWA,No,,
"CROWNPOINTE PROPERTIES, LLLP",4234 31ST AVE S,UNKNOWN,ND,58000,CWA,No,,
CRUDE OIL TRANSLOAD FACILITY,3889 88TH AVE NW,NEW TOWN,ND,58763,CWA,No,08/24/2017,
CRWD - RESERVOIR D SUPPLY PIPELINE PROJECT,CASS COUNTY ROAD 14 & 81ST ST S,HORACE,ND,58102,CWA,No,,
CRYSTAL CITY OF,336 3RD ST,CRYSTAL,ND,58222,CWA,No,06/18/2024,221320
CRYSTAL SPRINGS TOWNSHIP,REMOTE LOCATION,UNKNOWN,ND,58000,CWA,No,10/15/2024,
"CUB CREEK 2ND ADDITION - 8315 62ND ST S, HORACE",(UNKNOWN ADDRESS),(UNKNOWN CITY),ND,00000,CWA,No,,
CURT MEYER BORROW-STAGING AREA,67TH AVE NW - 56TH ST NW,BLAISDELL,ND,58718,CWA,No,,
CURTIS MEIDINGER FARM,UNKNOWN,UNKNOWN,ND,00000,CWA,No,05/17/2012,
CWND BISMARCK LLLP,"1100 E BOULEVARD AVE., BISMARCK",UNKNOWN,ND,58000,CWA,No,,
"CWND MSAUW, LLLP",(UNKNOWN ADDRESS),(UNKNOWN CITY),ND,00000,CWA,No,,
D&D ZIEGLER CONSTRUCTION,REMOTE LOCATION,UNKNOWN,ND,58000,CWA,No,11/26/2013,
DABBERT CUSTOM HOMES,(UNKNOWN ADDRESS),(UNKNOWN CITY),ND,00000,CWA,No,05/18/2022,
DABBERT CUSTOM HOMES,4266 32ND AVE S,UNKNOWN,ND,58000,CWA,No,,
DABBERT CUSTOM HOMES,REMOTE LOCATION,UNKNOWN,ND,58000,CWA,No,,
DABBERT CUSTOM HOMES,REMOTE LOCATION,UNKNOWN,ND,58000,CWA,No,,
DABBERT CUSTOM HOMES,REMOTE LOCATION,UNKNOWN,ND,58000,CWA,No,,
DABBERT CUSTOM HOMES,REMOTE LOCATION,UNKNOWN,ND,58000,CWA,No,,
DABBERT CUSTOM HOMES,REMOTE LOCATION,UNKNOWN,ND,58000,CWA,No,,
DABBERT CUSTOM HOMES,(UNKNOWN ADDRESS),(UNKNOWN CITY),ND,00000,CWA,No,,
DABBERT CUSTOM HOMES,(UNKNOWN ADDRESS),(UNKNOWN CITY),ND,00000,CWA,No,,
DABBERT CUSTOM HOMES,REMOTE LOCATION,UNKNOWN,ND,58000,CWA,No,,
DABBERT CUSTOM HOMES,(UNKNOWN ADDRESS),(UNKNOWN CITY),ND,00000,CWA,No,,
DABBERT CUSTOM HOMES,(UNKNOWN ADDRESS),(UNKNOWN CITY),ND,00000,CWA,No,,
DACOTAH BANK,REMOTE LOCATION,UNKNOWN,ND,58000,CWA,No,,
DACOTAH PAPER,"3940 15TH AVE N, FARGO, ND, 58102, USA",UNKNOWN,ND,58000,CWA,No,,
DAISY DEAN FEEDLOT CONSTRUCTION,(UNKNOWN ADDRESS),(UNKNOWN CITY),ND,00000,CWA,No,06/21/2021,
DAKOTA ACCESS,6083 103RD AVENUE NORTHWEST,UNKNOWN,ND,58000,CWA,No,,
DAKOTA ACRES APARTMENTS,815 COLLEGE DRIVE,NEW TOWN,ND,58763,CWA,No,08/21/2017,
DAKOTA ADVENTIST ACADEMY,15905 SHEYENNE CIR,BISMARCK,ND,58503,CWA,No,05/23/2024,
DAKOTA BLUFFS LANDFILL,14108 34TH ST. NW,BISMARCK,ND,58503,CWA,No,08/14/2023,
DAKOTA BOYS & GIRLS RANCH,1227 N 35TH ST,UNKNOWN,ND,58000,CWA,No,,
DAKOTA BOYS AND GIRLS RANCH,7045 15TH STREET SOUTH,UNKNOWN,ND,58000,CWA,No,,
DAKOTA CARRIER NETWORK,"4202 COLEMAN ST., BISMARCK",UNKNOWN,ND,58000,CWA,No,09/09/2020,
DAKOTA CARRIER NETWORK,3901 GREAT PLAINS DR,UNKNOWN,ND,58000,CWA,No,,
DAKOTA CARRIER NETWORK,"4202 COLEMAN ST, BISMARCK",UNKNOWN,ND,58000,CWA,No,,
DAKOTA COLLEGE AT BOTTINEAU - OLD MAIN,105 SIMRALL BLVD,UNKNOWN,ND,58000,CWA,No,,
DAKOTA COLLEGE AT BOTTINEAU ADDITION,105 SIMRALL BLVD,UNKNOWN,ND,58000,CWA,No,06/21/2021,
DAKOTA COMMERCIAL & DEVELOPMENT,REMOTE LOCATION,UNKNOWN,ND,58000,CWA,No,10/15/2018,
DAKOTA DEVELOPMENTS CONSTRUCTION,60 & 61 AVE AND 14TH ST S FARGO,UNKNOWN,ND,58000,CWA,No,,
DAKOTA DEVELOPMENTS CONSTRUCTION,REMOTE LOCATION,UNKNOWN,ND,58000,CWA,No,,
DAKOTA EYE INSTITUTE,3119 NORTH 14TH STREET,UNKNOWN,ND,58000,CWA,No,,
DAKOTA FENCE/3D SPECIALITIES,2351 8TH AVE NW,UNKNOWN,ND,58000,CWA,No,,
DAKOTA FENCE/3D SPECIALTIES,3336 52ND AVENUE NORTH,UNKNOWN,ND,58000,CWA,No,,
DAKOTA INFRASTRUCTURE,REMOTE LOCATION,UNKNOWN,ND,58000,CWA,No,,
DAKOTA INFRASTRUCTURE,REMOTE LOCATION,UNKNOWN,ND,58000,CWA,No,,
DAKOTA LEGACY GROUP,4500 36TH AVE S,UNKNOWN,ND,58000,CWA,No,06/12/2019,
DAKOTA MAGIC CASINO,16849 102ND STREET S.E.,HANKINSON,ND,58041,CWA,No,05/09/2007,721120
DAKOTA MAGIC CASINO - PCL CONSTRUCTION,16849 102ND ST. SE,HANKINSON,ND,58041,CWA,No,09/14/2017,
DAKOTA MAGIC CASINO HOTEL WASTEWATER TREATMENT FACILITY,16849 102ND STREET,HANKINSON,ND,58041,CWA,Yes,09/11/2024,713910 721120 221320
DAKOTA MIDLAND GRAIN,1200 153RD ST NE,NORWICH,ND,58786,CWA,No,,
DAKOTA MIDLAND GRAIN,1200 153RD ST NE,UNKNOWN,ND,58000,CWA,No,,
DAKOTA MISSOURI VALLEY & WESTERN RR-BISMARCK,3501 EAST ROSSER AVE.,BISMARCK,ND,58501,CWA,No,,482111
DAKOTA MISSOURI VALLEY & WESTERN RR-CROSBY,111 4TH ST SE,CROSBY,ND,58730,CWA,No,,482111
DAKOTA MISSOURI VALLEY & WESTERN RR-OAKES,601 S 6TH ST.,OAKES,ND,58474,CWA,No,,482111
DAKOTA MISSOURI VALLEY & WESTERN RR-WISHEK,222 2ND AVE N,WISHEK,ND,58495,CWA,No,,482111
DAKOTA NORTHERN RAILROAD-MV COLLETTE RAILROAD SIDING,7036 US-81,GRAFTON,ND,58237,CWA,No,,482112
DAKOTA PIONEER LAND,REMOTE LOCATION,UNKNOWN,ND,58000,CWA,No,,
DAKOTA PLAINS BISON RANCH_CAF1,SPIRIT LAKE CAFO 1,ST MICHAEL,ND,58370,CWA,No,10/05/2004,
DAKOTA PRAIRIE SCHOOL DISTRICT #1,"518 4TH AVE., PETERSBURG, ND",UNKNOWN,ND,58000,CWA,No,,
DAKOTA SPECIALTY MILLING,3301 12TH AVE. N,FARGO,ND,58102,CWA,No,07/20/2020,
DAKOTA SPIRIT AGENERGY,3361 93RD AVENUE SE,SPIRITWOOD,ND,58481,CWA,No,,
DAKOTA SPIRIT AGENERGY - HARVESTONE CARBON CAPTURE,3361 93RD AVE SE,SPIRITWOOD,ND,58481,CWA,No,,
DAKOTA SUPPLY GROUP,1400 NORTHERN PLAINS DRIVE,UNKNOWN,ND,58000,CWA,No,11/18/2019,
DAKOTA TROUT RANCH NORTH,3846 COUNTY RD 18,STANTON,ND,58571,CWA,No,09/14/1999,
DAKOTA UNDERGROUND,RIVER'S BEND AT THE PRESERVE 2ND AVENUE,WEST FARGO,ND,58078,CWA,No,07/18/2014,
DAKOTA VALLEY GROWERS,REMOTE LOCATION,UNKNOWN,ND,58000,CWA,No,,
DAKOTA WRECKING AND SALVAGE,420 41ST ST. SE,MINOT,ND,58701,CWA,Yes,,441330
DALE PAHLKE,24008 NE 30TH AVE,UNKNOWN,ND,58000,CWA,No,,
DALE PALHKE STOCKPILE SITE,6325 COUNTY RD 87 SW,ALEXANDRIA,ND,56308,CWA,No,,
DALE ROTH,79TH AVE. SW,UNKNOWN,ND,58000,CWA,No,,
DAN LYONS,REMOTE LOCATION,UNKNOWN,ND,58000,CWA,No,10/20/2021,
DAN MASSETH,(UNKNOWN ADDRESS),(UNKNOWN CITY),ND,00000,CWA,No,06/16/2021,
DAN MIKKELSON,449 DESIREE DRIVE,UNKNOWN,ND,58000,CWA,No,,
DAN NELSON FEEDLOT,"8023 CO RD 8, BOWBELLS, ND",UNKNOWN,ND,58000,CWA,No,,
DAN SZARKOWSKI,2214 LOCKHEED DRIVE,UNKNOWN,ND,58000,CWA,No,06/10/2024,
DAN'S SUPERMARKET,REMOTE LOCATION,UNKNOWN,ND,58000,CWA,No,05/22/2018,
DANIEL ABELMANN,US 85,ALEXANDER,ND,58831,CWA,No,03/01/2022,
DARNELLS TRAILER PARK,27TH AVE NE,STERLING,ND,58572,CWA,No,,
DARREN BERGER & RICHARD BOHRER,REMOTE LOCATION,UNKNOWN,ND,58000,CWA,No,,
DAVE AND STACY DUTOIT,"8201 TREVINO DRIVE, BISMARCK",UNKNOWN,ND,58000,CWA,No,,
DAVENPORT CITY OF,390 3RD AVE,DAVENPORT,ND,58021,CWA,No,09/25/2024,221320
DAVID HOVDE BORROW/WASTE,HWY 1804,UNKNOWN,ND,58000,CWA,No,,
DAVID OPP,7650 43RD STREET,UNKNOWN,ND,58000,CWA,No,,
DAVID SYVERSEN,REMOTE LOCATION,UNKNOWN,ND,58000,CWA,No,,
DAVID WANNER,REMOTE LOCATION,UNKNOWN,ND,58000,CWA,No,,
DAVID'S PLACE,UNKNOWN,UNKNOWN,ND,00000,CWA,No,05/15/2012,
DAVIS HOLDINGS LLLP,REMOTE LOCATION,UNKNOWN,ND,58000,CWA,No,,
DAVIS HOLDINGS LLLP,REMOTE LOCATION,UNKNOWN,ND,58000,CWA,No,,
DAWSON CITY OF,HW 3 AND GARFIELD ST,DAWSON,ND,58428,CWA,No,08/24/2022,221320
DAZEY CITY OF,5TH AVE,DAZEY,ND,58429,CWA,Yes,07/30/2024,221320
DEAN FELDNER,REMOTE LOCATION,UNKNOWN,ND,58000,CWA,No,,
DEAN HAFNER,"2517 3RD AVE. SE, JAMESTOWN, ND",UNKNOWN,ND,58000,CWA,No,,
"DEEPWATER CREEK BAY, ROAD WIDENING",2301 75 AVE NW,PARSHALL,ND,58770,CWA,No,,
DEERING CITY OF,104 ELMER AVE,DEERING,ND,58731,CWA,No,05/29/2024,221320
DEFENSE FUEL SUPPLY,4128 A 27TH AVE N,GRAND FORKS,ND,58201,CWA,No,06/11/2007,
DELL ARNESON,3402 4TH AVE S,UNKNOWN,ND,58000,CWA,No,,
DELL ARNESON,3310 WESTRAC DRIVE S,UNKNOWN,ND,58000,CWA,No,,
DELL ARNESON,REMOTE LOCATION,UNKNOWN,ND,58000,CWA,No,,
DELL ARNESON,1907 4TH AVE. NW,UNKNOWN,ND,58000,CWA,No,,
DEMERS AVENUE & 42ND STREET GRADE SEPARATION,1951 N WASHINGTON ST,GRAND FORKS,ND,58203,CWA,No,,
DEMICKS II EXPANSION PROJECT,REMOTE LOCATION,UNKNOWN,ND,58000,CWA,No,,
DENNIS,8307 62ND ST S,UNKNOWN,ND,58000,CWA,No,,
DENNIS & ELIZABETH REHDER RLT,"10502 68TH ST. NW, TIOGA",UNKNOWN,ND,58000,CWA,No,08/18/2021,
DEPARTMENT OF THE AIR FORCE,(UNKNOWN ADDRESS),(UNKNOWN CITY),ND,00000,CWA,No,,
DEPARTMENT OF VETERAN AFFAIRS,"2101 ELM ST. NORTH, FARGO",UNKNOWN,ND,58000,CWA,No,,
DEPLAZES REDI MIX & CONSTRUCTION,6610 HWY 3,RUGBY,ND,58368,CWA,No,,
DEPLAZES REDI MIX & CONSTRUCTION,6610 HWY 3,RUGBY,ND,58368,CWA,No,,
DEPLAZES REDI MIX & CONSTRUCTION-CANDO,1515 5TH AVE,CANDO,ND,58324,CWA,No,,
"DEPT OF INTERIOR, BUREAU OF RECLAMATION",REMOTE LOCATION,UNKNOWN,ND,58000,CWA,No,06/19/2019,
DEPT OF THE AIR FORCE-GRAND FORKS AFB,525 TUSKEGEE AIRMEN BLVD,GRAND FORKS AFB,ND,58205,CWA,Yes,08/10/2021,928110
DEPT OF THE AIR FORCE-MINOT AFB,445 PEACEKEEPER PLACE,MINOT AFB,ND,58705,CWA,Yes,07/30/2019,928110
DEPT. OF THE AIR FORCE,REMOTE LOCATION,UNKNOWN,ND,58000,CWA,No,,
DES LACS CITY OF,100 S MAIN ST,DES LACS,ND,58733,CWA,No,10/19/2022,221320
DESIGNER HOMES,8825 LOST RIVER ROAD,UNKNOWN,ND,58000,CWA,No,,
DESIGNER HOMES OF FARGO - MOORHEAD - STORMWATER CONSTRUCTION,5764 31ST ST S,FARGO,ND,58104,CWA,No,,
DESIGNER HOMES OF FARGO - MOORHEAD - STORMWATER CONSTRUCTION,"4708 32ND STREET SOUTH,",FARGO,ND,58104,CWA,No,,
DESIGNER HOMES OF FARGO - MOORHEAD - STORMWATER CONSTRUCTION,8928 MEADOWLARK PKWY,HORACE,ND,58047,CWA,No,,
DESIGNER HOMES OF FARGO - MOORHEAD - STORMWATER CONSTRUCTION,9285 DIDRICK DRIVE,HORACE,ND,58047,CWA,No,,
DESIGNER HOMES OF FARGO - MOORHEAD - STORMWATER CONSTRUCTION,5820 31ST ST S,FARGO,ND,58104,CWA,No,,
DESIGNER HOMES OF FARGO - MOORHEAD - STORMWATER CONSTRUCTION,3254 TIMBER CREEK CIRCLE S,FARGO,ND,58104,CWA,No,,
DESIGNER HOMES OF FARGO - MOORHEAD - STORMWATER CONSTRUCTION,1089 HICKORY LANE,WEST FARGO,ND,58078,CWA,No,,
DESIGNER HOMES OF FARGO - MOORHEAD - STORMWATER CONSTRUCTION,5840 31ST ST S,FARGO,ND,58104,CWA,No,,
DESIGNER HOMES OF FARGO - MOORHEAD - STORMWATER CONSTRUCTION,1572 75TH AVE S,FARGO,ND,58104,CWA,No,,
DESIGNER HOMES OF FARGO - MOORHEAD - STORMWATER CONSTRUCTION,"4769 32ND STREET SOUTH,",FARGO,ND,58104,CWA,No,,
DESIGNER HOMES OF FARGO - MOORHEAD - STORMWATER CONSTRUCTION,5784 31ST ST S,FARGO,ND,58104,CWA,No,,
DESIGNER HOMES OF FARGO - MOORHEAD - STORMWATER CONSTRUCTION,2924 PRAIRIE FARMS CIRCLE S,FARGO,ND,58104,CWA,No,,
DESIGNER HOMES OF FARGO - MOORHEAD - STORMWATER CONSTRUCTION,3056 PRAIRIE FARMS CIRCLE S,FARGO,ND,58104,CWA,No,,
DESIGNER HOMES OF FARGO - MOORHEAD - STORMWATER CONSTRUCTION,5994 31ST ST S,FARGO,ND,58104,CWA,No,,
DESIGNER HOMES OF FARGO - MOORHEAD - STORMWATER CONSTRUCTION,5756 31ST ST S,FARGO,ND,58104,CWA,No,,
DESIGNER HOMES OF FARGO - MOORHEAD - STORMWATER CONSTRUCTION,951 50TH AVE W,WEST FARGO,ND,58078,CWA,No,,
DESIGNER HOMES OF FARGO - MOORHEAD - STORMWATER CONSTRUCTION,5865 31ST ST S,FARGO,ND,58104,CWA,No,,
DESIGNER HOMES OF FARGO - MOORHEAD - STORMWATER CONSTRUCTION,9281 DIDRICK DRIVE,HORACE,ND,58047,CWA,No,,
DESIGNER HOMES OF FARGO - MOORHEAD - STORMWATER CONSTRUCTION,8351 31 1/2 ST SE,JAMESTOWN,ND,58401,CWA,No,,
DESIGNER HOMES OF FARGO - MOORHEAD - STORMWATER CONSTRUCTION,5810 31ST ST S,FARGO,ND,58104,CWA,No,,
DEVILS LAKE CITY OF,423 6TH ST NE,DEVILS LAKE,ND,58301,CWA,Yes,09/23/2025,221320
DEVILS LAKE CITY OF,PO BOX 1048,DEVILS LAKE,ND,58301,CWA,No,,
DEVILS LAKE MUNICIPAL AIRPORT,106 NATIONAL GUARD ST. NW,DEVILS LAKE,ND,583018993,CWA,Yes,,
DEVILS LAKE MUNICIPAL WTP,1717 7TH AVE SE,DEVILS LAKE,ND,58301,CWA,No,08/01/2012,
DEVILS LAKE PARK DISTRICT,REMOTE LOCATION,UNKNOWN,ND,58000,CWA,No,,
DEVILS LAKE PUBLIC SCHOOL DISTRICT,REMOTE LOCATION,UNKNOWN,ND,58000,CWA,No,07/11/2023,
DEVILS LAKE REGIONAL AIRPORT,106 NATIONAL GUARD ST. NW,DEVILS LAKE,ND,58301-8993,CWA,No,10/26/2021,
DEVILS LAKE REGIONAL AIRPORT,106 NATIONAL GUARD STREET,UNKNOWN,ND,58000,CWA,No,,
DEVILS LAKE REGIONAL AIRPORT,"106 NATIONAL GUARD ST. NW, DEVILS LAKE, ND",UNKNOWN,ND,58000,CWA,No,,
DEVILS LAKE WTP,1717 7TH AVE SE,DEVILS LAKE,ND,58301,CWA,No,04/24/2024,
DEVORE TANK FARM,1914 125TH AVE NW,WATFORD CITY,ND,58854,CWA,No,,
DEWITZ FEEDLOT,REMOTE LOCATION,UNKNOWN,ND,58000,CWA,No,07/20/2021,
DGOGWILLISTONND08092023LLC,1411 E BROADWAY,UNKNOWN,ND,58000,CWA,No,,
DIABETES EDUCATION CENTER PROJECT,302 12TH ST. N,NEW TOWN,ND,58763,CWA,No,,
DIAMOND J ANGUS RANCH,"3430 36TH ST., MANDAN, ND",UNKNOWN,ND,58000,CWA,No,,
DICKENSON 22 BORROW CENTER,REMOTE LOCATION,UNKNOWN,ND,58000,CWA,No,,
DICKEY COUNTY,8290 106TH AVE SE,UNKNOWN,ND,58000,CWA,No,11/10/2021,
DICKEY COUNTY,10050 93RD AVE SE,UNKNOWN,ND,58000,CWA,No,,
DICKEY COUNTY,REMOTE LOCATION,UNKNOWN,ND,58000,CWA,No,,
DICKEY COUNTY HIGHWAY DEPARTMENT,REMOTE LOCATION,UNKNOWN,ND,58000,CWA,No,07/27/2021,
DICKEY COUNTY HIGHWAY DEPT.,REMOTE LOCATION,UNKNOWN,ND,58000,CWA,No,08/14/2023,
DICKEY COUNTY NORTH DAKOTA,REMOTE LOCATION,UNKNOWN,ND,58000,CWA,No,,
DICKEY COUNTY SHOP,213 15TH ST N,ELLENDALE,ND,584367600,CWA,No,09/01/2021,
DICKEY COUNTY WEED BOARD,DICKEY COUNTY,UNKNOWN,ND,58000,CWA,No,,
DICKEY-SARGENT JOINT WATER RES. DISTRICT,REMOTE LOCATION,UNKNOWN,ND,58000,CWA,No,,
DICKINSON 22 BORROW NORTH,REMOTE LOCATION,UNKNOWN,ND,58000,CWA,No,,
DICKINSON 22 SOUTH BORROW,REMOTE LOCATION,UNKNOWN,ND,58000,CWA,No,,
DICKINSON CATHOLIC SCHOOLS,"810 EMPIRE DRIVE, DICKINSON, ND 58601",UNKNOWN,ND,58000,CWA,No,,
DICKINSON CITY OF,99 2ND ST E,DICKINSON,ND,58601,CWA,No,05/20/2026,221320
DICKINSON CITY OF,38 1ST ST W,DICKINSON,ND,58601-5222,CWA,No,12/31/2022,
DICKINSON CITY OF,99 2ND ST E,DICKINSON,ND,58601,CWA,No,04/27/2022,221320
DICKINSON MUNICIPAL AIPORT AUTHORITY,11120 42ND ST. SW,UNKNOWN,ND,58000,CWA,No,,
DICKINSON MUNICIPAL AIRPORT AUTHORITY,"11120 42ND ST SW, DICKINSON",UNKNOWN,ND,58000,CWA,No,,
DICKINSON MUNICIPAL AIRPORT AUTHORITY,11120 42ND ST SW,UNKNOWN,ND,58000,CWA,No,,
DICKINSON MUNICIPAL AIRPORT-THEODORE ROOSEVELT REG,11120 42ND ST SW,DICKINSON,ND,58602,CWA,Yes,02/18/2014,488119
DICKINSON PARK AND REC,"801 5TH AVE. W, DICKINSON",UNKNOWN,ND,58000,CWA,No,,
DICKINSON PARKS AND REC,1388 GUM AVE,UNKNOWN,ND,58000,CWA,No,09/12/2023,
DICKINSON PUBLIC SCHOOL DISTRICT - DICKINSON HIGH SCHOOL ADDITIONS & RENOVATIONS,979 13TH AVE WEST,DICKINSON,ND,58601,CWA,No,,
DICKINSON PUBLIC SCHOOLS,"2875 21ST ST. W, DICKINSON, ND",UNKNOWN,ND,58000,CWA,No,,
DICKINSON RAIL TERMINAL,3812 116TH AVENUE SOUTHWEST,DICKINSON,ND,58601,CWA,No,02/18/2026,
DICKINSON RAIL TERMINAL,3812 116TH AVE SW,UNKNOWN,ND,58000,CWA,No,07/22/2021,
DICKINSON READY MIX - NORTH STAR READY MIX - MANDAN 2,305 BISMAN AVE SE,MANDAN,ND,58554,CWA,No,,327320
DICKINSON READY MIX - NORTH STAR READY MIX- GLEN ULLIN,6355 38TH ST,GLEN ULLIN,ND,58631,CWA,Yes,06/06/2025,327320
DICKINSON READY MIX- NORTH STAR READY MIX - MANDAN,1105 40TH AVE SE,MADAN,ND,58554,CWA,Yes,,327320
DICKINSON READY MIX-DICKINSON,37 WESTGATE AVENUE,DICKINSON,ND,58602,CWA,No,06/06/2025,
DICKINSON READY MIX-DICKINSON & KILLDEER,37 WESTGATE AVENUE,DICKINSON,ND,58602,CWA,No,06/26/2018,
DICKINSON READY MIX-KILLDEER,499 HIGHWAY 22,KILLDEER,ND,58640,CWA,No,,
DICKINSON REGIONAL AIRPORT,REMOTE LOCATION,UNKNOWN,ND,58000,CWA,No,,
DICKINSON STATE UNIVERSITY,REMOTE LOCATION,UNKNOWN,ND,58000,CWA,No,06/06/2025,
DICKINSON WBL & ROUNDABOUTS,I94 WEST BUSINESS LOOP,DICKINSON,ND,58601,CWA,No,,
DICKINSON WBL & ROUNDABOUTS,I94 WEST BUSINESS LOOP,DICKINSON,ND,58601,CWA,No,,
DIFFERDING SIGNATURE HOMES,REMOTE LOCATION,UNKNOWN,ND,58000,CWA,No,,
DIOCESE OF BISMARCK,PO BOX 1575,BISMARCK,ND,58502,CWA,No,,
DIOCESE OF FARGO,8501 FRONT STREET,UNKNOWN,ND,58000,CWA,No,06/27/2023,
DIOCESE OF FARGO,2711 7TH ST E,UNKNOWN,ND,58000,CWA,No,,
DIOCESE OF FARGO - STORMWATER CONSTRUCTION,5475 BISHOPS BLVD S,FARGO,ND,58104,CWA,No,,
DISCO GATHERING LINE,SOUTH OF 28TH STREET NW,NEW TOWN,ND,58763,CWA,No,,
DISCOUNT TIRE - NDB 01 - BISMARCK,925 E BISMARCK EXPRESSWAY,BISMARCK,ND,58504,CWA,No,09/17/2025,
DISCOUNT TIRE - NDM 01 - MINOT,2201 15TH STREET SW,MINOT,ND,58701,CWA,No,,
DIVERSITY HOMES,907 VOYAGER DR,UNKNOWN,ND,58000,CWA,No,07/30/2020,
DIVERSITY HOMES,(UNKNOWN ADDRESS),(UNKNOWN CITY),ND,00000,CWA,No,,
DIVERSITY HOMES,(UNKNOWN ADDRESS),(UNKNOWN CITY),ND,00000,CWA,No,07/30/2020,
DIVERSITY HOMES,"4608 MARSH HAWK, 4704 MARSH HAWK DR",UNKNOWN,ND,58000,CWA,No,07/30/2020,
DIVERSITY HOMES,(UNKNOWN ADDRESS),(UNKNOWN CITY),ND,00000,CWA,No,07/30/2020,
DIVERSITY HOMES,(UNKNOWN ADDRESS),(UNKNOWN CITY),ND,00000,CWA,No,,
DIVERSITY HOMES,(UNKNOWN ADDRESS),(UNKNOWN CITY),ND,00000,CWA,No,07/30/2020,
DIVERSITY HOMES,4619 NORMANDY ST,UNKNOWN,ND,58000,CWA,No,,
DIVERSITY HOMES,4615 NOVA AVE,UNKNOWN,ND,58000,CWA,No,05/25/2023,
DIVERSITY HOMES,3825 POSEIDON LOOP,UNKNOWN,ND,58000,CWA,No,08/19/2021,
DIVERSITY HOMES,(UNKNOWN ADDRESS),(UNKNOWN CITY),ND,00000,CWA,No,07/30/2020,
DIVERSITY HOMES,2815 DEL RIO DR,UNKNOWN,ND,58000,CWA,No,,
DIVERSITY HOMES,4618 CROWN POINT ROAD,UNKNOWN,ND,58000,CWA,No,,
DIVERSITY HOMES,4804 SOURIS ST,UNKNOWN,ND,58000,CWA,No,,
DIVERSITY HOMES,(UNKNOWN ADDRESS),(UNKNOWN CITY),ND,00000,CWA,No,07/30/2020,
DIVERSITY HOMES,1217 SHIRES DR,UNKNOWN,ND,58000,CWA,No,07/30/2020,
DIVERSITY HOMES,5302 SUNLIGHT DR,UNKNOWN,ND,58000,CWA,No,,
DIVERSITY HOMES,(UNKNOWN ADDRESS),(UNKNOWN CITY),ND,00000,CWA,No,08/19/2021,
DIVERSITY HOMES,4212 DANIEL ST.,UNKNOWN,ND,58000,CWA,No,,
DIVERSITY HOMES,4719 NORMANDY ST,UNKNOWN,ND,58000,CWA,No,,
DIVERSITY HOMES,3013 BAY SHORE BEND,UNKNOWN,ND,58000,CWA,No,06/04/2019,
DIVERSITY HOMES,REMOTE LOCATION,UNKNOWN,ND,58000,CWA,No,,
DIVERSITY HOMES,REMOTE LOCATION,UNKNOWN,ND,58000,CWA,No,,
DIVERSITY HOMES,(UNKNOWN ADDRESS),(UNKNOWN CITY),ND,00000,CWA,No,,
DIVERSITY HOMES,(UNKNOWN ADDRESS),(UNKNOWN CITY),ND,00000,CWA,No,,
DIVERSITY HOMES,414 MEHRER DR,UNKNOWN,ND,58000,CWA,No,08/02/2024,
DIVERSITY HOMES,404 FIELDS COURT,UNKNOWN,ND,58000,CWA,No,,
DIVERSITY HOMES,(UNKNOWN ADDRESS),(UNKNOWN CITY),ND,00000,CWA,No,08/02/2024,
DIVERSITY HOMES,400 GRANITE DRIVE,UNKNOWN,ND,58000,CWA,No,,
DIVERSITY HOMES,2912 POWDER RIDGE DR,UNKNOWN,ND,58000,CWA,No,,
DIVERSITY HOMES,4464 WRANGLER ROAD,UNKNOWN,ND,58000,CWA,No,,
DIVERSITY HOMES,7665 STAR LANE,UNKNOWN,ND,58000,CWA,No,,
DIVERSITY HOMES INK,2494 LABRADOR DR.,UNKNOWN,ND,58000,CWA,No,,
DIVERSITY HOMES INK,1601 PLAINS BEND SE,UNKNOWN,ND,58000,CWA,No,,
DIVIDE COUNTY,REMOTE LOCATION,UNKNOWN,ND,58000,CWA,No,,
DIVIDE COUNTY,REMOTE LOCATION,UNKNOWN,ND,58000,CWA,No,,
DIVIDE COUNTY,REMOTE LOCATION,UNKNOWN,ND,58000,CWA,No,,
DIVIDE COUNTY,REMOTE LOCATION,UNKNOWN,ND,58000,CWA,No,,
DIVIDE COUNTY,REMOTE LOCATION,UNKNOWN,ND,58000,CWA,No,08/19/2021,
DIVIDE COUNTY SHOP,707 1ST AVE NW,CROSBY,ND,58730,CWA,No,,
DJ ERICKSON PR,REMOTE LOCATION,UNKNOWN,ND,58000,CWA,No,,
DLPS CENTRAL MIDDLE SCHOOL RENOVATION,325 7TH STREET NE,DEVILS LAKE,ND,58301,CWA,No,,
DLPS PRAIRIE VIEW ELEMENTARY SCHOOL,200 12TH AVE NE,DEVILS LAKE,ND,58301,CWA,No,,
DNS INVESTMENTS LLP,(UNKNOWN ADDRESS),(UNKNOWN CITY),ND,00000,CWA,No,06/10/2024,
DODGE CITY OF,HW 200 AND 2ND AVE N,DODGE,ND,58625,CWA,Yes,05/24/2023,221320
"DOLLAR GENERAL - PARSHALL, ND",3742 72ND AVENUE NW,PARSHALL,ND,58770,CWA,No,,
"DOLLAR GENERAL, MOHALL, ND",REMOTE LOCATION,UNKNOWN,ND,58000,CWA,No,10/08/2021,
DOMERA DEVELOPMENT,1300 COLLINS AVE,MANDAN,ND,58554,CWA,No,07/08/2025,
DON ENTZEL,3520 HWY 1806,UNKNOWN,ND,58000,CWA,No,06/04/2019,
DON RESSLER,1510 LOCKHEED DRIVE,UNKNOWN,ND,58000,CWA,No,06/10/2024,
DONNY NESHEM,REMOTE LOCATION,UNKNOWN,ND,58000,CWA,No,10/22/2024,
DONNY SIVERTSON GRAVEL PIT 2,31ST STREET NW,WATFORD CITY,ND,58854,CWA,No,,
DONNYBROOK CITY OF,10 N MAIN ST,DONNYBROOK,ND,58734,CWA,No,10/19/2022,221320
DOOSAN BOBCAT NORTH AMERICA-ACCELERATOR CENTER,3901 MORRISON AVENUE,BISMARCK,ND,58504,CWA,No,09/29/2022,333120
DOTS PRETZELS - VELVA,104 1ST AVE W,VELVA,ND,58790,CWA,No,,
DOUG HILLE FEEDLOT,"3320 51ST ST., MANDAN, ND",UNKNOWN,ND,58000,CWA,No,,
DOUGLAS CITY OF,9 MAIN ST,DOUGLAS,ND,58735,CWA,No,05/20/2014,221320
DOWNTOWN MANDAN STREET RECONSTRUCTION,5TH AVE NW,MANDAN,ND,58554,CWA,No,,
DR ERIC BELANGER,(UNKNOWN ADDRESS),(UNKNOWN CITY),ND,00000,CWA,No,07/08/2025,
DR. KHALED RABADI,5750 SOUTH WASHINGTON STREET,UNKNOWN,ND,58000,CWA,No,,
DRAGS WOLF SPORTS COMPLEX,700 BROOKS HEIGHTS,NEW TOWN,ND,58763,CWA,No,,
DRAINAGE DITCH NO. 34,16250 50TH ST SE,DAVENPORT,ND,58021,CWA,No,,
DRAINAGE DITCH NO. 39,4657 155TH AVE SE,LEONARD,ND,58052,CWA,No,,
DRAKE CITY OF,MAIN STREET,DRAKE,ND,58736,CWA,No,08/06/2025,221320
DRAKE RANCH-SPIRIT LAKE CAFO 8,RR2 BOX 21,SHEYENNE,ND,58734,CWA,No,10/05/2004,
DRAYTON,DRAYTON,UNKNOWN,ND,58000,CWA,No,,
DRAYTON AIRPORT,REMOTE LOCATION,UNKNOWN,ND,58000,CWA,No,,
DRAYTON CITY OF,122 S MAIN ST,DRAYTON,ND,58225,CWA,No,06/21/2023,221320
DRAYTON MUNICIPAL AIRPORT,83RD ST NE,DRAYTON,ND,58225,CWA,No,03/09/2022,
DRAYTON WTP,507 RIVERRANGE RD,DRAYTON,ND,58225,CWA,No,07/27/2011,
DRAYTON WTP,507 RIVERRANGE RD,DRAYTON,ND,58225,CWA,No,06/20/2022,
"DRAYTON, CITY OF",P.O. BOX 280,DRAYTON,ND,582250280,CWA,No,,
DUBUQUE BARGE AND FLEETING SERVICE,REMOTE LOCATION,EAST DUBUQUE,ND,58000,CWA,No,,
DUCKS UNLIMITED,REMOTE LOCATION,UNKNOWN,ND,58000,CWA,No,,
DUCKS UNLIMITED - GREAT PLAINS REGIONAL OFFICE,REMOTE LOCATION,UNKNOWN,ND,58000,CWA,No,,
DUNN CENTER CITY OF,HW 200 AND CENTRAL AVE,DUNN CENTER,ND,58626,CWA,Yes,05/24/2023,221320
DUNN COUNTY,REMOTE LOCATION,UNKNOWN,ND,58000,CWA,No,07/13/2021,
DUNN COUNTY,REMOTE LOCATION,UNKNOWN,ND,58000,CWA,No,,
DUNN COUNTY,REMOTE LOCATION,UNKNOWN,ND,58000,CWA,No,,
DUNN COUNTY,REMOTE LOCATION,UNKNOWN,ND,58000,CWA,No,,
DUNN COUNTY,REMOTE LOCATION,UNKNOWN,ND,58000,CWA,No,,
DUNN COUNTY,"47.05305,-102.90561",UNKNOWN,ND,58000,CWA,No,,
DUNN COUNTY,1ST ST. NW AND 93RD AVE NW,UNKNOWN,ND,58000,CWA,No,,
DUNN COUNTY,8300 MAIN ST,UNKNOWN,ND,58000,CWA,No,07/15/2024,
DUNN COUNTY,7TH ST SW,UNKNOWN,ND,58000,CWA,No,,
DUNN COUNTY,81ST AVE SW,UNKNOWN,ND,58000,CWA,No,,
DUNN COUNTY,16TH ST SW AND 80TH AVE SW,UNKNOWN,ND,58000,CWA,No,,
DUNN COUNTY,WEST OF JCT. ND 8 AND ND 1806,UNKNOWN,ND,58000,CWA,No,07/15/2024,
DUNN COUNTY,"97TH AVE. SW, DUNN CENTER, ND",UNKNOWN,ND,58000,CWA,No,,
DUNN COUNTY,REMOTE LOCATION,UNKNOWN,ND,58000,CWA,No,,
DUNN COUNTY,REMOTE LOCATION,UNKNOWN,ND,58000,CWA,No,,
DUNN COUNTY,REMOTE LOCATION,UNKNOWN,ND,58000,CWA,No,,
DUNN COUNTY,REMOTE LOCATION,UNKNOWN,ND,58000,CWA,No,,
DUNN COUNTY,REMOTE LOCATION,UNKNOWN,ND,58000,CWA,No,,
DUNN COUNTY,REMOTE LOCATION,UNKNOWN,ND,58000,CWA,No,,
DUNN COUNTY,REMOTE LOCATION,UNKNOWN,ND,58000,CWA,No,,
DUNN COUNTY,REMOTE LOCATION,UNKNOWN,ND,58000,CWA,No,,
DUNN COUNTY,REMOTE LOCATION,UNKNOWN,ND,58000,CWA,No,,
DUNN COUNTY,REMOTE LOCATION,UNKNOWN,ND,58000,CWA,No,,
DUNN COUNTY,REMOTE LOCATION,UNKNOWN,ND,58000,CWA,No,,
DUNN COUNTY,REMOTE LOCATION,UNKNOWN,ND,58000,CWA,No,,
DUNN COUNTY,29TH ST. SW,UNKNOWN,ND,58000,CWA,No,,
DUNN COUNTY,2271 HIGH ST SE,UNKNOWN,ND,58000,CWA,No,07/15/2024,
DUNN COUNTY,10600 21 M ST SW,UNKNOWN,ND,58000,CWA,No,,
DUNN COUNTY,730 1ST AVE SW,UNKNOWN,ND,58000,CWA,No,07/15/2024,
DUNN COUNTY,8800 25 ST SW,UNKNOWN,ND,58000,CWA,No,07/15/2024,
DUNN COUNTY,11900 26 ST SW,UNKNOWN,ND,58000,CWA,No,,
DUNN COUNTY,19TH ST. SW BETWEEN 98TH AND 93RD AVE. SW,UNKNOWN,ND,58000,CWA,No,,
DUNN COUNTY,REMOTE LOCATION,UNKNOWN,ND,58000,CWA,No,,
DUNN COUNTY,REMOTE LOCATION,UNKNOWN,ND,58000,CWA,No,07/15/2024,
DUNN COUNTY,REMOTE LOCATION,UNKNOWN,ND,58000,CWA,No,,
DUNN COUNTY,REMOTE LOCATION,UNKNOWN,ND,58000,CWA,No,07/15/2024,
DUNN COUNTY,REMOTE LOCATION,UNKNOWN,ND,58000,CWA,No,07/15/2024,
DUNN COUNTY,REMOTE LOCATION,UNKNOWN,ND,58000,CWA,No,07/15/2024,
DUNN COUNTY,REMOTE LOCATION,UNKNOWN,ND,58000,CWA,No,,
DUNN COUNTY,REMOTE LOCATION,UNKNOWN,ND,58000,CWA,No,,
DUNN COUNTY,REMOTE LOCATION,UNKNOWN,ND,58000,CWA,No,,
DUNN COUNTY,REMOTE LOCATION,UNKNOWN,ND,58000,CWA,No,,
DUNN COUNTY,REMOTE LOCATION,UNKNOWN,ND,58000,CWA,No,,
DUNN COUNTY,REMOTE LOCATION,UNKNOWN,ND,58000,CWA,No,,
DUNN COUNTY,REMOTE LOCATION,UNKNOWN,ND,58000,CWA,No,,
DUNN COUNTY,REMOTE LOCATION,UNKNOWN,ND,58000,CWA,No,,
DUNN COUNTY,REMOTE LOCATION,UNKNOWN,ND,58000,CWA,No,,
DUNN COUNTY,REMOTE LOCATION,UNKNOWN,ND,58000,CWA,No,,
DUNN COUNTY,REMOTE LOCATION,UNKNOWN,ND,58000,CWA,No,,
DUNN COUNTY,REMOTE LOCATION,UNKNOWN,ND,58000,CWA,No,07/15/2024,
DUNN COUNTY,REMOTE LOCATION,UNKNOWN,ND,58000,CWA,No,,
DUNN COUNTY,REMOTE LOCATION,UNKNOWN,ND,58000,CWA,No,,
DUNN COUNTY,REMOTE LOCATION,UNKNOWN,ND,58000,CWA,No,,
DUNN COUNTY,REMOTE LOCATION,UNKNOWN,ND,58000,CWA,No,06/24/2020,
DUNN COUNTY,REMOTE LOCATION,UNKNOWN,ND,58000,CWA,No,,
DUNN COUNTY COURTHOUSE EXPANSION,"205 OWENS ST. MANNING, ND",UNKNOWN,ND,58000,CWA,No,,
DUNN COUNTY CP-13(26)06 CSI26007,6325 CTY. ROAD 87 S.W.,ALEXANDRIA,ND,56308,CWA,No,,
DUNN COUNTY HIGHWAY DEPARTMENT,REMOTE LOCATION,UNKNOWN,ND,58000,CWA,No,,
DUNN COUNTY NORTH DAKOTA,458 CC AVE,UNKNOWN,ND,58000,CWA,No,07/15/2024,
DUNN COUNTY PUBLIC SAFETY CENTER,10780 13TH STREET SE,MANNING,ND,58642,CWA,No,,
DUNN COUNTY ROAD DEPARTMENT,REMOTE LOCATION,UNKNOWN,ND,58000,CWA,No,,
DUNN COUNTY – 25043-BW-18619.021 (119TH AVE SW & 2ND ST SW),119TH AVE SW AND 2ND ST SW,KILLDEER,ND,58640,CWA,No,,
DUNN COUNTY – 27TH ST SW 25-01,(UNKNOWN ADDRESS),(UNKNOWN CITY),ND,00000,CWA,No,,
DUNN COUNTY – 99TH AVE SW IMPROVEMENTS BW,99TH AVE SW,DUNN CENTER,ND,58626,CWA,No,,
DUNN COUNTY – CP-13(22)03 97TH AVE SW,HIGHWAY 200 & 5TH ST SW,DUNN CENTER,ND,58626,CWA,No,,
DUNN COUNTY – CP-13(23)01 2ND ST NW & 100TH,(UNKNOWN ADDRESS),(UNKNOWN CITY),ND,00000,CWA,No,,
"DUNN COUNTY – CP-13(23)02 7TH, 113TH, 10TH",(UNKNOWN ADDRESS),(UNKNOWN CITY),ND,00000,CWA,No,,
DUNN COUNTY – CP-13(24)04 SILVER WIDENING & HOT MIX ASPHALT,(UNKNOWN ADDRESS),(UNKNOWN CITY),ND,00000,CWA,No,,
DUNN COUNTY – CP-13(25)02 105TH AVE SW,(UNKNOWN ADDRESS),(UNKNOWN CITY),ND,00000,CWA,No,,
DUNN COUNTY – CP-13(25)07 3RD ST SW,INTERSECTION OF 3T ST SW AND ND HWY 22,KILLDEER,ND,58640,CWA,No,,
DUNN COUNTY – CP-13(25)08 PINEWOOD MEADOWS,29D STREET SW/112R AVE SW,DICKINSON,ND,58601,CWA,No,,
DUNN COUNTY – CP-13(26)04 22ND ST SW & 119TH,(UNKNOWN ADDRESS),(UNKNOWN CITY),ND,00000,CWA,No,,
"DUNN COUNTY, ND","SOUTH 1/2 OF SECTION 35, T147, R93",UNKNOWN,ND,58000,CWA,No,07/15/2024,
"DUNN COUNTY, ND",REMOTE LOCATION,UNKNOWN,ND,58000,CWA,No,,
DUNSEITH CITY OF,101 PEACE GARDEN AVE,DUNSEITH,ND,58329,CWA,No,06/05/2025,221320
DUNSEITH INDIAN DAY SCHOOL LAGOONS,NW 1/4 NE 1/4 NW 1/4 SEC 24 T162N R73W,ROLETTE COUNTY,ND,58329,CWA,No,08/22/2023,221320
DUNSEITH NORTH HEAD START CENTER WASTEWATER TREATMENT CENTER,S7 T162N R72W,ROLETTE,ND,58316,CWA,No,08/22/2023,221320 611110
DURHEIM RANCH,REMOTE LOCATION,UNKNOWN,ND,58000,CWA,No,,
DUSTIN HOLLEVOET,1165 TURNPIKE AVE,UNKNOWN,ND,58000,CWA,No,,
DUSTIN WAGNER,REMOTE LOCATION,UNKNOWN,ND,58000,CWA,No,,
DVORAK MOTORSPORTS,1829 EAST BISMARCK EXPRESSWAY,UNKNOWN,ND,58000,CWA,No,,
"DWELL AT LAKEWOOD, LLP",3601 21 ST. SE,UNKNOWN,ND,58000,CWA,No,,
DWIGHT CITY OF,510 PLATT ST,DWIGHT,ND,58075,CWA,No,08/19/2020,221320
DWIGHT CITY OF,510 PLATT ST,DWIGHT,ND,58075,CWA,No,07/11/2007,221320
DWYER GRAVEL PIT,CO RD 30,ARNEGARD,ND,58835,CWA,No,,
DZ ELECTRIC,4983 HATZENBILER LANE,UNKNOWN,ND,58000,CWA,No,,
EAGLE CREST APARTMENTS,26TH STREET WEST,WILLISTON,ND,58801,CWA,No,07/15/2014,
EAGLE CREST SUBDIVISION 5,HIGH CREEK ROAD AND MUSTANG DRIVE,BISMARCK,ND,58503,CWA,No,06/06/2013,
EAGLE RIDGE DEVELOPMENT - STORMWATER CONSTRUCTION,5600 23RD AVE N,FARGO,ND,58102,CWA,No,,
EAGLE ROCK TIMBER,8902 40TH ST NW,NEW TOWN,ND,58763,CWA,No,05/06/2026,
EAGLE ROCK TIMBER - GLENN WRIGHT GRAVEL PIT,1406 141ST AVE NW,ARNEGARD,ND,58835,CWA,No,,
EAGLE'S LANDING C-STORE & CARWASH,402 ND-23,NEW TOWN,ND,58763,CWA,No,,
EAGLE'S LANDING C-STORE & CARWASH,405 ND-23,NEW TOWN,ND,58763,CWA,No,,
EAGLERIDGE PARTNERS,"100 E SWEET AVE BISMARCK, ND",UNKNOWN,ND,58000,CWA,No,,
EAGLERIDGE PARTNERS,"2920 SHEYENNE ST WEST FARGO, ND",UNKNOWN,ND,58000,CWA,No,,
EAGLES NEST POND,"BIA 30 T148N R95W NE NE, SE NE SEC1",MANDAREE,ND,58757,CWA,No,,
EAGLES NEST POND,BIA RT. 30 .5 MILES EAST OF HIGHWAY 22 INTERSECTIO,MANDAREE,ND,58757,CWA,No,,
EARTHWORK SERVICES 12TH AVE N,N/A NOT ASSIGNED YET,WEST FARGO,ND,58078,CWA,No,,
EARTHWORK SERVICES JAMESTOWN PROPERTY,8126 34TH ST SE,JAMESTOWN,ND,58401,CWA,No,05/06/2026,
EAST AVENUE SIDEWALK IMPROVEMENTS,EAST AVENUE,NEW TOWN,ND,58763,CWA,No,,
EAST CENTRAL REGIONAL WATER DISTRICT,REMOTE LOCATION,UNKNOWN,ND,58000,CWA,No,,
EAST CENTRAL REGIONAL WD-GF,1099 33RD ST. NE,ARVILLA,ND,58214,CWA,No,08/27/2024,
EAST DUNSEITH WASTEWATER TREATMENT LAGOONS,SW1/4 SE1/4 S31 T162N R72W,ROLETTE,ND,58316,CWA,Yes,08/22/2023,221320
EAST END AUTO PARTS,75 10TH AVE E,DICKINSON,ND,58601,CWA,No,08/27/2014,
EAST END AUTO PARTS,75 10TH AVE E,DICKINSON,ND,58601,CWA,Yes,09/04/2024,
EAST FAIRVIEW CITY OF,2ND STREET AND PROSPECT AVE,FAIRVIEW,ND,59221,CWA,No,04/27/2015,221320
EASTDALE OIL,4400 32ND AVE,UNKNOWN,ND,58000,CWA,No,10/17/2023,
EDDY COUNTY COMMISSION,REMOTE LOCATION,UNKNOWN,ND,58000,CWA,No,,
EDGELEY CITY OF,215 6TH AVE,EDGELEY,ND,58433,CWA,No,08/24/2023,221320
EDGELEY COFFEE SHOP,REMOTE LOCATION,UNKNOWN,ND,58000,CWA,No,,
EDGEWATER CLUBHOUSE & ASSOCIATED BUILDINGS,HWY 23,NEW TOWN,ND,58763,CWA,No,,
EDGEWOOD - THE RESERVE,4551 S 17TH ST,GRAND FORKS,ND,58201,CWA,No,,
EDGEWOOD DEVELOPMENT & WACHTER TRU,COTTONWOOD PARKVIEW ADDITION,UNKNOWN,ND,58000,CWA,No,,
EDGEWOOD GROUP,"3105 43RD AVE NE, BISMARCK",UNKNOWN,ND,58000,CWA,No,,
EDGEWOOD MANAGEMENT GROUP,44TH AVE S. & S 19TH ST,UNKNOWN,ND,58000,CWA,No,10/17/2023,
EDGEWOOD OFFICE BUILDING,4609 33RD AVE S ST. 400,FARGO,ND,58104,CWA,No,,
EDINBURG CITY OF,250 MAIN AVE,EDINBURG,ND,58227,CWA,No,08/20/2025,221320
EDITION II LLP,REMOTE LOCATION,UNKNOWN,ND,58000,CWA,No,,
EDITION III LLP,4847 38TH ST S,UNKNOWN,ND,58000,CWA,No,,
EDITION PHASE III LLP,4859 38TH ST. SOUTH,UNKNOWN,ND,58000,CWA,No,,
EDITION PHASE IV LLP,4815 38TH ST. SOUTH,UNKNOWN,ND,58000,CWA,No,,
EDMORE CITY OF,605 N MADISON ST,EDMORE,ND,58330,CWA,No,06/21/2024,221320
EDWARD A. HOLLINSHEAD,226 2ND ST SE,ROGERS,ND,58479,CWA,No,,
EDWIN LOE ELEMENTARY,206 2ND AVE EAST,NEW TOWN,ND,58763,CWA,No,,
EDWIN SAHAYDAK,REMOTE LOCATION,UNKNOWN,ND,58000,CWA,No,,
EGAN CREST CAMP,HIGHWAY 2 AND TAGUS STREET,BERTHOLD,ND,58718,CWA,No,06/15/2017,
EGELAND CITY OF,219 2ND AVE,EGELAND,ND,58331,CWA,No,08/18/2025,221320
EHLERS LIVESTOCK,REMOTE LOCATION,UNKNOWN,ND,58000,CWA,No,08/18/2021,
EIG14T COMMERCIAL REAL ESTATE,820 26TH AVENUE EAST,UNKNOWN,ND,58000,CWA,No,,
EIGHT MILE SCHOOL DISTRICT 6,REMOTE LOCATION,UNKNOWN,ND,58000,CWA,No,,
ELBOWOODS ELEVATED TANK,ALONG HWY 1804/23,NEW TOWN,ND,58763,CWA,No,,
ELBOWOODS HOUSING DEVELOPMENT PHASE 2,UNKNOWN,NEW TOWN,ND,58763,CWA,No,,
ELBOWOODS SANITARY SEWER EXTENSION,39TH ST NW,NEW TOWN,ND,58763,CWA,No,,
ELGIN CITY OF,305 N MAIN ST,ELGIN,ND,58533,CWA,No,06/05/2025,221320
ELGIN EAST SIDE WATER MAIN IMPROVEMENTS,3180 HWY 22 N,DICKINSON,ND,58602,CWA,No,,
"ELGIN, CITY OF",P.O. BOX 426,ELGIN,ND,58533,CWA,No,,
ELIM CARE,2836 FLORIDA DR. BISMARCK,UNKNOWN,ND,58000,CWA,No,07/29/2020,
ELITE RESTAURANT PARTNERS,1209 BROOKSIDE PL,UNKNOWN,ND,58000,CWA,No,,
ELK CREEK CAPITAL,REMOTE LOCATION,UNKNOWN,ND,58000,CWA,No,06/10/2021,
ELKAN - MARMON RESERVOIR,12154 ND - 23,WATFORD CITY,ND,58854,CWA,No,,
ELLEN BOYER,REMOTE LOCATION,UNKNOWN,ND,58000,CWA,No,,
ELLENDALE,ELLENDALE,UNKNOWN,ND,58000,CWA,No,,
ELLENDALE ACRES,PO BOX 267,ELLENDALE,ND,58436,CWA,No,,
ELLENDALE CITY OF,HW 281 AND MAIN ST,ELLENDALE,ND,58436,CWA,No,08/15/2024,221320
ELLENDALE MUNICIPAL AIRPORT,8951 HIGHWAY 11,UNKNOWN,ND,58000,CWA,No,,
ELLENDALE MUNICIPAL AIRPORT,8951 HWY 11 E,ELLENDALE,ND,58436,CWA,No,,
ELLENDALE TEMPORARY HOUSING DEVELOPMENT,94TH ST SE & 86TH AVE SE,DUANE,ND,58436,CWA,No,,
ELLENDALE WORKFORCE HOUSING,8217 HWY 11,ELLENDALE,ND,58436,CWA,No,,
"ELLENDALE, ND PROPERTY","1020 6TH AVE SE, PMB 354",ABERDEEN,ND,574016321,CWA,No,,
"ELM RIVER DAMS 1, 2, AND 3 IMPROVEMENTS",(UNKNOWN ADDRESS),(UNKNOWN CITY),ND,00000,CWA,No,,
"EM 0012(206)112, PCN 05HW, CORSON COUNTY",US 12 FROM MORRISTOWN EAST APPROXIMATELY 9 MILES,MORRISTOWN,SD,57645,CWA,No,,
EMERADO CITY OF,102 OLDHAM AVE E,EMERADO,ND,58228,CWA,Yes,07/19/2023,221320
EMERALD RIDGE,1509 EMERLAD RIDGE ROAD,UNKNOWN,ND,58000,CWA,No,,
EMERGING PRAIRIE,REMOTE LOCATION,UNKNOWN,ND,58000,CWA,No,,
EMMONS COUNTY,7TH AVE SE,UNKNOWN,ND,58000,CWA,No,,
EMMONS COUNTY,13.5 MILES EAST & 1.5 MILES SOUTH OF LINTON,UNKNOWN,ND,58000,CWA,No,,
EMMONS COUNTY,REMOTE LOCATION,UNKNOWN,ND,58000,CWA,No,,
EMMONS COUNTY,"11TH AVE.SE, 4 MI W. & 2 MI N. OF BRADDOCK",UNKNOWN,ND,58000,CWA,No,05/15/2026,
EMMONS COUNTY,REMOTE LOCATION,UNKNOWN,ND,58000,CWA,No,,
EMMONS COUNTY,"CMC 1542, 0.65 MILES WEST OF HIGHWAY 83",UNKNOWN,ND,58000,CWA,No,02/22/2024,
EMMONS COUNTY - STORMWATER CONSTRUCTION,100 4TH ST NW,LINTON,ND,58552,CWA,No,,
EMMONS-LOGAN ENERGY STORAGE,700 UNIVERSE BLVD,JUNO BEACH,ND,33408,CWA,No,,
EMPIRE TOWNHOMES -,2254 FLEETWOOD DRIVE,GRAND FORKS,ND,58201,CWA,No,,
ENBRIDGE ENERGY LIMITED PARTNERSHIP,1320 GRAND AVE.,SUPERIOR,WI,54880,CWA,No,,
ENBRIDGE ENERGY LIMITED PARTNERSHIP - NDG070603,(UNKNOWN ADDRESS),(UNKNOWN CITY),ND,00000,CWA,No,,
"ENBRIDGE ENERGY, LIMITED PARTNERSHIP",REMOTE LOCATION,UNKNOWN,ND,58000,CWA,No,05/11/2021,
"ENBRIDGE ENERGY, LIMITED PARTNERSHIP",REMOTE LOCATION,UNKNOWN,ND,58000,CWA,No,,
"ENBRIDGE ENERGY, LIMITED PARTNERSHIP",REMOTE LOCATION,UNKNOWN,ND,58000,CWA,No,,
"ENBRIDGE ENERGY, LIMITED PARTNERSHIP",REMOTE LOCATION,UNKNOWN,ND,58000,CWA,No,,
"ENBRIDGE ENERGY, LIMITED PARTNERSHIP",SEE ENCLOSED MAPS,UNKNOWN,ND,58000,CWA,No,,
"ENBRIDGE ENERGY, LIMITED PARTNERSHIP",NOT APPLICABLE,UNKNOWN,ND,58000,CWA,No,,
"ENBRIDGE ENERGY, LIMITED PARTNERSHIP",NOT APPLICABLE,UNKNOWN,ND,58000,CWA,No,05/12/2021,
"ENBRIDGE ENERGY, LIMITED PARTNERSHIP","26 EAST SUPERIOR ST., SUITE 309",DULUTH,MN,55802,CWA,No,,
"ENBRIDGE ENERGY, LIMITED PARTNERSHIP (ENBRIDGE)",REMOTE LOCATION,UNKNOWN,ND,58000,CWA,No,,
"ENBRIDGE ENERGY, LIMITED PARTNERSHIP - NDG070460",(UNKNOWN ADDRESS),(UNKNOWN CITY),ND,00000,CWA,No,,
"ENBRIDGE ENERGY, LIMITED PARTNERSHIP - NDG070511",(UNKNOWN ADDRESS),(UNKNOWN CITY),ND,00000,CWA,No,,
ENBRIDGE OPERATING SERVICES,BERTHOLD STATION,UNKNOWN,ND,58000,CWA,No,,
"ENBRIDGE OPERATING SERVICES, L.L.C.",1600 2ND AVE SW,MINOT,ND,58701,CWA,No,,
ENCLAVE,4255 S COLUMBIA RD,UNKNOWN,ND,58000,CWA,No,10/17/2023,
ENCLAVE COMPANIES,5767 38TH ST S,UNKNOWN,ND,58000,CWA,No,,
ENCLAVE COMPANIES,REMOTE LOCATION,UNKNOWN,ND,58000,CWA,No,10/17/2023,
ENCLAVE COMPANIES,6TH AVE N AND OAK STREET N,UNKNOWN,ND,58000,CWA,No,,
ENCLAVE COMPANIES,REMOTE LOCATION,UNKNOWN,ND,58000,CWA,No,,
ENCLAVE CONTRUCTION,REMOTE LOCATION,UNKNOWN,ND,58000,CWA,No,,
ENCLAVE DEVELOPMENT,REMOTE LOCATION,UNKNOWN,ND,58000,CWA,No,,
ENCLAVE SOUTH DISTRICT APARTMENTS,3960 53RD AVE S,FARGO,ND,58102,CWA,No,,
ENDERLIN CITY OF,411 RAILWAY ST,ENDERLIN,ND,58027,CWA,No,08/04/2025,221320
ENERBASE COOP,"205 46TH AVE NE, MINOT, ND",UNKNOWN,ND,58000,CWA,No,,
ENERBASE COOPERATIVE,1809 SOUTH BROADWAY,UNKNOWN,ND,58000,CWA,No,10/23/2024,
ENGINEER EQUIPMENT TRAINING SITE,CAMP GRAFTON TRAINING CENTER,DEVILS LAKE,ND,58301,CWA,No,07/08/2025,
"ENNO ENTERPRISES, LLP",REMOTE LOCATION,UNKNOWN,ND,58000,CWA,No,,
ENVIRO WASTE SOLUTIONS,9439 ND HWY 1804,ROSS,ND,58776,CWA,No,06/12/2014,
ENVIRO WASTE SOLUTIONS,9439 ND HWY 1804,ROSS,ND,58776,CWA,No,08/29/2025,
EOG MOUNTRAIL COUNTY FIELD,(UNKNOWN ADDRESS),(UNKNOWN CITY),ND,00000,CWA,No,,
EOG RESOURCES,REMOTE LOCATION,UNKNOWN,ND,58000,CWA,No,,
EOG RESOURCES - MCKENZIE COUNTY FIELD,600 17TH ST 1000N,DENVER,ND,80202,CWA,No,,
EPIC COMPANIES,2130 37TH AVE SW,UNKNOWN,ND,58000,CWA,No,,
EPIC GATEWAY EAST REAL ESTATE HOLDING,300 MAIN AVE,UNKNOWN,ND,58000,CWA,No,,
EPIC MANAGEMENT,"1629 S BROADWAY, MINOT",UNKNOWN,ND,58000,CWA,No,,
EPIC UNITE REAL ESTATE HOLDINGS,234 MAIN AVE,UNKNOWN,ND,58000,CWA,No,,
EPPING CITY OF,LAWRENCE AVE AND 2ND ST,EPPING,ND,58843,CWA,No,08/25/2022,221320
EPPING RANCH SUBDIVISION,HWY 42,EPPING,ND,58843,CWA,No,08/06/2014,
EPPING SPRINGBROOK DAM,12645 58TH ST NW,EPPING,ND,58843,CWA,No,,
ERD MANDAN,3108 12TH AVE NW,UNKNOWN,ND,58000,CWA,No,09/09/2020,
ERIC FARSTVEET,REMOTE LOCATION,UNKNOWN,ND,58000,CWA,No,,
ERIC MERHIY,9600 39TH ST S,FARGO,ND,58104,CWA,No,,
ERIC RICHARDS FEEDLOT,"BISMARCK, ND 58502",UNKNOWN,ND,58000,CWA,No,,
ERICKSON RANCH-SPIRIT LAKE CA3,6739 31ST NE,SHEYENNE,ND,58734,CWA,No,10/05/2004,
ESMOND CITY OF,215 2ND AVE N,ESMOND,ND,58332,CWA,No,06/13/2022,221320
ESSENTIA HEALTH,"5150 42ND STREET SOUTH, FARGO, ND",UNKNOWN,ND,58000,CWA,No,,
ESTERSON RANCH-SPIRIT LAKE CA6,MR. ESTERSON RANCH,WARWICK,ND,58381,CWA,No,10/05/2004,
ESTES EXPRESS LINES - 140 FARGO,1301 43RD STREET NORTH,FARGO,ND,58102,CWA,No,,484121
ESTES EXPRESS LINES - 173 BISMARCK,4233 HAGEN AVENUE,BISMARCK,ND,58504,CWA,No,,484121
ESTES EXPRESS LINES - FARGO TERMINAL - TEMPORARY GRAVEL PARKING,1301 43RD ST. N,FARGO,ND,58102,CWA,No,,
ESTES EXPRESS LINES - FARGO TERMINAL EXPANSION - REMODEL AND EXPAND EXISTING TRU,1301 43RD ST. N,FARGO,ND,58102,CWA,No,,
EVANGEL CHURCH,3225 N 14TH ST,BISMARCK,ND,58503,CWA,No,,
EVANGEL CHURCH,"3225 N 14TH ST, BISMARCK",UNKNOWN,ND,58000,CWA,No,08/19/2021,
EVENSEN ANGUS,REMOTE LOCATION,UNKNOWN,ND,58000,CWA,No,,
EVENTIDE SENIOR LIVING,1300 2ND PL NE,UNKNOWN,ND,58000,CWA,No,,
EVERCORP BUILDING SYSTEMS,REMOTE LOCATION,UNKNOWN,ND,58000,CWA,No,,
EXPO SUBSTATION,PO BOX 649,WATFORD CITY,ND,58854,CWA,No,,
EXPRESS SHUTTLE CUSA,3750 E ROSSER AVE,BISMARCK,ND,58501,CWA,No,,
EXTREME DEVELOPMENTS,REMOTE LOCATION,UNKNOWN,ND,58000,CWA,No,,
FABRICATORS UNLIMITED,2161 3RD AVE N,UNKNOWN,ND,58000,CWA,No,,
FACTORY PILING GROUND,7525 RED RIVER ROAD,WAHPETON,ND,58075,CWA,No,,
FAIRDALE CITY OF,140 MAIN ST,FAIRDALE,ND,58229,CWA,No,08/19/2025,221320
FAIRMOUNT CITY OF,104 1ST ST N,FAIRMOUNT,ND,58030,CWA,No,06/09/2025,221320
FAIRVIEW COLONY,9644 74TH ST SE,LAMOURE,ND,58458,CWA,Yes,08/14/2024,221320
FAIRVIEW MT CITY OF,HW200 & 1 ST,FAIRVIEW,ND,59221,CWA,No,09/12/2022,221320
FAITH LUTHERAN CHURCH OF WF BUCCHOLZ,(UNKNOWN ADDRESS),(UNKNOWN CITY),ND,00000,CWA,No,,
FALKIRK MINE PROJECT 25-03,PO BOX 1087,UNDERWOOD,ND,58576,CWA,No,,
FALKIRK MINE- CP-2855(026)     26-07,PO BOX 1087,UNDERWOOD,ND,58576,CWA,No,,
FAR-01,6400 45TH ST N,HARWOOD,ND,58042,CWA,No,,
FARGO - 9TH ST NE AND 7TH AVE NE,"9TH ST NE FROM MAIN AVE TO 12TH AVE N, 7TH AVE NE",WEST FARGO,ND,58078,CWA,No,,
FARGO AUTOMATION,969 34TH ST N,UNKNOWN,ND,58000,CWA,No,,
FARGO CITY OF,200 3RD ST N,FARGO,ND,58102,CWA,No,02/25/2025,221320
FARGO CITY OF,200 3RD ST N,FARGO,ND,58102,CWA,No,09/16/2025,221320
FARGO CITY OF,200 3RD ST N,FARGO,ND,58102,CWA,No,,
FARGO CITY OF (HARWOOD),210 FREEDLAND DR,HARWOOD,ND,58042,CWA,No,08/09/2023,221320
FARGO CLUBHOUSE VENTURES LLP,4400 15TH AVE SOUTH,UNKNOWN,ND,58000,CWA,No,04/22/2015,
FARGO COUNTRY CLUB,(UNKNOWN ADDRESS),(UNKNOWN CITY),ND,00000,CWA,No,,
"FARGO ELLIOTT PLACE NINE, LLLP",4462 30TH AVE S,UNKNOWN,ND,58000,CWA,No,,
FARGO FREIGHTLINER,3970 S 42ND ST,GRAND FORKS,ND,58104,CWA,No,,
FARGO FREIGHTLINER,3440 36TH ST S,UNKNOWN,ND,58000,CWA,No,,
FARGO HOUSING AUTHORITY - LASHKOWITZ RIVERFRONT,101 2ND ST S,FARGO,ND,58102,CWA,No,,
FARGO JET CENTER,3802 20TH STREET N,UNKNOWN,ND,58000,CWA,No,,
FARGO LITTLE LEAGUE,"1892 17TH AVE S, FARGO",UNKNOWN,ND,58000,CWA,No,,
FARGO PARK DISTRICT,"46.91755, -096.77449",UNKNOWN,ND,58000,CWA,No,,
FARGO PARK DISTRICT,5050 30TH AVE S,UNKNOWN,ND,58000,CWA,No,,
FARGO PARK DISTRICT,616 1 AVE S,UNKNOWN,ND,58000,CWA,No,10/14/2025,
FARGO PARK DISTRICT,"46.88078,-96.77024",UNKNOWN,ND,58000,CWA,No,,
FARGO PARK DISTRICT,REMOTE LOCATION,UNKNOWN,ND,58000,CWA,No,,
FARGO PARK DISTRICT,REMOTE LOCATION,UNKNOWN,ND,58000,CWA,No,06/12/2019,
FARGO PARK DISTRICT,6100 38TH ST S,UNKNOWN,ND,58000,CWA,No,,
FARGO PARK DISTRICT,REMOTE LOCATION,UNKNOWN,ND,58000,CWA,No,,
FARGO PARK DISTRICT,REMOTE LOCATION,UNKNOWN,ND,58000,CWA,No,10/14/2025,
FARGO PARK DISTRICT,1955 ROGER MARIS DRIVE S,UNKNOWN,ND,58000,CWA,No,,
FARGO PARK DISTRICT,PRAIRIEWOOD GOLF COURSE,UNKNOWN,ND,58000,CWA,No,,
FARGO PARK DISTRICT,4400 CLUBHOUSE DR. S AND 1500 EAST ROSE CREEK PKWY,UNKNOWN,ND,58000,CWA,No,,
FARGO PARK DISTRICT,3101 COUNTY RD 81 N,UNKNOWN,ND,58000,CWA,No,10/14/2025,
FARGO PUBLIC SCHOOL,"3901 40TH AVE S, FARGO",UNKNOWN,ND,58000,CWA,No,,
FARGO PUBLIC SCHOOLS,1729 16TH STREET S,UNKNOWN,ND,58000,CWA,No,,
FARGO PUBLIC SCHOOLS,"801 17TH AVENUE NORTH - FARGO, ND 58102",UNKNOWN,ND,58000,CWA,No,,
FARGO PUBLIC SCHOOLS,1840 15TH AVE S,UNKNOWN,ND,58000,CWA,No,,
FARGO RECYCLE YARD,4302 3RD AVE N,FARGO,ND,58102,CWA,No,,212321
FARGO SANITARY LANDFILL,4501 7TH AVE N,FARGO,ND,58102,CWA,No,,562212
FARGO WTP,435 14TH AVE S,FARGO,ND,58103,CWA,No,09/17/2025,
"FARGO, CITY OF WWTP",3400 NORTH BROADWAY,FARGO,ND,58102,CWA,No,,221320
FARGO-MOORHEAD FLOOD DIVERSION PROJECT,(UNKNOWN ADDRESS),(UNKNOWN CITY),ND,00000,CWA,No,,
FARMERS UNION OIL COMP. OF KENMARE,REMOTE LOCATION,UNKNOWN,ND,58000,CWA,No,,
FARMERS UNION OIL OF BERTHOLD & CARPIO,REMOTE LOCATION,UNKNOWN,ND,58000,CWA,No,,
FBRW FOUR BEARS POND REHABILITATION AND EXPANSION CONTRACT 2025-13,95TH AVE NW,NEW TOWN,ND,58763,CWA,No,,
FBRW SEGMENT STORAGE FACILITIES PROJECT,891 ND 8 NORTH,HALLIDAY,ND,58636,CWA,No,,
FBRW SEGMENT STORAGE FACILITIES PROJECT,1000 S MAIN STREET,WHITE SHIELD,ND,58775,CWA,No,,
FBRW SEGMENT STORAGE FACILITIES PROJECT,3922 95TH AVENUE NW,NEW TOWN,ND,58763,CWA,No,,
FBRW SEGMENT STORAGE FACILITIES PROJECT,9628 25TH STREET NW,MANDAREE,ND,58757,CWA,No,,
FBRW SEGMENT STORAGE FACILITIES PROJECT,720727TH STREET NW,PARSHALL,ND,58770,CWA,No,,
FEDERAL EXPRESS - ZDKN,11125 30G ST SW,DICKINSON,ND,58601,CWA,No,04/01/2022,
FEDERAL EXPRESS - ZFAR,1425 47TH STREET N,FARGO,ND,58102,CWA,No,11/15/2023,492110
FEDERAL EXPRESS - ZGRF,2001 S 48TH ST,GRAND FORKS,ND,58201,CWA,No,07/18/2017,492110
FEDERAL EXPRESS - ZWLS,513 ENERGY STREET,WILLISTON,ND,58801,CWA,No,,492110
FEDERAL HIGHWAY ADMINISTRATION CFLH,LITTLE MISSOURI BAY RD,UNKNOWN,ND,58000,CWA,No,06/24/2020,
FEDEX GROUND - BISMARCK,4001 APPLE CREEK ROAD,BISMARCK,ND,58504,CWA,No,08/04/2017,
FEDEX GROUND PACKAGE SYSTEM,3900 6TH ST NE,MINOT,ND,58703,CWA,No,10/15/2021,
FESSENDEN CITY OF,901 RAILWAY ST SOUTH,FESSENDEN,ND,58438,CWA,No,06/11/2024,221320
FESSENDEN MUNICIPAL AIRPORT,17TH ST NE,FESSENDEN,ND,58438,CWA,No,,
FHR WEST FARGO ASPHALT TERMINAL,600 CENTER STREET,WEST FARGO,ND,58078,CWA,No,,
FHWA-CENTRAL FEDERAL LANDS HIGHWAY,(UNKNOWN ADDRESS),(UNKNOWN CITY),ND,00000,CWA,No,,
FIDELITY EXPLORATION AND PRODUCTION NORKEN 17-20H,REMOTE LOCATION,UNKNOWN,ND,58000,CWA,No,,
FIFTH SKAFF APARTMENTS OF ND,1674 51ST ST SOUTH,UNKNOWN,ND,58000,CWA,No,04/23/2015,
FINGAL CITY OF,320 3RD ST,FINGAL,ND,58031,CWA,Yes,06/11/2020,221320
FINLEY CITY OF,208 4TH ST W,FINLEY,ND,58230,CWA,Yes,07/14/2025,221320
FINLEY FARMERS GRAIN & ELEVATOR,REMOTE LOCATION,UNKNOWN,ND,58000,CWA,No,05/13/2021,
FINN TOWNSHIP,5550 HWY 56,UNKNOWN,ND,58000,CWA,No,,
FIRST ASSEMBLY OF GOD CHURCH,REMOTE LOCATION,UNKNOWN,ND,58000,CWA,No,,
FIRST CLASS PROPERTIES,5106 DURANGO DRIVE,UNKNOWN,ND,58000,CWA,No,10/11/2023,
FIRST INTERNATIONAL BANK,215 HWY. 2 EAST,UNKNOWN,ND,58000,CWA,No,,
FIRST INTERNATIONAL BANK & TRUST,215 HWY 2 SW,UNKNOWN,ND,58000,CWA,No,06/18/2019,
FIRST INTERNATIONAL BANK & TRUST,1601 N 12TH STREET,UNKNOWN,ND,58000,CWA,No,08/19/2021,
FIRST WESTERN BANK & TRUST,304 E FRONT AVE,UNKNOWN,ND,58000,CWA,No,,
FISH CREEK RANCH,REMOTE LOCATION,UNKNOWN,ND,58000,CWA,No,,
FISHER INDUSTRIES,3380 ENERGY DRIVE,UNKNOWN,ND,58000,CWA,No,,
FISHER INDUSTRIES,10575 32ND ST SW,DICKINSON,ND,58602,CWA,No,04/01/2022,
FISHER INDUSTRIES - FISHER INDUSTRIES BUILDING 4,3076 ENERGY DRIVE,DICKINSON,ND,58601,CWA,No,,
FISHER SAND & GRAVEL-PORTABLE LOCATIONS STATEWIDE,3020 ENERGY DRIVE,DICKINSON,ND,58601,CWA,Yes,,
FISHER SAND & GRAVEL-RIVERDALE PIT,3948 1ST ST SW,UNDERWOOD,ND,58576,CWA,No,08/13/2024,
FIVE STAR STORAGE ADDITION,4038 3RD AVE W,DICKINSON,ND,586018544,CWA,No,,
FLASHER CITY OF,106 N MAIN ST,FLASHER,ND,58535,CWA,No,06/05/2025,221320
FLASHER SCHOOL DISTRICT 39,206 3RD AVE. EAST,UNKNOWN,ND,58000,CWA,No,,
FLAXTON CITY OF,103 1ST ST E,FLAXTON,ND,58737,CWA,No,07/08/2025,221320
FLEET FARM,(UNKNOWN ADDRESS),(UNKNOWN CITY),ND,00000,CWA,No,02/24/2026,
FLOOD DIVERSION BOARD OF AUTHORITY,REMOTE LOCATION,UNKNOWN,ND,58000,CWA,No,,
FLOODWALL,1502 SOUTH RIVER ROAD,FARGO,ND,58103,CWA,No,,
FLORIAN PROPERTIES,5151 12TH AVE. SOUTH,UNKNOWN,ND,58000,CWA,No,,
FLX ENERGY SERVICES - FLX MINOT ND WAREHOUSE,5220 NORTH BROADWAY,MINOT,ND,58703,CWA,No,,
FM DIVERSION AUTHORITY,REMOTE LOCATION,UNKNOWN,ND,58000,CWA,No,,
FM DIVERSION AUTHORITY,"VARIOUS - 28TH ST. SE, 4510 112TH AVE. S., 4107 12",UNKNOWN,ND,58000,CWA,No,,
FM DIVERSION AUTHORITY,REMOTE LOCATION,UNKNOWN,ND,58000,CWA,No,,
FM DIVERSION AUTHORITY,"VARIOUS, SEE ABOVE",UNKNOWN,ND,58000,CWA,No,,
FMM SOUTHERN EMBANKMENT REACH SE-2B,(UNKNOWN ADDRESS),(UNKNOWN CITY),ND,00000,CWA,No,,
FOOTITT HOMES,8306 RIVER VIEW ROAD,UNKNOWN,ND,58000,CWA,No,,
FORBES CITY OF,MAIN ST AND 2ND AVE,FORBES,ND,58439,CWA,No,08/24/2023,221320
FORCE ENTERPRISES,3305 OLD RED TRAIL,MANDAN,ND,58554,CWA,No,,
FORDVILLE CITY OF,108 MAIN ST N,FORDVILLE,ND,58231,CWA,Yes,07/08/2024,221320
FORDVILLE COOP,COUNTY ROAD 12B,UNKNOWN,ND,58000,CWA,No,,
FORMAN CITY OF,349 MAIN ST,FORMAN,ND,58032,CWA,No,09/11/2024,221320
FORMAN CITY OF,349 MAIN ST,FORMAN,ND,58032,CWA,No,06/07/2010,221320
FORT ABRAHAM LINCOLN FOUNDATION - BISMARCK RIVERFRONT FESTIVAL GROUNDS & PARK,1610 RIVER ROAD,BISMARCK,ND,58503,CWA,No,,
FORT BERTHOLD RURAL WATER MANDAREE INTAKE SLIDE REPAIR,24TH STREET,MANDAREE,ND,58757,CWA,No,,
FORT BERTHOLD RURAL WATER OFFICE/SHOP TRIBAL TRACT NO. 730000103,3922 95TH AVE NW,NEW TOWN,ND,58763,CWA,No,,
FORT CLARK IRRIGATION DISTRICT,REMOTE LOCATION,UNKNOWN,ND,58000,CWA,No,,
FORT CLARK IRRIGATION DISTRICT,(UNKNOWN ADDRESS),(UNKNOWN CITY),ND,00000,CWA,No,,
FORT LINCOLN STATE PARK,4480 FORT LINCOLN RD,MANDAN,ND,58554,CWA,Yes,10/05/2023,
FORT RANSOM CITY OF,210 MAIN ST W,FORT RANSOM,ND,58033,CWA,No,08/19/2020,221320
FORT STEVENSON STATE PARK,1252 A 41ST AVE NW,GARRISON,ND,58540-9229,CWA,No,08/11/2016,
FORT TOTTEN LIFT STATION REPLACEMENT,129-159 2ND AVE N,MINNEWAUKAN,ND,58351,CWA,No,,
FORT YATES LAGOON SYSTEM,FORT YATES SERVICE AREA,FORT YATES,ND,58538,CWA,No,07/12/2022,221320
FORT YATES WTP,NE SE1/4 NE1/4 S12 T130N R80W,FORT YATES,ND,58538,CWA,No,07/12/2022,221310
FORTERRA CONCRETE PRODUCTS,1101 158TH ST NE,MENOKEN,ND,58558,CWA,No,10/09/2019,
FORTUNA CITY OF,HW 85 AND MAIN ST,FORTUNA,ND,58844,CWA,No,07/11/2024,221320
FOSTER COUNTY,REMOTE LOCATION,UNKNOWN,ND,58000,CWA,No,,
FOSTER COUNTY,REMOTE LOCATION,UNKNOWN,ND,58000,CWA,No,,
FOSTER COUNTY - BRJ-0016(019) PCN 233707,(UNKNOWN ADDRESS),(UNKNOWN CITY),ND,00000,CWA,No,,
FOSTER COUNTY - FXS-1602(067) PCN 24349,(UNKNOWN ADDRESS),(UNKNOWN CITY),ND,00000,CWA,No,,
FOUR BEARS CASINO PARKING GARAGE,UNKNOWN,NEW TOWN,ND,58763,CWA,No,07/22/2015,
FOUR BEARS CASINO PROJECT PHASE 1,202 FRONTAGE ROAD,NEW TOWN,ND,58763,CWA,No,,
FOUR BEARS ENGINEERED LINED POND,NOT ADDRESSED,NEW TOWN,ND,58757,CWA,No,,
FOUR BEARS ENGINEERED LINED POND,NOT ADRESSED,FOUR BEARS,ND,58763,CWA,No,,
FOUR BEARS SEGMENT - BAKERSFIELD RESIDENTIAL DEVELOPMENT PHASE 1,NEAR 305 SAKAKAWEA ST,NEW TOWN,ND,58763,CWA,No,,
FOUR BEARS WASTEWATER TREATMENT SYSTEM,SE1/4 NE1/4 NE1/4 NE1/4 S19 T152N R93W,NEW TOWN,ND,58763,CWA,No,07/15/2025,721120 221320
FOUR WINDS TATE TOPA TRIBAL SCHOOL LAGOON,S1/2 S19 T152N R65W,FORT TOTTEN,ND,58335,CWA,Yes,05/17/2023,221320 611110
FOURT BEARS WATER PARK,202 FRONTAGE ROAD/FOUR BEARS PARK ROAD,NEW TOWN,ND,58763,CWA,No,,
FOX HILLS VILLAGE,REMOTE LOCATION,UNKNOWN,ND,58000,CWA,No,,
FRANK THOMAS BORROW PIT,(UNKNOWN ADDRESS),(UNKNOWN CITY),ND,00000,CWA,No,,
FRED BERGER,2282 COUNTY ROAD 138,UNKNOWN,ND,58000,CWA,No,,
FRED J. BERGER,REMOTE LOCATION,UNKNOWN,ND,58000,CWA,No,05/21/2026,
FRED KERSHISNIK,"1460 5TH AVENUE EAST - DICKINSON, ND",UNKNOWN,ND,58000,CWA,No,,
FRED KERSHISNIK,REMOTE LOCATION,UNKNOWN,ND,58000,CWA,No,,
FREDONIA CITY OF,203 GRANT ST,FREDONIA,ND,58440,CWA,No,09/25/2018,221320
FREEWAY 147 TRUCK STOP - FLYING J 511,3825 HIGHWAY 25,MANDAN,ND,58554,CWA,No,08/15/2016,
"FRF INVESTMENTS, LLP","CLEAR SKY ADDITION, 52ND ST SE",UNKNOWN,ND,58000,CWA,No,,
"FRF INVESTMENTS, LLP",MIDWEST DRIVE,UNKNOWN,ND,58000,CWA,No,,
FROELICH RANCH,REMOTE LOCATION,UNKNOWN,ND,58000,CWA,No,,
FRONTIER PRECISION,1713 BURLINGTON DR.,UNKNOWN,ND,58000,CWA,No,,
FRYBURG RAIL TERMINAL,3726 135TH AVE SW,BELFIELD,ND,58622,CWA,No,,
FT. YATES WTP,STANDING ROCK INDIAN RESER,FORT YATES,ND,58538,CWA,No,09/24/2001,
FUFENG USA INCORPORATED,3500 27TH AVE NORTH,UNKNOWN,ND,58000,CWA,No,08/22/2025,
FULL CIRCLE AG,REMOTE LOCATION,UNKNOWN,ND,58000,CWA,No,,
FWS CONSTRUCTION A/E TEAM 2,LAKE ILO,UNKNOWN,ND,58000,CWA,No,,
FWS HEADQUARTERS AND VISITOR CENTER,(UNKNOWN ADDRESS),(UNKNOWN CITY),ND,00000,CWA,No,05/15/2026,
G&K SERVICES,REMOTE LOCATION,UNKNOWN,ND,58000,CWA,No,,
G. BENSON,2754 HWY 281,SHEYENNE,ND,58374,CWA,No,,
G. D. LARSON MUNICIPAL AIRPORT,57TH AVE NE,LEEDS,ND,58346,CWA,No,,
GACKLE CITY OF,201 MAIN ST,GACKLE,ND,58442,CWA,No,06/23/2025,221320
GALCHUTT SUBSTATION,5301 32ND AVE S,GRAND FORKS,ND,58201,CWA,No,,
GALESBURG CITY OF,304 BEECH ST,GALESBURG,ND,58035,CWA,Yes,07/27/2022,221320
GALESBURG SEWER IMPROVEMENTS,"47.2697, -97.3973",GALESBURG,ND,58035,CWA,No,,
GARDNER CITY OF,411 FRONT ST,GARDNER,ND,58036,CWA,No,09/24/2024,221320
GARNEY CONSTRUCTION,(UNKNOWN ADDRESS),(UNKNOWN CITY),ND,00000,CWA,No,,
GARRISON CITY OF,1 WEST CENTRAL,GARRISON,ND,58540,CWA,No,07/16/2025,221320
GARRISON COUNTY CONSERVANCY DISTRICT,REMOTE LOCATION,UNKNOWN,ND,58000,CWA,No,,
GARRISON DAM,597 GARRISON DAM RD.,RIVERDALE,ND,58565,CWA,No,,
GARRISON DAM,REMOTE LOCATION,UNKNOWN,ND,58000,CWA,No,,
GARRISON DAM NFH,HATCHERY RD,RIVERDALE,ND,58565,CWA,No,09/19/2025,
GARRISON DIVERSION CONSERVANCY DIST,REMOTE LOCATION,UNKNOWN,ND,58000,CWA,No,07/27/2021,
GARRISON DIVERSION CONSERVANCY DIST.,APPROX. 1/4 N OF 352 118TH AVE SE OF,UNKNOWN,ND,58000,CWA,No,06/21/2022,
GARRISON DIVERSION CONSERVANCY DISTRI,REMOTE LOCATION,UNKNOWN,ND,58000,CWA,No,11/08/2021,
GARRISON DIVERSION CONSERVANCY DISTRIC,102ND AVE NE,UNKNOWN,ND,58000,CWA,No,,
GARRISON DIVERSION CONSERVANCY DISTRICT,(UNKNOWN ADDRESS),(UNKNOWN CITY),ND,00000,CWA,No,,
GARRISON DIVERSION CONSERVANCY DISTRICT,REMOTE LOCATION,UNKNOWN,ND,58000,CWA,Yes,,
GARRISON DIVERSION CONSERVANCY DISTRICT - RED RIVER VALLEY WATER SUPPLY PROJECT,(UNKNOWN ADDRESS),KENSEL,ND,58455,CWA,No,,
GARRISON DIVERSION CONSERVANCY DISTRICT - STORMWATER CONSTRUCTION,401 USS-281,CARRINGTON,ND,58421,CWA,No,,
GARRISON DIVERSION CONSERVANCY DISTRICT RED RIVER VALLEY - TRANSMISSION PIPELINE,MIDDLE OF PROJECT IS NEAR INTERSECTION OF HWY 20 A,(UNKNOWN CITY),ND,00000,CWA,No,,
GARRISON DIVERSION CONSERVANCY DISTRICT RED RIVER VALLEY - TRANSMISSION PIPELINE,MIDDLE OF PROJECT IS NEAR INTERSECTION OF 2ND ST S,(UNKNOWN CITY),ND,00000,CWA,No,,
GARRISON DIVERSION CONSERVANCY DISTRICT RED RIVER VALLEY - TRANSMISSION PIPELINE,MIDDLE OF PROJECT IS NEAR INTERECTION OF 2ND ST SE,SUTTON,ND,00000,CWA,No,,
GARRISON DIVERSION CONSERVANCY DISTRICT TRANSMISSION PIPELINE EAST CONTRACT 5C,(UNKNOWN ADDRESS),(UNKNOWN CITY),ND,00000,CWA,No,,
GARRISON DIVERSION CONSERVANCY DISTRICT – MCCLUSKY CANAL,(UNKNOWN ADDRESS),(UNKNOWN CITY),ND,00000,CWA,No,04/22/2025,
GARRISON DIVERSION CONSERVANCY DISTRICT – RED RIVER VALLEY SUPPLY PROJECT,(UNKNOWN ADDRESS),(UNKNOWN CITY),ND,00000,CWA,No,09/24/2025,
GARRISON MUNICIPAL AIRPORT,W AERO DR,GARRISON,ND,58540,CWA,No,,481219
GARRISON MUNICIPAL AIRPORT AUTHORITY,"14 W AERO DR., GARRISON, ND",UNKNOWN,ND,58000,CWA,No,06/19/2019,
GARRISON MUNICIPAL AIRPORT AUTHORITY,W. AERO DR.,UNKNOWN,ND,58000,CWA,No,,
GARRISON POWER PLANT,597 GARRISON DAM RD,RIVERDALE,ND,58565,CWA,No,07/17/2023,
GARRISON RURAL WATER DISTRICT,REMOTE LOCATION,UNKNOWN,ND,58000,CWA,No,06/19/2019,
GARRISON RURAL WATER DISTRICT,REMOTE LOCATION,UNKNOWN,ND,58000,CWA,No,06/19/2019,
GARRISON RURAL WATER DISTRICT,REMOTE LOCATION,UNKNOWN,ND,58000,CWA,No,06/19/2019,
GARRISON WATER TREATMENT PLANT IMPROVEMENTS,(UNKNOWN ADDRESS),(UNKNOWN CITY),ND,00000,CWA,No,05/15/2023,
GARRISON WEST ABUTMENT LIGNITE DRAINS,USACE-GARRISON PROJECT OFFICE 201 1ST STREET,RIVERDALE,ND,58565,CWA,No,,
GARY ANDERSON,REMOTE LOCATION,UNKNOWN,ND,58000,CWA,No,,
GARY JOHNSON,5001 116 AVENUE SE,KATHRYN,ND,58046,CWA,No,06/04/2013,
GARY NOTTESTAD,REMOTE LOCATION,UNKNOWN,ND,58000,CWA,No,,
GASCOYNE MATERIALS H&R,12803 90TH ST SW,GASCOYNE,ND,58653,CWA,No,08/13/2003,
GASMAN TOWNSHIP,REMOTE LOCATION,UNKNOWN,ND,58000,CWA,No,,
GAST CONSTRUCTION,(UNKNOWN ADDRESS),(UNKNOWN CITY),ND,00000,CWA,No,,
GAST CONSTRUCTION,3480 39TH ST S,UNKNOWN,ND,58000,CWA,No,,
GATE CITY BANK,6747 68TH STREET SOUTH,UNKNOWN,ND,58000,CWA,No,,
GATEWAY TO SCIENCE,1600 CANARY AVE,UNKNOWN,ND,58000,CWA,No,,
GATEWAY TO SCIENCE,"1600 CANARY AVE BISMARK, ND",UNKNOWN,ND,58000,CWA,No,,
GBF INVESTMENTS,REMOTE LOCATION,UNKNOWN,ND,58000,CWA,No,,
GCC READY MIX - WAHPETON,17749 HWY 13,WAHPETON,ND,58075,CWA,No,,
GCC READY MIX PORTABLE PLANT #332,17749 HWY 13,WAHPETON,ND,58075,CWA,No,,
GCC READY MIX PORTABLE PLANTS #330 & #331,17749 HWY 13,WAHPETON,ND,58075,CWA,Yes,,
GEHRTZ CONSTRUCTION SERVICES,REMOTE LOCATION,UNKNOWN,ND,58000,CWA,No,,
GEIGER CONSTRUCTION & DEVELOPMENT,REMOTE LOCATION,UNKNOWN,ND,58000,CWA,No,,
GEORGE FEEDLOT,UNK,SOLEN,ND,58570,CWA,No,05/21/2009,
GERDAU AMERISTEEL RECYCLING-FARGO DIVISION,3240 MAIN AVE,FARGO,ND,58102,CWA,No,,
GERDAU AMERISTEEL-JAMESTOWN,1510 10TH ST SE,JAMESTOWN,ND,58402,CWA,Yes,08/15/2024,
GERRY RUDNICK,REMOTE LOCATION,UNKNOWN,ND,58000,CWA,No,,
GF COUNTY CORRECTIONAL FACILITY EXPANSION,(UNKNOWN ADDRESS),(UNKNOWN CITY),ND,00000,CWA,No,,
GF SANDERS,705 32ND AVENUE EAST,UNKNOWN,ND,58000,CWA,No,,
GF WASTEWATER TREATMENT PLANT,(UNKNOWN ADDRESS),(UNKNOWN CITY),ND,00000,CWA,No,,
GF-TRAIL JOINT WTR RES. DIST.,N/A,UNKNOWN,ND,58000,CWA,No,08/09/2023,
GFK INTERNATIONAL AIRPORT,GRAND FORKS INTERNATIONAL AIRPORT,UNKNOWN,ND,58000,CWA,No,,
GIFTED STARS DAYCARE,4441 CALICO DR S,FARGO,ND,58104,CWA,No,,
GILBY CITY OF,WESTERN AVE AND 1ST ST,GILBY,ND,58235,CWA,No,06/25/2025,221320
GILL ORTHODONTICS,4401 23RD AVENUE SOUTH,UNKNOWN,ND,58000,CWA,No,,
GILLE AUTO,11535 33RD ST. SE,VALLEY CITY,ND,58072,CWA,No,,
GLADSTONE CITY OF,202 4TH AVE,GLADSTONE,ND,58630,CWA,No,06/25/2024,221320
GLEN ULLIN CITY OF,119 S MAIN ST,GLEN ULLIN,ND,58631,CWA,No,07/07/2025,221320
GLEN ULLIN COMPRESSOR STATION SLIT TRENCHING,(UNKNOWN ADDRESS),(UNKNOWN CITY),ND,00000,CWA,No,,
GLEN ULLIN REGIONAL AIRPORT AUTHORITY,6670 COUNTY ROAD 139,UNKNOWN,ND,58000,CWA,No,04/17/2024,
GLENBURN CITY OF,215 MAIN ST,GLENBURN,ND,58740,CWA,No,08/22/2023,221320
"GLENBURN, CITY OF",P.O. BOX 97,GLENBURN,ND,58740,CWA,No,,
GLENDALE TOWNSHIP,REMOTE LOCATION,UNKNOWN,ND,58000,CWA,No,02/22/2024,
GLENFIELD CITY OF,HW 200 AND HW 20,GLENFIELD,ND,58443,CWA,No,05/13/2025,221320
GOLDEN LAKE,GOLDEN LAKE,UNKNOWN,ND,58000,CWA,No,,
GOLDEN VALLEY,(UNKNOWN ADDRESS),(UNKNOWN CITY),ND,00000,CWA,No,,
GOLDEN VALLEY - GOLDEN VALLEY COUNTY ROAD 5 STRUCTURE REPLACEMENT,2773 166TH AVE SW,BEACH,ND,58621,CWA,No,,
GOLDEN VALLEY CITY OF,110 1ST AVE SW,GOLDEN VALLEY,ND,58541,CWA,No,05/10/2023,221320
GOLDEN VALLEY COUNTY,UNNAMED ROAD 20MI N & 6MI E OF,UNKNOWN,ND,58000,CWA,No,07/20/2022,
GOLDEN VALLEY COUNTY,REMOTE LOCATION,UNKNOWN,ND,58000,CWA,No,,
GOLDEN VALLEY COUNTY,161ST AVE SW,UNKNOWN,ND,58000,CWA,No,,
GOLDEN VALLEY COUNTY AIRPORT AUTHORITY,REMOTE LOCATION,UNKNOWN,ND,58000,CWA,No,,
GOLDEN VALLEY COUNTY WATER BOARD,REMOTE LOCATION,UNKNOWN,ND,58000,CWA,No,,
GOLDEN VALLEY COUNTY-TEMPORARY LOCATIONS COUNTYWIDE,150 1ST AVE SE,BEACH,ND,58621,CWA,Yes,,
GOLDEN VALLEY CTY WATER RESOURCES,STATE HWY 16,UNKNOWN,ND,58000,CWA,No,07/20/2022,
GOLDEN VALLEY INGREDIENTS,850 MAIN ST.,UNKNOWN,ND,58000,CWA,No,,
GOLDEN VALLEY SHOP,16843 OLD HWY 10,BEACH,ND,58621,CWA,No,07/20/2022,484220
GOLDEN WEST DEVELOPMENT,700 ASH AV,NEW SALEM,ND,58563,CWA,No,03/01/2022,
GOLDMARK,1881 SHEYENNE LOOP N,UNKNOWN,ND,58000,CWA,No,,
GOLVA CITY OF,HW 16 AND TERRELL AVE,GOLVA,ND,58632,CWA,No,05/17/2023,221320
GOOD SAMARITAN SOCIETY,REMOTE LOCATION,UNKNOWN,ND,58000,CWA,No,05/23/2018,
GOODRICH,2604 HIGHWAY 20 NORTH,JAMESTOWN,ND,58401,CWA,No,10/29/2020,
GOODRICH (FORMERLY UTC - UNITED TECHNOLOGIES CENTER: AERO SPACE SYSTEMS),2604 HWY 20 NORTH,JAMESTOWN,ND,58401,CWA,No,09/10/2025,
GOODRICH - INTERIORS-CARGO SYSTEMS PLANT #1,2604 HIGHWAY 20 NORTH,JAMESTOWN,ND,58401,CWA,No,06/12/2024,
GOODRICH - INTERIORS-CARGO SYSTEMS PLANT #2,1807 13TH ST. NE,JAMESTOWN,ND,58401,CWA,No,06/12/2024,
GOODRICH CITY OF,410 MCKINLEY AVE,GOODRICH,ND,58444,CWA,No,06/15/2022,221320
GORDON LAKE DAM,BIA ROUTE 2,BELCOURT,ND,58329,CWA,No,,
"GOVT LOT #3, NW 1/4, SECTION 15, T 151 N, R 64 W",WOOD LAKE ROAD,SHEYENNE,ND,58374,CWA,No,,
GOWAN CONSTRUCTION,REMOTE LOCATION,UNKNOWN,ND,58000,CWA,No,,
GOWAN CONSTRUCTION,REMOTE LOCATION,UNKNOWN,ND,58000,CWA,No,,
GOWAN CONSTRUCTION-SHEYENNE PLANT,16725 29TH ST. NE,SHEYENNE,ND,58374,CWA,No,,
"GRACE GARDEN, LLLP",REMOTE LOCATION,UNKNOWN,ND,58000,CWA,No,,
GRAFTON CITY OF,5 E 4TH ST,GRAFTON,ND,58237,CWA,No,08/20/2025,221320
GRAFTON CITY OF,REMOTE LOCATION,UNKNOWN,ND,58000,CWA,No,,221320
GRAFTON CITY OF,5 E 4TH ST,GRAFTON,ND,58237,CWA,No,,
GRAFTON PUBLIC SCHOOL DISTRICT,1548 SCHOOL RD,UNKNOWN,ND,58000,CWA,No,,
GRAFTON PUBLIC SCHOOLS,REMOTE LOCATION,UNKNOWN,ND,58000,CWA,No,,
GRAFTON SCHOOL DISTRICT #18,1737 SCHOOL ROAD,UNKNOWN,ND,58000,CWA,No,,
"GRAND CENTURION, LLP",1142 WEST TURNPIKE AVENUE,UNKNOWN,ND,58000,CWA,No,,
GRAND FORKS AFB,REMOTE LOCATION,UNKNOWN,ND,58000,CWA,No,,
"GRAND FORKS AFB - AIRCRAFT MAINTENANCE FACILITY (AMF), BLDG. 649",899 EIELSON STREET,GRAND FORKS AFB,ND,58204,CWA,No,,
"GRAND FORKS AFB - AIRCRAFT MAINTENANCE FACILITY (AMF), BLDG. 649",899 EIELSON STREET,GRAND FORKS AFB,ND,58205,CWA,No,,
GRAND FORKS AIR FORCE BASE,REMOTE LOCATION,UNKNOWN,ND,58000,CWA,No,,
GRAND FORKS AIR FORCE BASE,REMOTE LOCATION,UNKNOWN,ND,58000,CWA,No,,
GRAND FORKS AIR FORCE BASE,REMOTE LOCATION,UNKNOWN,ND,58000,CWA,No,06/16/2014,
GRAND FORKS AIRPORT AUTHORITY,2301 AIRPORT DR,UNKNOWN,ND,58000,CWA,No,,
GRAND FORKS AIRPORT AUTHORITY,REMOTE LOCATION,UNKNOWN,ND,58000,CWA,No,,
GRAND FORKS AND PEMBINA COUNTY,"MULTIPLE BRIDGES 171, 175, AND 297",GRAND FORKS,ND,55311,CWA,No,,
GRAND FORKS CHILDREN'S MUSEUM,1660 S 42ND ST,GRAND FORKS,ND,58201,CWA,No,,
GRAND FORKS CITY,HWY 81 & 30TH AVE. N.,UNKNOWN,ND,58000,CWA,No,,
GRAND FORKS CITY,REMOTE LOCATION,UNKNOWN,ND,58000,CWA,No,,
GRAND FORKS CITY,6250 S. 14TH ST,UNKNOWN,ND,58000,CWA,No,,
GRAND FORKS CITY OF,724 N 47TH ST,GRAND FORKS,ND,58203,CWA,Yes,10/26/2022,
GRAND FORKS CITY OF,3251 N 69TH ST,GRAND FORKS,ND,58206,CWA,Yes,09/24/2025,221320
GRAND FORKS CITY OF,PO BOX 5200,GRAND FORKS,ND,58206-5200,CWA,No,,
GRAND FORKS COUNTY,REMOTE LOCATION,UNKNOWN,ND,58000,CWA,No,,
GRAND FORKS COUNTY,REMOTE LOCATION,UNKNOWN,ND,58000,CWA,No,,
GRAND FORKS COUNTY,151 4TH ST S,GRAND FORKS,ND,58201,CWA,No,07/16/2025,
GRAND FORKS COUNTY,(UNKNOWN ADDRESS),(UNKNOWN CITY),ND,00000,CWA,No,,
GRAND FORKS COUNTY,2.5 MILES WEST AND .25 MILES SOUTH ON 39TH ST NE O,UNKNOWN,ND,58000,CWA,No,,
GRAND FORKS COUNTY,REMOTE LOCATION,UNKNOWN,ND,58000,CWA,No,,
GRAND FORKS COUNTY,3 MILES WEST AND 1.25 MILES NORTH OF NORTHWOOD ON,UNKNOWN,ND,58000,CWA,No,,
GRAND FORKS COUNTY,REMOTE LOCATION,UNKNOWN,ND,58000,CWA,No,,
GRAND FORKS COUNTY,REMOTE LOCATION,UNKNOWN,ND,58000,CWA,No,,
GRAND FORKS COUNTY - FXS-0018(054),PO BOX 5682,GRAND FORKS,ND,58206,CWA,No,,
GRAND FORKS COUNTY HIGHWAY DEPT,REMOTE LOCATION,UNKNOWN,ND,58000,CWA,No,10/27/2022,
GRAND FORKS COUNTY WATER RESOURCE DISTRICT,REMOTE LOCATION,UNKNOWN,ND,58000,CWA,No,,
GRAND FORKS COUNTY WATER RESOURCE DISTRICT,LARIMOURE DAM,UNKNOWN,ND,58000,CWA,No,,
GRAND FORKS COUNTY WRD,REMOTE LOCATION,UNKNOWN,ND,58000,CWA,No,,
GRAND FORKS FED EX FACILITY,375 2ND AVE N,GRAND FORKS,ND,58203,CWA,No,,
GRAND FORKS INERT LANDFILL,2701 N. 69TH STREE,GRAND FORKS,ND,58203,CWA,No,08/09/2023,562212
GRAND FORKS INTERNATIONAL AIRPORT,2301 AIRPORT DRIVE #107,GRAND FORKS,ND,58203,CWA,Yes,10/26/2022,488119
GRAND FORKS INTERNATIONAL AIRPORT,(UNKNOWN ADDRESS),(UNKNOWN CITY),ND,00000,CWA,No,,
GRAND FORKS INTERNATIONAL AIRPORT,REMOTE LOCATION,UNKNOWN,ND,58000,CWA,No,,
GRAND FORKS MUNICIPAL SOLID WASTE LANDFILL,5500 54TH AVE. N,GRAND FORKS,ND,58203,CWA,No,08/09/2023,562212
GRAND FORKS PARK & REC. (RYAN LAKE),REMOTE LOCATION,UNKNOWN,ND,58000,CWA,No,,
GRAND FORKS PARK DISTRICT,4601 CHERRY STREET,UNKNOWN,ND,58000,CWA,No,,
GRAND FORKS PARK DISTRICT,4301 SOUTH 20TH STREET,UNKNOWN,ND,58000,CWA,No,,
GRAND FORKS PARK DISTRICT,2511 17TH AVE S,UNKNOWN,ND,58000,CWA,No,,
GRAND FORKS PUBLIC HEALTH,GRAND FORKS,UNKNOWN,ND,58000,CWA,No,,
GRAND FORKS PUBLIC SCHOOL DISTRICT #1,2250 5TH AVE N,UNKNOWN,ND,58000,CWA,No,07/16/2025,
GRAND FORKS PUBLIC SCHOOLS - CAREER IMAPCT ACADEMY,2400 47TH AVE S,GRAND FORKS,ND,58201,CWA,No,07/14/2025,
GRAND FORKS PUBLIC SCHOOLS - CENTRAL KITCHEN,2400 47TH AVE. S,GRAND FORKS,ND,58201,CWA,No,,
GRAND FORKS REGIONAL AIRPORT,2301 AIRPORT DRIVE,GRAND FORKS,ND,58203,CWA,No,,
GRAND FORKS REGIONAL AIRPORT AUTHORITY,REMOTE LOCATION,UNKNOWN,ND,58000,CWA,No,10/26/2022,
GRAND FORKS REGIONAL AIRPORT AUTHORITY,2301 AIRPORT DRIVE,UNKNOWN,ND,58000,CWA,No,,
GRAND FORKS REGIONAL AIRPORT AUTHORITY,2301 AIRPORT DRIVE,UNKNOWN,ND,58000,CWA,No,10/26/2022,
GRAND FORKS REGIONAL WTP,901 SOUTH 58TH STREET,GRAND FORKS,ND,58201,CWA,No,05/24/2023,
GRAND FORKS TOWNSHIP,OFF OF LAKE DRIVE AND HILLCREST AVE,UNKNOWN,ND,58000,CWA,No,,
GRAND FORKS WATER RESOURCE DISTRICT,REMOTE LOCATION,UNKNOWN,ND,58000,CWA,No,,
GRAND FORKS WTP,503 SOUTH 4TH STREET,GRAND FORKS,ND,58206,CWA,No,08/01/2011,
GRAND FORKS WTP,503 SOUTH 4TH STREET,GRAND FORKS,ND,58206,CWA,No,09/15/2015,
"GRAND PRAIRIE AGRICULTURE, LLP",REMOTE LOCATION,UNKNOWN,ND,58000,CWA,No,,
GRAND RIVER CASINO AND RESORT WASTEWATER FACILITY,SE1/4 S3 T19N R29E,MOBRIDGE,SD,57601,CWA,Yes,05/11/2016,221320
GRAND SKY FIELD OPERATIONS,162 GRAND SKY BOULEVARD,UNKNOWN,ND,58000,CWA,No,,
GRANDIN CITY OF,208 3RD ST,GRANDIN,ND,58038,CWA,No,08/05/2025,221320
GRANITE PEAK PARTNERS,REMOTE LOCATION,UNKNOWN,ND,58000,CWA,No,05/13/2014,
GRANT COUNTY,1 MILE N AND 1/2 MILE W OF SHIELDS,UNKNOWN,ND,58000,CWA,No,,
GRANT COUNTY,REMOTE LOCATION,UNKNOWN,ND,58000,CWA,No,,
GRANT COUNTY,4401 61ST ST,UNKNOWN,ND,58000,CWA,No,,
GRANT COUNTY,1 MILE N OF HEIL,UNKNOWN,ND,58000,CWA,No,,
GRANT COUNTY ND,85TH ST SW 1.7 MILES EAST OF 56TH AVE,UNKNOWN,ND,58000,CWA,No,,
GRANVILLE CITY OF,MAIN STREET,GRANVILLE,ND,58741,CWA,No,05/29/2024,221320
GRAYSON MILLS,REMOTE LOCATION,UNKNOWN,ND,58000,CWA,No,,
GREAT PLAINS FOOD BANK,3315 WESTRAC DR. S.,FARGO,ND,58102,CWA,No,,
GREAT RIVER ENERGY,4001 HIGHWAY 200A,UNKNOWN,ND,58000,CWA,No,,
GREAT RIVER ENERGY,2875 3RD ST. SW,UNKNOWN,ND,58000,CWA,No,,
GREAT RIVER ENERGY,2875 THIRD STREET SW,UNKNOWN,ND,58000,CWA,No,,
GREAT RIVER ENERGY,2875 THIRD ST SW,UNKNOWN,ND,58000,CWA,No,08/12/2019,
GREAT RIVER ENERGY,2875 THIRD STREET SW,UNKNOWN,ND,58000,CWA,No,,
GREAT RIVER ENERGY,2875 THIRD STREET SW,UNKNOWN,ND,58000,CWA,No,08/12/2019,
GREAT RIVER ENERGY,COAL CREEK STATION,UNKNOWN,ND,58000,CWA,No,,
GREAT RIVER ENERGY,REMOTE LOCATION,UNKNOWN,ND,58000,CWA,No,,
GREAT RIVER ENERGY,4001 HIGHWAY 200A,UNKNOWN,ND,58000,CWA,No,08/12/2019,
GREAT RIVER ENERGY,4001 HIGHWAY 200A,UNKNOWN,ND,58000,CWA,No,08/12/2019,
GREAT RIVER ENERGY,VARIOUS - SEE ENCLOSED MAP,UNKNOWN,ND,58000,CWA,No,,
GREAT RIVER ENERGY,"2875 THIRD STREET SW, UNDERWOOD, ND",UNKNOWN,ND,58000,CWA,No,08/12/2019,
GREAT RIVER ENERGY,4001 HIGHWAY 200A,UNKNOWN,ND,58000,CWA,No,,
GREAT RIVER ENERGY - SPIRITWOOD STATION,3366 93RD AVE SE,SPIRITWOOD,ND,58481,CWA,No,09/08/2025,
GREAT RIVER ENERGY - SPIRITWOOD STATION,3366 93RD AVE SE,SPIRITWOOD,ND,58481,CWA,No,06/11/2024,
GREAT RIVER ENERGY - STANTON STATION,4001 HWY 200A,STANTON,ND,58571,CWA,No,08/12/2019,
GREAT RIVER ENERGY-COAL CREEK STATION,3RD STREET,UNDERWOOD,ND,58576,CWA,No,,
GREAT STATES CONSTRUCTION,(UNKNOWN ADDRESS),(UNKNOWN CITY),ND,00000,CWA,No,,
GREEN ACRE WASTEWATER TREATMENT LAGOONS,SE1/4 NW1/4 S26 T162N R70W,ROLETTE,ND,58316,CWA,Yes,08/22/2023,221320
GREENSCAPE,6219 53 AVE S,UNKNOWN,ND,58000,CWA,No,,
GREG HORNUNG - GREG HORNUNG EQIP RRBI DAM PROJECT,(UNKNOWN ADDRESS),(UNKNOWN CITY),ND,00000,CWA,No,,
GREG LANG,"3939 SANDY RIVER DRIVE, BISMARCK",UNKNOWN,ND,58000,CWA,No,07/01/2016,
GREG MILLER PIPELINE,RR1 BOX 119,BOWMAN,ND,58623,CWA,No,06/23/2021,236210
GREG PENNINGTON,REMOTE LOCATION,UNKNOWN,ND,58000,CWA,No,,
GREG PENNINGTON,REMOTE LOCATION,UNKNOWN,ND,58000,CWA,No,,
GREMADA INDUSTRIES - FARGO,1262 WEST MAIN AVE.,WEST FARGO,ND,58078,CWA,No,,
GREMADA INDUSTRIES - WEST FARGO,1262 WEST MAIN AVE.,WEST FARGO,ND,58078,CWA,No,,
GRENORA CITY OF,1 MAIN ST,GRENORA,ND,58845,CWA,No,05/16/2023,221320
GREY EAGLE PASS,S15 T155N R83W,MINOT,ND,58702,CWA,No,08/13/2013,
GREYSTONE CONSTRUCTION,3750 51ST AVE S,UNKNOWN,ND,58000,CWA,No,,
GREYSTONE CONSTRUCTION,2715 REIGER DR,UNKNOWN,ND,58000,CWA,No,,
GREYSTONE CONSTRUCTION,REMOTE LOCATION,UNKNOWN,ND,58000,CWA,No,,
GRIGGS COUNTY,REMOTE LOCATION,UNKNOWN,ND,58000,CWA,No,,
GRIGGS COUNTY SHOP,105 15TH ST SE,COOPERSTOWN,ND,58425,CWA,No,08/04/2021,
GRIGGS COUNTY WATER BOARD,REMOTE LOCATION,UNKNOWN,ND,58000,CWA,No,,
GRIGGS COUNTY WATER RESOURCE DISTRICT,COUNTY RD 26,UNKNOWN,ND,58000,CWA,No,05/13/2021,
GSA-LPOE DUNSEITH,10947 US-281,DUNSEITH,ND,58329,CWA,No,,
GUARDIAN ENERGY,9230 COUNTY ROAD 1,HANKINSON,ND,58041,CWA,No,,
GUARDIAN ENERGY HANKINSON,9230 COUNTY ROAD 1,HANKINSON,ND,58041,CWA,Yes,06/15/2020,325193
GUARDIAN ENERGY HANKINSON,9230 COUNTY ROAD 1,HANKINSON,ND,58041,CWA,No,,325193
GUARDIAN ENERGY HANKINSON,REMOTE LOCATION,UNKNOWN,ND,58000,CWA,No,,
GWINNER CITY OF,20 N MAIN,GWINNER,ND,58040,CWA,Yes,09/11/2024,221320
GWINNER ENGINEERING FACILITY,55 HIGHWAY 13 EAST,GWINNER,ND,58040,CWA,No,,333120
GWINNER MUNICIPAL AIRPORT,13148 ND HWY 13,UNKNOWN,ND,58000,CWA,No,,
H&H HOLDINGS LLP,REMOTE LOCATION,UNKNOWN,ND,58000,CWA,No,08/13/2013,
H&H HOLDINGS LLP,REMOTE LOCATION,UNKNOWN,ND,58000,CWA,No,,
HAGUE CITY OF,HW 11 AND 3RD ST,HAGUE,ND,58542,CWA,No,05/28/2024,221320
HALL-ETHAN HALL,9696 BIA 14,MANDAREE,ND,58757,CWA,No,04/12/2005,
"HALLE PROPERTIES, L.L.C. - DISCOUNT TIRE NDM 01",2201 15TH ST SW,MINOT,ND,58701,CWA,No,,
HALLIBURTON - DICKINSON FIELD CAMP,271 34TH STREET WEST,DICKINSON,ND,58601,CWA,No,,
HALLIBURTON - MINOT FIELD CAMP,200 72ND STREET SE,MINOT,ND,58701,CWA,No,06/30/2020,
HALLIBURTON - RICHARDTON SAND PLANT,3645 89TH AVENUE SOUTHWEST,RICHARDTON,ND,58652,CWA,No,06/09/2020,
HALLIBURTON - RICHARDTON SAND PLANT,3645 89TH AVENUE SOUTHWEST,RICHARDTON,ND,58652,CWA,No,07/29/2019,
HALLIBURTON - WILLISTON BAROID MUD PLANT,36TH AVENUE SOUTH,WILLISTON,ND,58801,CWA,No,,325998
HALLIBURTON - WILLISTON FIELD CAMP,420 HALLIBURTON DRIVE,WILLISTON,ND,58801,CWA,No,,
HALLIBURTON - WILLISTON LAND,420 22ND AVENUE EAST,WILLISTON,ND,58801,CWA,No,,
HALLIBURTON DICKINSON FIELD CAMP,271 34TH STREET WEST,DICKINSON,ND,58601,CWA,No,06/09/2020,
HALLIBURTON ENERGY SERVICES - WILLISTON,36 AVENUE SOUTH,WILLISTON,ND,58801,CWA,No,,
HALLIBURTON ENERGY SERVICES-BELFIELD,2927 HWY 85 SW,BELFIELD,ND,58622,CWA,No,08/28/2014,
HALLIBURTON ENERGY SERVICES-WILLISTON,420 HALLIBURTON DRIVE,WILLISTON,ND,58801,CWA,No,,
HALLIBURTON MINOT FIELD CAMP,200 72ND STREET SE,MINOT,ND,58701,CWA,No,,
HALLIDAY CITY OF,HW 8 AND MAIN ST,HALLIDAY,ND,58636,CWA,No,05/28/2025,221320
HALLS FARM EDINBURG,140 3RD AVE N,EDINBURG,ND,58227,CWA,No,04/02/2019,
HALLS FARM HOOPLE,77TH STREET NE,HOOPLE,ND,58243,CWA,No,05/12/2021,
HAMPDEN CITY OF,105 3RD AVE N,HAMPDEN,ND,58338,CWA,No,05/14/2025,221320
HAMPTON INN,WEST DIVIDE AVE AND SCHAFER STREET,BISMARCK,ND,58503,CWA,No,06/07/2013,
HANKINSON CITY OF,319 S MAIN,HANKINSON,ND,58041,CWA,No,06/11/2025,221320
HANNAFORD CITY OF,101 BRIAN ST,HANNAFORD,ND,58448,CWA,No,07/11/2024,221320
HANSON AUTO CRUSHING & TRUCKING DEVELOPMENT,115 33RD AVE SE,MINOT,ND,58701,CWA,No,,
HARLOWS BUS SERVICE,1021 S 23RD ST,BISMARCK,ND,58504,CWA,No,08/21/2024,
HARMONY SOLAR PROJECT,EAST OF 32ND STREET SE AND 161ST AVE SE,HARMONY TOWNSHIP,ND,60606,CWA,No,,
HARRY STERN MUNICPAL AIRPORT-WAHPETON,1251 PEGASUS RD,WAHPETON,ND,58075,CWA,No,,488119
HARRY STERN MUNICPAL AIRPORT-WAHPETON,1251 PEGASUS RD,WAHPETON,ND,58075,CWA,No,,
HARVEST MIDSTREAM,REMOTE LOCATION,UNKNOWN,ND,58000,CWA,No,,
HARVEST MIDSTREAM - PALERMO RAIL HIGH SPEED LOADING FACILITY,1001 RAILROAD AVENUE,PALERMO,ND,58769,CWA,No,,424710
HARVEY CITY OF,120 W 8TH ST,HARVEY,ND,58341,CWA,Yes,08/08/2023,221320
HATTON CITY OF,405 RAILROAD AVE,HATTON,ND,58240,CWA,No,06/26/2025,221320
HAVEN HOMES,REMOTE LOCATION,UNKNOWN,ND,58000,CWA,No,,
HAVEN HOMES,4260 PINE PARKWAY,UNKNOWN,ND,58000,CWA,No,,
HAWK ESTATES 2021 REBUILD,507 13TH STREET NORTH,NEW TOWN,ND,58763,CWA,No,,
HAWKTREE HOMEOWNERS ASSOCIATION,REMOTE LOCATION,UNKNOWN,ND,58000,CWA,No,,
HAWTHORNE CUSTOM HOMES,8817 MEADOWLARK PKWY,UNKNOWN,ND,58000,CWA,No,,
HAZELTON CITY OF,HW 83 AND 34,HAZELTON,ND,58544,CWA,No,05/22/2025,221320
HAZEN CITY OF,146 MAIN STREET WEST,HAZEN,ND,58545,CWA,No,05/06/2025,221320
HAZERS AUTO & TRUCK,811 9TH ST NE,WEST FARGO,ND,58078,CWA,Yes,,
HCL-0003(020),BIA 21,TOKIO,ND,58374,CWA,No,,
HD PARTNERSHIP,REMOTE LOCATION,UNKNOWN,ND,58000,CWA,No,,
HD PARTNERSHIP,REMOTE LOCATION,UNKNOWN,ND,58000,CWA,No,,
HEART OF AMERICA MEDICAL CENTER,(UNKNOWN ADDRESS),(UNKNOWN CITY),ND,00000,CWA,No,10/20/2022,
HEART RIDGE DEVELOPMENT,(UNKNOWN ADDRESS),(UNKNOWN CITY),ND,00000,CWA,No,,
HEART RIVER VILLAS ADDITION,(UNKNOWN ADDRESS),(UNKNOWN CITY),ND,00000,CWA,No,05/25/2023,
HEBRON BRICK & BLOCK SUPPLY-MANDAN,2190 SUNNY ROAD S.,MANDAN,ND,58554,CWA,No,08/29/2023,
HEBRON CITY OF,620 WASHINGTON AVE,HEBRON,ND,58638,CWA,No,07/07/2025,221320
"HEBRON, CITY OF",P.O. BOX V,HEBRON,ND,58638,CWA,No,,
HECTOR INT. FARGO AIRPORT AUTHORITY,2801 32ND AVE N,UNKNOWN,ND,58000,CWA,No,,
HECTOR INTERNATIONAL AIRPORT,2801 32ND AVE N,FARGO,ND,58102,CWA,No,,488119
HECTOR INTERNATIONAL AIRPORT,2801 32ND AVE N,FARGO,ND,58102,CWA,No,07/08/2020,488119
HECTOR INTERNATIONAL AIRPORT - AIP NO 3-38-0017-062-2024,2801 32 AVE N,FARGO,ND,58102,CWA,No,,
HECTOR INTERNATIONAL AIRPORT - HECTOR AIRPORT TERMINAL APRON RECON. PHASE 1,2801 32ND AVE N,FARGO,ND,58102,CWA,No,,
HECTOR INTERNATIONAL AIRPORT - NORTH GA APRON EXPANSION (3-38-0017-057-2023),(UNKNOWN ADDRESS),(UNKNOWN CITY),ND,00000,CWA,No,,
HECTOR INTERNATIONAL AIRPORT - SOUTH GA APRON EXPANSION,2801 32ND AVE N,FARGO,ND,58102,CWA,No,,
HECTOR INTERNATIONAL AIRPORT AUTHORITY,2801 32ND AVE N,UNKNOWN,ND,58000,CWA,No,,
HEIM BROTHERS,REMOTE LOCATION,UNKNOWN,ND,58000,CWA,No,,
HEINZE FEEDLOT,REMOTE LOCATION,UNKNOWN,ND,58000,CWA,No,,
HELENDALE TWP. DRAIN,15470 CO. RD 2,UNKNOWN,ND,58000,CWA,No,,
HELLERVIK OILFIELD TECHNOLOGIES,11419 US HIGHWAY 2,UNKNOWN,ND,58000,CWA,No,,
HELM TRUCK LINE,309 WEST HIGHWAY 66,DRAYTON,ND,58225,CWA,No,,
HEN-7-023(068)043 PCN 23672,MINNIE TOHE DR HEALTH DR,NEW TOWN,ND,58763,CWA,No,,
HENDERSON RANCH,UNK,SOLEN,ND,58570,CWA,No,05/21/2009,
HENRY HARRISON,"1523 96TH ST, FORT YATES, ND",UNKNOWN,ND,58000,CWA,No,,
HERB H SCHWEDE,39601 NORTH HIGHWAY 52,UNKNOWN,ND,58000,CWA,No,,
HERBERG DAIRY - STORMWATER CONSTRUCTION,172ND AVE SE AND 5TH ST SE,HILLSBORO,ND,58045,CWA,No,,
"HERITAGE HILLS I, LLLP","2585 DAKOTA BOULEVARD, DICKINSON",UNKNOWN,ND,58000,CWA,No,,
HERITAGE HOMES,(UNKNOWN ADDRESS),(UNKNOWN CITY),ND,00000,CWA,No,,
HERITAGE HOMES,(UNKNOWN ADDRESS),(UNKNOWN CITY),ND,00000,CWA,No,,
HERITAGE HOMES,(UNKNOWN ADDRESS),(UNKNOWN CITY),ND,00000,CWA,No,,
HERITAGE HOMES,(UNKNOWN ADDRESS),(UNKNOWN CITY),ND,00000,CWA,No,,
HERITAGE HOMES - BERKSHIRE HATHAWAY,"5000 PROSPERITY WAY, FARGO, ND",UNKNOWN,ND,58000,CWA,No,,
"HERITAGE HOMES SUNSET VALLEY ADDITION, 6829 SUNRISE PT",6829 SUNRISE PT,HORACE,ND,58047,CWA,No,,
HERITAGE HOMES-SUNSET VALLEY,64TH AVE & 66TH ST,HORACE,ND,58047,CWA,No,,
HERITAGE PARK 2ND AND RIDGE 2ND ADDITION,(UNKNOWN ADDRESS),(UNKNOWN CITY),ND,00000,CWA,No,03/15/2022,
HERITAGE RESERVE WWTP,US HWY 83,BISMARCK,ND,58503,CWA,No,07/31/2024,
HERITAGE RIDGE 2ND ADDITION LOT 14-15,(UNKNOWN ADDRESS),(UNKNOWN CITY),ND,00000,CWA,No,10/11/2023,
HERTZ BORROW,HWY 14,UNKNOWN,ND,58000,CWA,No,,
HERTZ CLAY BORROW,HWY 14,UNKNOWN,ND,58000,CWA,No,,
HES-1-024(022)011,N/A,FORT YATES,ND,58538,CWA,No,,
HESKETT PLANT,2025 38TH ST NE,MANDAN,ND,58554,CWA,No,10/18/2024,
HESS,3015 16TH ST SW,MINOT,ND,58701,CWA,No,,
HESS,10318 68TH ST NW,UNKNOWN,ND,58000,CWA,No,12/13/2023,
"HESS OIL - KEENE, ND",HWY 23 AND 109TH AVE NW,KEENE,ND,58847,CWA,No,07/25/2024,
HETTINGER CITY OF,602 ADAMS AVE,HETTINGER,ND,58639,CWA,No,07/08/2024,221320
HETTINGER COUNTY,REMOTE LOCATION,UNKNOWN,ND,58000,CWA,No,,
HETTINGER COUNTY,REMOTE LOCATION,UNKNOWN,ND,58000,CWA,No,,
HETTINGER COUNTY,REMOTE LOCATION,UNKNOWN,ND,58000,CWA,No,,
HETTINGER COUNTY LOT,512 MINNESOTA AVE.,MOTT,ND,58646,CWA,No,,
HETTINGER COUNTY NORTH DAKOTA,REMOTE LOCATION,UNKNOWN,ND,58000,CWA,No,,
HETTINGER COUNTY SHOP,512 MINNESOTA AVE,MOTT,ND,58646,CWA,No,,
HETTINGER COUNTY WATER RESOURCE DIST,REMOTE LOCATION,UNKNOWN,ND,58000,CWA,No,,
HETTINGER MUNICIPAL AIRPORT,109 2ND AVE NW,HETTINGER,ND,58639,CWA,No,08/18/2021,
HETTINGER RAILYARD,505 RAILROAD AVENUE,HETTINGER,ND,58639,CWA,No,,
HHH DEVELOPMENT,4041 27TH ST N,UNKNOWN,ND,58000,CWA,No,,
HI PRO PROJECT,(UNKNOWN ADDRESS),(UNKNOWN CITY),ND,00000,CWA,No,09/17/2025,
HIGHWAY 85 PIT,11675 ND,WATFORD CITY,ND,58854,CWA,No,,
HILAND CRUDE,REMOTE LOCATION,UNKNOWN,ND,58000,CWA,No,,
HILAND CRUDE,REMOTE LOCATION,UNKNOWN,ND,58000,CWA,No,,
HILAND CRUDE,REMOTE LOCATION,UNKNOWN,ND,58000,CWA,No,,
HILAND CRUDE,REMOTE LOCATION,UNKNOWN,ND,58000,CWA,No,,
HILAND CRUDE,REMOTE LOCATION,UNKNOWN,ND,58000,CWA,No,,
HILAND CRUDE,REMOTE LOCATION,UNKNOWN,ND,58000,CWA,No,,
HILAND PARTNERS,REMOTE LOCATION,UNKNOWN,ND,58000,CWA,No,,
HILAND PARTNERS,REMOTE LOCATION,UNKNOWN,ND,58000,CWA,No,,
HILAND PARTNERS HOLDINGS - LITTLE MISSOURI TO ROOSEVELT CS,REMOTE LOCATION,UNKNOWN,ND,58000,CWA,No,,
HILD SCORIA PIT,SULLY CREEK ROAD,MEDORA,ND,58645,CWA,No,,
HILD SCORIA PIT,BOX 386,MEDORA,ND,58645,CWA,No,,
HILL TOP HOME OF COMFORT,95 HILL TOP DRIVE,UNKNOWN,ND,58000,CWA,No,,
HILLSBORO,HILLSBORO,UNKNOWN,ND,58000,CWA,No,,
HILLSBORO CITY OF,19 S MAIN,HILLSBORO,ND,58045,CWA,No,06/24/2025,221320
HILLSBORO MUNICIPAL AIRPORT,"4 MILES S OF HILLSBORO, ND OFF I-29 EXIT 100",UNKNOWN,ND,58000,CWA,No,,
HILLSBORO PUBLIC SCHOOLS,"128 4TH ST SE, HILLSBORO, ND 58045",UNKNOWN,ND,58000,CWA,No,,
HILLSBORO REGIONAL AIRPORT AUTHORITY,16347 US HWY 200A,UNKNOWN,ND,58000,CWA,No,,
HILLSBORO REGIONAL AIRPORT AUTHORITY,REMOTE LOCATION,UNKNOWN,ND,58000,CWA,No,,
HILLSBORO WTP,19TH S MAIN,HILLSBORO,ND,58045,CWA,No,01/24/2023,
HOHENSTEIN HOMES,REMOTE LOCATION,UNKNOWN,ND,58000,CWA,No,,
HOHENSTEIN HOMES,737 2ND AVE,UNKNOWN,ND,58000,CWA,No,,
HOHENSTEIN HOMES,721 1ST AVE,UNKNOWN,ND,58000,CWA,No,,
"HOHENSTEIN HOMES - 6297 86TH AVE S, HORACE, ND",6297 86TH AVE S,HORACE,ND,58047,CWA,No,,
HOHESTEIN HOMES,10366 73RD STREET SOUTH,UNKNOWN,ND,58000,CWA,No,,
HOLIDAY COMPANIES,3815 TRENTON DRIVE,UNKNOWN,ND,58000,CWA,No,,
HOLIDAY STATION AND STORE,58TH STREET E AND US HIGHWAY 2,WILLISTON,ND,58801,CWA,No,07/20/2016,
HOLIDAY STATION STORE 435,107 8TH AVENUE SE,WATFORD CITY,ND,58854,CWA,No,08/26/2014,
HOLIDAY STATION STORES,REMOTE LOCATION,UNKNOWN,ND,58000,CWA,No,,
HOLIDAY STATION STORES,5168 52 AVE. S,UNKNOWN,ND,58000,CWA,No,,
HOME OF ECONOMY,2102 2ND AVENUE WEST,WILLISTON,ND,58801,CWA,No,08/06/2013,
HOME ON THE RANGE,16351 INTERSTATE 94,SENTINEL BUTTE,ND,58654,CWA,No,05/17/2023,
HOMETOWN LIVING L.P.,REMOTE LOCATION,UNKNOWN,ND,58000,CWA,No,,
HOOPLE CITY OF,222 S 2ND ST,HOOPLE,ND,58243,CWA,No,08/20/2025,221320
HOPE CHURCH,1601 17TH AVE S,GRAND FORKS,ND,58201,CWA,No,,
HOPE CHURCH,"1601 17TH AVE. S. GRAND FORKS, ND",UNKNOWN,ND,58000,CWA,No,,
HOPE CITY OF,107 STEEL AVE,HOPE,ND,58046,CWA,No,07/14/2025,221320
HOPE LUTHERAN CHURCH,4905 9TH ST W,WEST FARGO,ND,58078,CWA,No,,
HOPEWELLS USED AUTO PARTS,5560 160TH AVE SE,KINDRED,ND,58051,CWA,Yes,,
HORACE,CUB CREEK,UNKNOWN,ND,58000,CWA,No,,
HORACE - 25-071 WF HOCKEY,325 SPARKS BLVD,HORACE,ND,58047,CWA,No,,
HORACE CITY OF,600 NELSON DR,HORACE,ND,58047,CWA,No,,221320
HORACE CITY OF,600 NELSON DR,HORACE,ND,58047,CWA,Yes,09/24/2024,221320
HORACE CITY OF,600 NELSON DR,HORACE,ND,58047,CWA,No,05/17/2022,221320
HORACE MANN ELEMENTARY SCHOOL,220 11TH AVENUE NORTH,FARGO,ND,58102,CWA,No,,
HORACE PARK DISTRICT,8873 LOST RIVER RD,UNKNOWN,ND,58000,CWA,No,,
HORACE PARK DISTRICT,WALL AVENUE AND NELSON DRIVE,UNKNOWN,ND,58000,CWA,No,,
HORACE PARK DISTRICT,REMOTE LOCATION,UNKNOWN,ND,58000,CWA,No,10/13/2021,
HORSESHOE BEND TRAILER COURT,7 HORSESHOE BEND,HORACE,ND,58047,CWA,No,06/27/2023,
HOWIE SUBSTATION,3198 88TH AVE NW,NEW TOWN,ND,58763,CWA,No,,
HSBC I,REMOTE LOCATION,UNKNOWN,ND,58000,CWA,No,,
HUBBARD FEEDS,1503 YEGEN ROAD,BISMARCK,ND,58502,CWA,No,09/15/2022,311119
HUBERT OYE & SONS-HOT MIX ASPHALT PLANT,4370 52ND AVE N,FARGO,ND,58102,CWA,No,,324121
HUENINK REAL ESTATE TRUST,REMOTE LOCATION,UNKNOWN,ND,58000,CWA,No,,
HUFFMAN RANCH-SPIRIT LAKE CAF4,BOX 276,MINNEWAUKAN,ND,58351,CWA,No,10/05/2004,
HUNT BOUSTEAD,2418 DEL RIO DR,UNKNOWN,ND,58000,CWA,No,,
HUNT BOUSTEAD,6901 AURORA ST,UNKNOWN,ND,58000,CWA,No,,
HUNT BOUSTEAD,301 BUCKSKIN AVE BISMARCK,UNKNOWN,ND,58000,CWA,No,,
HUNT BOUSTEAD,REMOTE LOCATION,UNKNOWN,ND,58000,CWA,No,,
HUNTER CITY OF,122 2ND AVE W,HUNTER,ND,58048,CWA,No,09/23/2024,221320
HUNTINGTON HOMES,631 CODY DR,BISMARCK,ND,58503,CWA,No,,
HUNTINGTON HOMES,631 CODY DR,BISMARCK,ND,58503,CWA,No,09/18/2025,
HUNTINGTON HOMES,631 CODY DR,BISMARCK,ND,58503,CWA,No,02/24/2026,
HUNTINGTON HOMES,3812 HIGH MEADOW CIRCLE,UNKNOWN,ND,58000,CWA,No,06/30/2016,
HUNTINGTON HOMES,5413 AND 5419 SUPERIOR DR,UNKNOWN,ND,58000,CWA,No,,
HUNTINGTON HOMES,"4527 NORMANDY ST, BISMARCK",UNKNOWN,ND,58000,CWA,No,,
HURDSFIELD CITY OF,108 3RD ST W,HURDSFIELD,ND,58451,CWA,No,05/30/2024,221320
HURDSFIELD LEGAL DRAIN IMPROVEMENTS,REMOTE LOCATION,UNKNOWN,ND,58000,CWA,No,09/22/2020,
HURLEY'S OILFIELD SERVICES,UNKNOWN,UNKNOWN,ND,00000,CWA,No,06/06/2012,
HVINDEN BORROW,HWY 1804,UNKNOWN,ND,58000,CWA,No,,
HWY 12 GRAND RIVER CASINO WATER MAIN RELOCATION,2 WEST HWY 12,WAKPALA,SD,57658,CWA,No,,
HWY 23 EAST OF 1806,"HWY 23, 1 MILE EAST OF 1806 TO JOHNSON'S CORNER",WATFORD CITY,ND,58854,CWA,No,07/16/2015,
HWY 85 S RECONSTRUCTION,PO BOX 820,DICKINSON,ND,58602,CWA,No,,
HWY 85 S RECONSTRUCTION,"SW25146N99W47.432390, -103.245730",DICKINSON,ND,58602,CWA,No,,
HWY 85 S RECONSTRUCTION,"NW1/4S1T145NR99W47.412961, -103.246471",DICKINSON,ND,58602,CWA,No,,
HWY 85 S RECONSTRUCTION,"SE1/4S23T146NR99W47.445575, -103.250667",DICKINSON,ND,58602,CWA,No,,
HWY 85 S RECONSTRUCTION,"NW25146N99W47.440910, -103.245488",DICKINSON,ND,58602,CWA,No,,
I-94 EASTBOUND RECONSTRUCTION,(UNKNOWN ADDRESS),(UNKNOWN CITY),ND,00000,CWA,No,,
IAN,REMOTE LOCATION,UNKNOWN,ND,58000,CWA,No,,
IHD SOLIDS MANAGEMENT,14070 43RD ST NW,ALEXANDER,ND,58831,CWA,Yes,06/26/2024,562212
IMPROVEMENT DISTRICT BR-25-C1,LILAC LANE N,FARGO,ND,58102,CWA,No,,
IMPROVEMENT DISTRICT BR-26-A1 (FARGO),225 4TH ST N,FARGO,ND,58102,CWA,No,,
INDIAN COUNTRY LANDS(N DAKOTA),STORM WATER PERMIT,TOWNS IN NORTH DAKOTA,ND,58501,CWA,No,,
INDUSTRIAL CONTRACT SERVICES,REMOTE LOCATION,UNKNOWN,ND,58000,CWA,No,07/27/2021,
INF-HEN-4-052(101)167 PCN: 23153,US HWY52 & US HWY 3,HARVEY,ND,58341,CWA,No,,
INFINITY WINDOWS,1512 9TH ST. NE,WEST FARGO,ND,58078,CWA,No,,
INGREDION INCORPORATED,2250 MILL ROAD,GRAND FORKS,ND,58203,CWA,No,,
"INNOVEX -- WILLISTON, ND",13 TOWN & COUNTRY LANE SW,WILLISTON,ND,58801,CWA,No,,
INNOVEX DOWNHOLE SOLUTIONS,13 TOWN & COUNTRY LANE SW,UNKNOWN,ND,58000,CWA,No,08/19/2021,
"INREIT PROPERTIES, LLP","4700 19TH ST. NORTH, BISMARCK",UNKNOWN,ND,58000,CWA,No,,
INTEGRA-MEADOWLARK,400 18TH AVENUE SE,UNKNOWN,ND,58000,CWA,No,,
INTERNATIONAL PEACE GARDENS,"10939 HIGHWAY 281, DUNSEITH",UNKNOWN,ND,58000,CWA,No,,
INTERNATIONAL PEACE GARDENS,HWY 3 INTERNATIONAL BORDER,DUNSEITH,ND,58329,CWA,Yes,08/07/2025,
INTERSECTION OF ND HWY23 AND WARD COUNTY RD9,INTERSECTION OF ND HWY23 AND WARD COUNTY RD9,MAKOTI,ND,58756,CWA,No,,
INTERSECTION WORK AT JUNCTION OF ND 23 AND ND 1804,INTERSECTION WORK AT JUNCTION OF ND 23 AND ND 1804,NEW TOWN,ND,58763,CWA,No,08/28/2014,
IRET PROPERTIES,4005 NEBRASKA DRIVE,UNKNOWN,ND,58000,CWA,No,05/05/2017,
IRET PROPERTIES,3112 16TH STREET SW,UNKNOWN,ND,58000,CWA,No,,
IRET PROPERTIES,REMOTE LOCATION,UNKNOWN,ND,58000,CWA,No,,
ISN DECOMMISSIONING PAVEMENT REMOVAL PROJECT,REMOTE LOCATION,UNKNOWN,ND,58000,CWA,No,,
IXOM WATERCARE,3225 HWY 22,DICKINSON,ND,58601,CWA,No,09/04/2024,
IXOM WATERCARE,3225 HWY 22,DICKINSON,ND,58601,CWA,No,,332999
J & J STRIPING,REMOTE LOCATION,UNKNOWN,ND,58000,CWA,No,,
J & L CONSTRUCTION,REMOTE LOCATION,UNKNOWN,ND,58000,CWA,No,06/11/2018,
J & O REAL ESTATE,3907 30TH AVE S,UNKNOWN,ND,58000,CWA,No,,
J & P LIVESTOCK,REMOTE LOCATION,UNKNOWN,ND,58000,CWA,No,,
J AND P LIVESTOCK,UNKNOWN,UNKNOWN,ND,00000,CWA,No,05/17/2012,
J&J PROPERTY RESOURCES,"2730 7TH AVE. S., FARGO, ND",UNKNOWN,ND,58000,CWA,No,,
J&L CONSTRUCITON,REMOTE LOCATION,UNKNOWN,ND,58000,CWA,No,,
J&L CONSTRUCTION,REMOTE LOCATION,UNKNOWN,ND,58000,CWA,No,,
J&L CONSTRUCTION,REMOTE LOCATION,UNKNOWN,ND,58000,CWA,No,,
J&L CONSTRUCTION,REMOTE LOCATION,UNKNOWN,ND,58000,CWA,No,,
J&L CONSTRUCTION,REMOTE LOCATION,UNKNOWN,ND,58000,CWA,No,,
JACAM DICKINSON WAREHOUSE,10759 30TH ST SW,DICKINSON,ND,58601,CWA,No,08/28/2013,
JACAM WAREHOUSE - BOWMAN,14641 HWY 12 SW,BOWMAN,ND,58623,CWA,No,,
JACAM WAREHOUSE - RHAME,8104 159TH AVE. SW,RHAME,ND,58651,CWA,No,,
JACAM WAREHOUSE - WILLISTON,5028 139TH LANE,WILLISTON,ND,58801,CWA,No,05/14/2014,
JACK KALLENBACH,(UNKNOWN ADDRESS),(UNKNOWN CITY),ND,00000,CWA,No,04/08/2021,
JACK MCCRORY - STORMWATER CONSTRUCTION,7740 MAIN AVE,LINTON,ND,58552,CWA,No,,
JACK RABBIT ROAD BIA RT. 15 & 10,BIA RT 15 & 10,DUNSETH,ND,58329,CWA,No,,
JACK RABBIT ROAD BIA RT. 8,HWY 281 & BIA 8,DUNSETH,ND,58329,CWA,No,,
JACK SCHAFFER RANCH,UNKNOWN,UNKNOWN,ND,00000,CWA,No,05/17/2012,
JACKS AND JAMES WAY,(UNKNOWN ADDRESS),(UNKNOWN CITY),ND,00000,CWA,No,,
"JACKSON FLATS COMMUNITY, LLLP",2350 36TH AVE SOUTH,UNKNOWN,ND,58000,CWA,No,06/30/2022,
JACOB KULLIS,1178 HIGHLAND LANE W,UNKNOWN,ND,58000,CWA,No,,
JAMES AMUNDSON,REMOTE LOCATION,UNKNOWN,ND,58000,CWA,No,,
JAMES AND KELSI HACH,NOT YET ASSIGNED.,UNKNOWN,ND,58000,CWA,No,08/31/2023,
JAMES ARTHAUD,EASTERNMOST END OF SOUTH AVENUE,UNKNOWN,ND,58000,CWA,No,07/18/2018,
JAMES GOODMAN,728 RED DOT PL,UNKNOWN,ND,58000,CWA,No,,
JAMES HUTTON & JARED HUTTON,REMOTE LOCATION,UNKNOWN,ND,58000,CWA,No,,
JAMESTOWN,JAMESTOWN,UNKNOWN,ND,58000,CWA,No,,
JAMESTOWN 110,102 3RD AVE SE,JAMESTOWN,ND,58401,CWA,No,,
JAMESTOWN AIRPORT AUTHORITY,REMOTE LOCATION,UNKNOWN,ND,58000,CWA,No,,
JAMESTOWN CITY OF,102 3RD AVE SE,JAMESTOWN,ND,58401-4205,CWA,No,12/31/2023,
JAMESTOWN CITY OF,4940 18TH STREET SE,JAMESTOWN,ND,58401,CWA,No,09/15/2020,221320
JAMESTOWN CITY OF,102 3RD AVE SE,JAMESTOWN,ND,58401,CWA,Yes,09/09/2025,221320
JAMESTOWN PARKS AND REC,1501 5TH STREET NE,UNKNOWN,ND,58000,CWA,No,,
JAMESTOWN PARKS AND REC - NICKEUS PARK RENOVATION EC24-00-097,123 10TH ST NW,JAMESTOWN,ND,58401,CWA,No,05/06/2026,
JAMESTOWN PARKS AND RECREATION,(UNKNOWN ADDRESS),(UNKNOWN CITY),ND,00000,CWA,No,04/30/2025,
JAMESTOWN PUBLIC SCHOOL DISTRICT #1,1509 10TH ST NE,UNKNOWN,ND,58000,CWA,No,07/26/2023,
JAMESTOWN REGIONAL AIRPORT,1600 21ST AVE NE,UNKNOWN,ND,58000,CWA,No,,
JAMESTOWN REGIONAL AIRPORT,REMOTE LOCATION,UNKNOWN,ND,58000,CWA,No,,
JAMESTOWN REGIONAL AIRPORT AUTHORITY,"1600 21ST AVE NE, JAMESTOWN, ND 58401",UNKNOWN,ND,58000,CWA,No,,
JAMESTOWN RURAL FIRE DISTRICT,1209 9TH STREET SE,UNKNOWN,ND,58000,CWA,No,,
JAMESTOWN SANITARY LANDFILL SW-213,8980 35TH ST SE,JAMESTOWN,ND,58401,CWA,No,,562212
"JAMESTOWN, CITY OF WWTP",102 3RD AVENUE SE,JAMESTOWN,ND,58401,CWA,No,,
JAMIE STEPHENS,3500 N 14TH STREET,UNKNOWN,ND,58000,CWA,No,08/13/2020,
JANET FILIBECK,HIGHWAY 49 - 26 MILES NORTH OF JUNCTION 21,UNKNOWN,ND,58000,CWA,No,,
JASON ERICKSON,BEULAH,UNKNOWN,ND,58000,CWA,No,,
JASON FRANK,REMOTE LOCATION,UNKNOWN,ND,58000,CWA,No,,
JASON SORBY,12046 57 ST SE,KATHRYN,ND,58409,CWA,No,06/05/2013,
JASON SORBY,"12046 57TH ST SE, KATHRYN",UNKNOWN,ND,58000,CWA,No,,
JASON VEDADI,REMOTE LOCATION,UNKNOWN,ND,58000,CWA,No,,
JAVIER GOMEZ,"13342 29TH K STREET NW, ARNEGARD",UNKNOWN,ND,58000,CWA,No,,
"JAXON-JAEGER RENTALS, LL",REMOTE LOCATION,UNKNOWN,ND,58000,CWA,No,,
JAY MALME,117TH AVE SE,WAHPETON,ND,58075,CWA,No,06/20/2011,
JEFF & TROY KUPPER,REMOTE LOCATION,UNKNOWN,ND,58000,CWA,No,,
JEFF BREKER,10066 141ST AVENUE,HAVANA,ND,58043,CWA,No,08/04/2010,
JEFF EBERHARDT,REMOTE LOCATION,UNKNOWN,ND,58000,CWA,No,,
JEFF LITTON,"5950 REILY ROAD, LINCOLN, ND",UNKNOWN,ND,58000,CWA,No,,
JEFF LYONS,6629 135TH AVENUE SE,LISBON,ND,58054,CWA,No,06/05/2013,
JEFFREY MISTELSKI,2702 MORRISON AVENUE,UNKNOWN,ND,58000,CWA,No,06/10/2024,
JEFFY RANCH-SPIRIT LAKE CAFO 2,BIQ ROUTE 20,FORT TOTTEN,ND,99999,CWA,No,10/05/2004,
JENSEN BROTHERS CONSTRUCTION,REMOTE LOCATION,UNKNOWN,ND,58000,CWA,No,10/22/2024,
JENSEN BROTHERS CONSTRUCTION,REMOTE LOCATION,UNKNOWN,ND,58000,CWA,No,,
JEREMY BULLINGER,"8941 81ST ST NW, POWERS LAKE, ND 58773",UNKNOWN,ND,58000,CWA,No,,
JEREMY WALLACE,7042 67TH ST S,UNKNOWN,ND,58000,CWA,No,,
JEREMY WALLACE - STORMWATER CONSTRUCTION,9805 INDUSTRIAL DR,HORACE,ND,58047,CWA,No,,
JEROME HARSTAD,"42ND ST. NW - WEST OF PLAZA, ND",UNKNOWN,ND,58000,CWA,No,,
JEROME HUTCHISON,REMOTE LOCATION,UNKNOWN,ND,58000,CWA,No,,
JERRY KRUSHENSKY,REMOTE LOCATION,UNKNOWN,ND,58000,CWA,No,,
JERRY KRUSHENSKY,REMOTE LOCATION,UNKNOWN,ND,58000,CWA,No,,
JERRY LASSEY GRAVEL PIT,153RD T AVE,CARTWRIGHT,ND,58838,CWA,No,,
JERRY OLSON,7681 142ND AVE SE,MILNOR,ND,58060,CWA,No,06/21/2011,
JERRY SHAE,REMOTE LOCATION,UNKNOWN,ND,58000,CWA,No,,
JESS GEORGE,REMOTE LOCATION,UNKNOWN,ND,58000,CWA,No,10/24/2019,
JIFFY LUBE AND WASH WORLD,2627 REIGER DRIVE,WILLISTON,ND,58801,CWA,No,07/15/2014,
JLJ DEVELOPERS,4103 30TH AVENUE NW,UNKNOWN,ND,58000,CWA,No,,
JMAC - WATFORD CITY READY-MIX,2920 17TH AVE NE,WATFORD CITY,ND,58854,CWA,No,,
JMAC BISMARCK READY MIX,4050 CARTRIDGE LOOP,BISMARCK,ND,58504,CWA,Yes,03/16/2022,
JMAC READY MIX,6915 N 19TH ST,UNKNOWN,ND,58000,CWA,No,,
JMAC RESOURCES,REMOTE LOCATION,UNKNOWN,ND,58000,CWA,No,,
"JMAC RESOURCES, WASTEWATER TREATMENT FACILITY",142ND AVE. NW,WILLISTON,ND,58801,CWA,No,07/25/2024,
JMS PROPERTIES,"4501 URBAN PLAINS DRIVE, FARGO, ND",UNKNOWN,ND,58000,CWA,No,,
JOB 22683-ARP-NH-X-7-085(116)127 US 85 - ZUBKE BARROW,(UNKNOWN ADDRESS),(UNKNOWN CITY),ND,00000,CWA,No,,
JOB 22683-ARP-NH-X-7-085(116)127 US 85 STEVEN STENEHJEM,(UNKNOWN ADDRESS),(UNKNOWN CITY),ND,00000,CWA,No,,
JOB SERVICES OF ND,"1350 32ND ST. S., FARGO, ND",UNKNOWN,ND,58000,CWA,No,,
JOE & KARA HART,68 DESIREE DRIVE,UNKNOWN,ND,58000,CWA,No,08/22/2025,
JOE VETTER CONSTRUCTION,REMOTE LOCATION,UNKNOWN,ND,58000,CWA,No,,
JOE VETTER CONSTRUCTION,"1115 CALYPSO DRIVE, BISMARCK",UNKNOWN,ND,58000,CWA,No,,
JOE VETTER CONSTRUCTION,REMOTE LOCATION,UNKNOWN,ND,58000,CWA,No,11/19/2013,
JOE VETTER CONSTRUCTION,REMOTE LOCATION,UNKNOWN,ND,58000,CWA,No,,
JOE VETTER CONSTRUCTION,REMOTE LOCATION,UNKNOWN,ND,58000,CWA,No,08/19/2013,
JOE VETTER CONSTRUCTION,REMOTE LOCATION,UNKNOWN,ND,58000,CWA,No,,
JOHN COOK,REMOTE LOCATION,UNKNOWN,ND,58000,CWA,No,05/15/2023,
JOHN DEERE,(UNKNOWN ADDRESS),(UNKNOWN CITY),ND,00000,CWA,No,,
JOHN DEERE ELECTRONIC SOLUTIONS - LOGISTICS F.K.A. ISGL FACILITY,740 11TH AVE NE,WEST FARGO,ND,58078,CWA,No,08/28/2024,
JOHN DEERE ELECTRONIC SOLUTIONS - PLANT,1441 44TH ST. NW,FARGO,ND,58102,CWA,No,,
JOHN DEERE SEEDING GROUP,1725 7TH ST SE,VALLEY CITY,ND,58072,CWA,No,,333111
JOHN DEERE SEEDING GROUP,1725 7TH ST SE,VALLEY CITY,ND,58072,CWA,No,02/24/2026,333111
JOHN DEERE SEEDING GROUP VALLEY CITY,1725 7TH ST SE,VALLEY CTIY,ND,58072,CWA,No,07/19/2023,
JOHN DEERE SEEDING VALLEY CITY,1725 7TH ST SE,VALLEY CITY,ND,58072,CWA,No,,
JOHN EDWARDS,REMOTE LOCATION,UNKNOWN,ND,58000,CWA,No,,
JOHN LAURANT,REMOTE LOCATION,UNKNOWN,ND,58000,CWA,No,,
JOHN LAURANT,REMOTE LOCATION,UNKNOWN,ND,58000,CWA,No,,
JOHN MILLER,"1717 43RD AVENUE SE, MANDAN, ND",UNKNOWN,ND,58000,CWA,No,,
JOHN MOE BORROW,(UNKNOWN ADDRESS),(UNKNOWN CITY),ND,00000,CWA,No,,
JOHN ROSWECH,9214 HIGHWAY 21,UNKNOWN,ND,58000,CWA,No,,
JOHN SWENSETH,REMOTE LOCATION,UNKNOWN,ND,58000,CWA,No,05/11/2023,
JOHN WEEDA,REMOTE LOCATION,UNKNOWN,ND,58000,CWA,No,,
"JOHN, STEPHANIE, & JOHN ROSS HATZENBUHLER","3430 36TH STREET, MANDAN, ND",UNKNOWN,ND,58000,CWA,No,,
JOHNNY BIRD VETERANS MEMORIAL HALL,2000 CHIEF FOUR BEARS AVE,NEW TOWN,ND,58763,CWA,No,,
JOHNNY BIRD VETERANS MEMORIAL HALL,2000 CHIEF FOUR BEARS AV E,NEW TOWN,ND,58763,CWA,No,,
JOHNNY BIRD VETERANS MEMORIAL HALL,2000 CHIEF FOUR BEARS AVE,NEW TOWN,ND,58763,CWA,No,,
JOHNSON CONTROLS,2320 12TH ST N,UNKNOWN,ND,58000,CWA,No,,
JOHNSON'S WRECKING,2295 HIGHWAY 10,MANDAN,ND,58554,CWA,Yes,01/23/2017,
JOHNSONS CORNER SWD FACILITY,10972 28TH ST. NW,KEENE,ND,58847,CWA,No,07/13/2021,
JONATHAN HAGER,"2715 40TH AVE N, FARGO",UNKNOWN,ND,58000,CWA,No,,
JONES CONTRACTING,REMOTE LOCATION,UNKNOWN,ND,58000,CWA,No,,
JONES DEVELOPEMENT,1425 N 73RD ST,UNKNOWN,ND,58000,CWA,No,,
JORDAHL COSTUM HOMES,(UNKNOWN ADDRESS),(UNKNOWN CITY),ND,00000,CWA,No,,
JORDAHL CUSTOM HOMES,1185 RAVEN AVE,UNKNOWN,ND,58000,CWA,No,,
JORDAHL CUSTOM HOMES,(UNKNOWN ADDRESS),(UNKNOWN CITY),ND,00000,CWA,No,,
JORDAHL CUSTOM HOMES,953 RIVERWOOD DR N,UNKNOWN,ND,58000,CWA,No,,
JORDAHL CUSTOM HOMES,2255 6TH ST,UNKNOWN,ND,58000,CWA,No,,
JORDAHL CUSTOM HOMES,108 RIVERWOOD DR,UNKNOWN,ND,58000,CWA,No,,
JORDAHL CUSTOM HOMES,251 6TH ST,UNKNOWN,ND,58000,CWA,No,,
JORDAHL CUSTOM HOMES,(UNKNOWN ADDRESS),(UNKNOWN CITY),ND,00000,CWA,No,,
JORDAHL CUSTOM HOMES,(UNKNOWN ADDRESS),(UNKNOWN CITY),ND,00000,CWA,No,07/12/2023,
JORDAHL CUSTOM HOMES,EASTVOLD - MAYVILLE,UNKNOWN,ND,58000,CWA,No,06/08/2023,
JORDAHL CUSTOM HOMES,380 CARLSBAD AVE,UNKNOWN,ND,58000,CWA,No,,
JORDAHL CUSTOM HOMES,(UNKNOWN ADDRESS),(UNKNOWN CITY),ND,00000,CWA,No,,
JORDAHL CUSTOM HOMES,297 REDWOOD DR,UNKNOWN,ND,58000,CWA,No,04/05/2022,
JORDAHL CUSTOM HOMES,(UNKNOWN ADDRESS),(UNKNOWN CITY),ND,00000,CWA,No,,
JORDAHL CUSTOM HOMES,722 RIVERWOOD DR.,UNKNOWN,ND,58000,CWA,No,,
JORDAHL CUSTOM HOMES,(UNKNOWN ADDRESS),(UNKNOWN CITY),ND,00000,CWA,No,,
JORDAHL CUSTOM HOMES,718 RIVERWOOD DR,UNKNOWN,ND,58000,CWA,No,,
JORDAHL CUSTOM HOMES,65TH AVE S & 26TH STREET S,UNKNOWN,ND,58000,CWA,No,,
JORDAHL CUSTOM HOMES,(UNKNOWN ADDRESS),(UNKNOWN CITY),ND,00000,CWA,No,,
JORDAHL CUSTOM HOMES,RIVERWALK HILLSBORO,UNKNOWN,ND,58000,CWA,No,,
JORDAHL CUSTOM HOMES,488 BEECHCRAFT BLVD,UNKNOWN,ND,58000,CWA,No,,
JORDAHL CUSTOM HOMES,480 BEECHCRAFT BLVD,UNKNOWN,ND,58000,CWA,No,,
JORDAHL CUSTOM HOMES,5040 ELM TREE ROAD,UNKNOWN,ND,58000,CWA,No,,
JORDAHL CUSTOM HOMES,S1 T155N R83W,MINOT,ND,58702,CWA,No,08/13/2013,
JORDAHL CUSTOM HOMES,360 5TH ST,UNKNOWN,ND,58000,CWA,No,,
JORDAHL CUSTOM HOMES,281 REDWOOD DR,UNKNOWN,ND,58000,CWA,No,,
JORDAHL CUSTOM HOMES,(UNKNOWN ADDRESS),(UNKNOWN CITY),ND,00000,CWA,No,,
JORDAHL CUSTOM HOMES,(UNKNOWN ADDRESS),(UNKNOWN CITY),ND,00000,CWA,No,,
JORDAHL CUSTOM HOMES,(UNKNOWN ADDRESS),(UNKNOWN CITY),ND,00000,CWA,No,,
JORDAHL CUSTOM HOMES,(UNKNOWN ADDRESS),(UNKNOWN CITY),ND,00000,CWA,No,,
JORDAHL CUSTOM HOMES,7832 WILD ROSE WAY,UNKNOWN,ND,58000,CWA,No,,
JORDAHL CUSTOM HOMES,(UNKNOWN ADDRESS),(UNKNOWN CITY),ND,00000,CWA,No,,
JORDAHL CUSTOM HOMES,(UNKNOWN ADDRESS),(UNKNOWN CITY),ND,00000,CWA,No,,
JORDAHL CUSTOM HOMES,REMOTE LOCATION,UNKNOWN,ND,58000,CWA,No,,
JORDAHL CUSTOM HOMES,(UNKNOWN ADDRESS),(UNKNOWN CITY),ND,00000,CWA,No,,
JORDAHL CUSTOM HOMES,REMOTE LOCATION,UNKNOWN,ND,58000,CWA,No,,
JORDAHL CUSTOM HOMES,(UNKNOWN ADDRESS),(UNKNOWN CITY),ND,00000,CWA,No,,
JORDAHL CUSTOM HOMES,(UNKNOWN ADDRESS),(UNKNOWN CITY),ND,00000,CWA,No,05/18/2022,
JORDAHL CUSTOM HOMES,(UNKNOWN ADDRESS),(UNKNOWN CITY),ND,00000,CWA,No,,
JORDAHL CUSTOM HOMES,REMOTE LOCATION,UNKNOWN,ND,58000,CWA,No,,
JORDAHL CUSTOM HOMES,REMOTE LOCATION,UNKNOWN,ND,58000,CWA,No,,
JORDAHL CUSTOM HOMES,REMOTE LOCATION,UNKNOWN,ND,58000,CWA,No,,
JORDAHL CUSTOM HOMES,REMOTE LOCATION,UNKNOWN,ND,58000,CWA,No,,
JORDAHL CUSTOM HOMES,(UNKNOWN ADDRESS),(UNKNOWN CITY),ND,00000,CWA,No,,
JORDAHL CUSTOM HOMES,7300 23RD ST S,UNKNOWN,ND,58000,CWA,No,,
JORDAHL CUSTOM HOMES,(UNKNOWN ADDRESS),(UNKNOWN CITY),ND,00000,CWA,No,,
JORDAHL CUSTOM HOMES,409 BLAINE ST N,UNKNOWN,ND,58000,CWA,No,,
JORDAHL CUSTOM HOMES,(UNKNOWN ADDRESS),(UNKNOWN CITY),ND,00000,CWA,No,,
JORDAHL CUSTOM HOMES,783 4TH AVE N,UNKNOWN,ND,58000,CWA,No,04/26/2024,
JORDAHL CUSTOM HOMES,(UNKNOWN ADDRESS),(UNKNOWN CITY),ND,00000,CWA,No,,
JORDAHL CUSTOM HOMES - GOLDEN VALLEY - 27TH ST,6800-BLOCK OF 27TH ST S,FARGO,ND,58102,CWA,No,,
JORDAHL CUSTOM HOMES - MADELYN MEADOWS TOWNHOMES 3RD,30TH ST AND 73RD AVE S,FARGO,ND,58102,CWA,No,,
JORDAHL CUSTOM HOMES - MADELYNS MEADOWS 4TH,30TH ST AND 73RD AVE S,FARGO,ND,58102,CWA,No,,
JORDAHL CUSTOM HOMES - MAPLETON CUSTOM,419 REESE WAY,MAPLETON,ND,58059,CWA,No,,
JORDAHL CUSTOM HOMES - STORMWATER CONSTRUCTION,87TH AVE S HORACE,HORACE,ND,58047,CWA,No,,
JORDAHL CUSTOM HOMES - STORMWATER CONSTRUCTION,SKYLINE ST,KINDRED,ND,58051,CWA,No,,
JORDAHL CUSTOM HOMES - STORMWATER CONSTRUCTION,400 8TH ST N,CASSELTON,ND,58012,CWA,No,,
JOSEPH LADUKE,407 SAYLER STREET,UNDERWOOD,ND,58576,CWA,No,,
JOST BORROW 1,"SW ¼ S20 T145N R98W    47.360132°, -103.202641°",DICKINSON,ND,58602,CWA,No,,
JPR INVESTMENTS,440 CALICO DR S FARGO ND,UNKNOWN,ND,58000,CWA,No,,
"JRD CAMPBELL FAMILY INVESTMENTS, LLP",5050 47TH STREET S,UNKNOWN,ND,58000,CWA,No,,
JUD CITY OF,320 LOGIE ST,JUD,ND,58454,CWA,No,08/14/2024,221320
JUNDT PROPERTIES,9780 INDUSTRIAL DR,UNKNOWN,ND,58000,CWA,No,,
JUSTIN VISTO,"9401 HWY 1 OAKES, ND 58474",UNKNOWN,ND,58000,CWA,No,,
K SQUARE DEVELOPERS,"3650 VETERANS BLVD, FARGO",UNKNOWN,ND,58000,CWA,No,,
KAMROSE CONSTRUCTION,REMOTE LOCATION,UNKNOWN,ND,58000,CWA,No,,
KARLSRUHE CITY OF,4734 2 AVE N,KARLSRUHE,ND,58744,CWA,No,08/06/2025,221320
KATHRYN CITY OF,1ST AVE AND 3RD ST,KATHRYN,ND,58049,CWA,No,06/11/2020,221320
KEIDEL'S SOUTH HEART TERRACE 3RD ADDITION,REMOTE LOCATION,UNKNOWN,ND,58000,CWA,No,05/13/2020,
KELLER PAVING & LANDSCAPING - ADECO ASPHALT PLANT,1820 HWY 2 BYPASS E,MINOT,ND,58701,CWA,No,,
KELLER PAVING & LANDSCAPING-PORTABLE PLANT,1820 HWY 2 BYPASS E,MINOT,ND,58701,CWA,Yes,,
KELLY JOHNSON - PVL GRADING 2025,1103 136TH AVE NE,BALDWIN,ND,58521,CWA,No,,
KENEL LAGOON SYSTEM,S24 T22N R29E,FORT YATES,ND,58538,CWA,No,05/10/2016,221320
KENMARE CITY OF,5 NE 3RD ST,KENMARE,ND,58746,CWA,No,07/07/2025,221320
KENMARE MUNICIPAL AIRPORT,REMOTE LOCATION,UNKNOWN,ND,58000,CWA,No,,
KENMARE MUNICIPAL AIRPORT AUTHORITY,REMOTE LOCATION,UNKNOWN,ND,58000,CWA,No,,
KENNETH DEITZ - STAGING YARD,1211 HWY 85 N,UNKNOWN,ND,58000,CWA,No,,
KENSAL CITY OF,404 MAIN,KENSAL,ND,58455,CWA,No,06/07/2023,221320
KENT ROERS,REMOTE LOCATION,UNKNOWN,ND,58000,CWA,No,,
KERSHAW PIT,97TH AVE,MCKENZIE,ND,58572,CWA,No,,212321
KEVIN BURNET,1939 SPRING CREEK ROAD,UNKNOWN,ND,58000,CWA,No,,
KEVIN FISCHER,901-909 BAFFIN LP,UNKNOWN,ND,58000,CWA,No,12/02/2013,
KEVIN FISCHER CONSTRUCTION,(UNKNOWN ADDRESS),(UNKNOWN CITY),ND,00000,CWA,No,,
KEVIN RITTERMAN,(UNKNOWN ADDRESS),(UNKNOWN CITY),ND,00000,CWA,No,,
KEVIN SEEGER,4002 S WASHINGTON ST,UNKNOWN,ND,58000,CWA,No,,
KEVIN THOELE,"2603 3RD AVE SW, JAMESTOWN",UNKNOWN,ND,58000,CWA,No,,
KEVIN TURNBOW,"DOWNING STREET, GLENWOOD DRIVE, AND BRITANIC LANE",UNKNOWN,ND,58000,CWA,No,,
KIDDER COUNTY,REMOTE LOCATION,UNKNOWN,ND,58000,CWA,No,06/19/2019,
KIDDER COUNTY,"MITCHELL, 4TH ST SE",UNKNOWN,ND,58000,CWA,No,,
KIDDER COUNTY-WOLD ENG. REP,CMC 2215 2 MILES WEST & 4.5 MILES SOUTH,UNKNOWN,ND,58000,CWA,No,,
KIER VANDER WAL,1711 BATTALION ST,UNKNOWN,ND,58000,CWA,No,08/02/2024,
KILBOURNE GROUP,419 3RD ST N,UNKNOWN,ND,58000,CWA,No,,
KILLDEER CITY OF,HW 22 AND HIGH ST,KILLDEER,ND,58640,CWA,Yes,05/24/2023,221320
KILLDEER CLINIC/PHARMACY,REMOTE LOCATION,UNKNOWN,ND,58000,CWA,No,,
KILLDEER PUBLIC SCHOOLS,REMOTE LOCATION,UNKNOWN,ND,58000,CWA,No,,
KILLDEER TRANSPORTATION TRUCK TERMINAL,2509 109TH AVE SW,KILLDEER,ND,58640,CWA,No,,
KIM AMANN,11409 18TH ST SE,DAZEY,ND,58429,CWA,No,06/04/2013,
KINDER MORGAN,REMOTE LOCATION,UNKNOWN,ND,58000,CWA,No,,
KINDRED CITY OF,31 5TH AVE N,KINDRED,ND,58051,CWA,No,09/25/2024,221320
KINDRED DAVENPORT REGIONAL AIRPORT,"111 1ST AVE N KINDRED, ND",UNKNOWN,ND,58000,CWA,No,,
KINDRED DAVENPORT REGIONAL AIRPORT AUTHORITY-HAMRY FIELD,111 1ST AVE N,KINDRED,ND,58051,CWA,No,03/10/2022,
KINDRED PUBLIC SCHOOL DISTRICT #2,255 DAKOTA ST,UNKNOWN,ND,58000,CWA,No,,
KINDRED PUBLIC SCHOOL DISTRICT #2 - STORMWATER CONSTRUCTION,255 DAKOTA ST,KINDRED,ND,58051,CWA,No,,
KINDRED PUBLIC SCHOOL DISTRICT NO 2,55 1ST AVE S,UNKNOWN,ND,58000,CWA,No,,
KINDRED PUBLIC SCHOOLS,"55 1ST AVE S KINDRED, ND",UNKNOWN,ND,58000,CWA,No,,
KINDRED/DAVENPORT REGIONAL AIRPORT,111 1ST AVE N,KINDRED,ND,58051,CWA,No,08/17/2023,
KIRBY STEICHEN,340 22ND AVE NE,UNKNOWN,ND,58000,CWA,No,10/15/2024,
KIRK STOCKTON BORROW PIT FOR NDDOT PROJECT,OFF OF HWY 18,UNKNOWN,ND,58000,CWA,No,,
KIRKWOOD MALL ACQUISITION,REMOTE LOCATION,UNKNOWN,ND,58000,CWA,No,05/22/2018,
KIRKWOOD MALL ACQUISTION,REMOTE LOCATION,UNKNOWN,ND,58000,CWA,No,,
KIRKWOOD MALL LOTS 3-4 CONSTRUCTION,(UNKNOWN ADDRESS),(UNKNOWN CITY),ND,00000,CWA,No,,
KJOS INVESTMENTS,"2852 THUNDER ROAD SOUTH, FARGO, ND",UNKNOWN,ND,58000,CWA,No,,
KK & O PROPERTIES,REMOTE LOCATION,UNKNOWN,ND,58000,CWA,No,,
KK&O PROPERTIES,5354 42ND STREET SOUTH,UNKNOWN,ND,58000,CWA,No,06/12/2018,
KLC HOLDINGS,1744 57TH ST N,UNKNOWN,ND,58000,CWA,No,,
KLX ENERGY SERVICES,11115 30G STREET,DICKINSON,ND,58601,CWA,No,07/26/2017,213112
KMM HWY 200 SITE,HWY 200,ALEXANDER,ND,58831,CWA,No,,
KNIFE RIVER,REMOTE LOCATION,UNKNOWN,ND,58000,CWA,No,10/15/2024,
KNIFE RIVER,REMOTE LOCATION,UNKNOWN,ND,58000,CWA,No,10/15/2024,
KNIFE RIVER - BEULAH PLANT,6097 HIGHWAY 200,BEULAH,ND,58523,CWA,No,08/26/2024,
KNIFE RIVER - KENMARE AUTO TOUR ROUTE OLD HWY 52,501-599 4TH AVE SE,KENMARE,ND,58746,CWA,No,,
KNIFE RIVER - WASHBURN RMX PLANT,2401 9TH ST. SW,WASHBURN,ND,58577,CWA,No,09/03/2015,
KNIFE RIVER - WATFORD CITY RMX,401 14TH ST SW,WATFORD CITY,ND,58854,CWA,No,,
KNIFE RIVER TIOGA FACILITY,6930 101ST AVENUE NW,TIOGA,ND,58852,CWA,No,,
KNIFE RIVER WESTERN NORTH DAKOTA,5654 134TH AVE NW,WILLISTON,ND,58801,CWA,No,06/25/2013,
KNIFE RIVER-ROCK ISLAND FACILITY,3303 ROCK ISLAND RD,BISMARCK,ND,58504,CWA,No,,
"KNUTSON PROPERTIES, LLP",REMOTE LOCATION,UNKNOWN,ND,58000,CWA,No,06/06/2013,
KOCH DEVELOPMENT,REMOTE LOCATION,UNKNOWN,ND,58000,CWA,No,,
KOCHMAN BOTHERS HOMES,319 50TH PLACE W.,UNKNOWN,ND,58000,CWA,No,,
KOCHMAN BROTHERS HOMES,7125 14TH STEETS S,UNKNOWN,ND,58000,CWA,No,,
KOCHMAN BROTHERS HOMES,506 BEECHCRAFT BLVD,UNKNOWN,ND,58000,CWA,No,,
KOCHMAN BROTHERS HOMES,"475 P-51 BLVD E, KINDRED",UNKNOWN,ND,58000,CWA,No,,
KOCHMAN BROTHERS HOMES,672B 13TH AVE,UNKNOWN,ND,58000,CWA,No,,
KOCHMANN BROTHERS HOMES,373 20TH AVE E,UNKNOWN,ND,58000,CWA,No,,
KOCHMANN BROTHERS HOMES,413 TRENT JONES DRIVE,UNKNOWN,ND,58000,CWA,No,,
KOCHMANN BROTHERS HOMES,"335 TRENT JONES DRIVE, OXBOW, ND",UNKNOWN,ND,58000,CWA,No,,
KOCHMANN BROTHERS HOMES,2512 RIVERS BEND DRIVE E,UNKNOWN,ND,58000,CWA,No,03/24/2022,
KOCHMANN BROTHERS HOMES,2530 RIVERS BEND DRIVE E,UNKNOWN,ND,58000,CWA,No,,
KOCHMANN BROTHERS HOMES,6090 PRAIRIE GROVE COURT SOUTH,UNKNOWN,ND,58000,CWA,No,,
KOCHMANN BROTHERS HOMES,461 SKYLANE STREET,UNKNOWN,ND,58000,CWA,No,,
KOCHMANN BROTHERS HOMES,"729 RYAN ROAD, MAPLETON",UNKNOWN,ND,58000,CWA,No,,
KOCHMANN BROTHERS HOMES,4951 38TH AVE N,UNKNOWN,ND,58000,CWA,No,,
KOCHMANN BROTHERS HOMES,2314 RIVER'S BEND DRIVE E,UNKNOWN,ND,58000,CWA,No,,
KOCHMANN BROTHERS HOMES,"1376 GOLDENWOOD DRIVE, WEST FARGO, ND",UNKNOWN,ND,58000,CWA,No,,
KOCHMANN BROTHERS HOMES,"417 TRENT JONES DRIVE, OXBOW, ND",UNKNOWN,ND,58000,CWA,No,,
KOCHMANN BROTHERS HOMES,426 TRENT JONES DRIVE,UNKNOWN,ND,58000,CWA,No,,
KOCHMANN BROTHERS HOMES,REMOTE LOCATION,UNKNOWN,ND,58000,CWA,No,,
KOCHMANN BROTHERS HOMES,"2770 SAMUEL DRIVE S, FARGO, ND",UNKNOWN,ND,58000,CWA,No,,
KOCHMANN BROTHERS HOMES,672A 13TH AVE,UNKNOWN,ND,58000,CWA,No,,
"KOCHMANN BROTHERS HOMES - LOT 18, BLOCK 1, PRAIRIE FARMS ADDITION",3084 PRAIRIE FARMS CIRCLE SOUTH,FARGO,ND,58103,CWA,No,,
KODABANK,4220 31ST AVE. S,UNKNOWN,ND,58000,CWA,No,,
KODABANK,3901 SOUTH COLUMBIA ROAD,UNKNOWN,ND,58000,CWA,No,,
KOST MATERIALS,3950 37TH AVE S,FARGO,ND,58104,CWA,No,09/19/2014,
KOST MATERIALS,"700 W ARENA RD, WEST FARGO",UNKNOWN,ND,58000,CWA,No,,
KOST MATERIALS,5000 DEMERS,UNKNOWN,ND,58000,CWA,No,,
KOST MATERIALS,REMOTE LOCATION,UNKNOWN,ND,58000,CWA,No,,
KOST MATERIALS-WEST FARGO,1151 8TH AVE NW,WEST FARGO,ND,58078,CWA,No,08/28/2019,
KP DEVELOPERS - ARMOR INTERACTIVE,5115 STOCKHOLM LOOP,BISMARCK,ND,58503,CWA,No,,
KP DEVELOPERS - DUEMELANDS COMMERCIAL,4900 OSLO LANE,BISMARCIK,ND,58503,CWA,No,,
KP DEVELOPERS - FERN STUDIOS,4908 STOCKHOLM LOOP,BISMARCK,ND,58503,CWA,No,,
KP DEVELOPERS - THE HAIR DISTRICT,5000 OSLO LANE,BISMARCK,ND,58503,CWA,No,,
KRAMER CITY OF,325 MAIN ST,KRAMER,ND,58748,CWA,No,06/02/2025,221320
KRAUS - ANDERSON CONSTRUCTION,HIGH STREET,UNKNOWN,ND,58000,CWA,No,,
KRUEGER CONSTRUCTION - NEW HOME,(UNKNOWN ADDRESS),(UNKNOWN CITY),ND,00000,CWA,No,,
KT PROPERTIES,3252 51ST ST S,UNKNOWN,ND,58000,CWA,No,,
KT PROPERTIES,REMOTE LOCATION,UNKNOWN,ND,58000,CWA,No,,
KUHN RAILROAD SPUR,11223 44TH ST SW,DICKINSON,ND,58601,CWA,No,,
KULM CITY OF,MAIN AVE AND 1ST ST,KULM,ND,58456,CWA,No,08/14/2024,221320
KUM & GO L.C.,REMOTE LOCATION,UNKNOWN,ND,58000,CWA,No,,
KUM & GO LC,REMOTE LOCATION,UNKNOWN,ND,58000,CWA,No,,
KYLE OSTRAND - HOUSE LOTS,4928 RIDGE DRIVE,WILLISTON,ND,58801,CWA,No,,
L S DEVELOPMENT LLS,REMOTE LOCATION,UNKNOWN,ND,58000,CWA,No,,
L81 MP 261 N BRANCH TURTLE RIVER PROJECT,APPROXIMATELY 3 MILES NE OF THE CITY OF LARIMORE,LARIMORE,ND,58251,CWA,No,,
LAESTADIAN LUTHERAN CHURCH OF WILLISTON,6767 133RD AVENUE NW,UNKNOWN,ND,58000,CWA,No,,
LAHTINEN SITE,PO BOX 518,NEW TOWN,ND,58763,CWA,No,,
LAKE METIGOSHE RECREATION,16 LONGVIEW RD E,BOTTINEAU,ND,58318,CWA,No,06/05/2025,221320
LAKEVIEW AGGREGATE,207 HWY 22,FOUR BEARS VILLAGE,ND,58763,CWA,No,09/02/2021,
LAKEVIEW AGGREGATE,207 HWY 22,FOUR BEARS VILLAGE,ND,58763,CWA,No,07/18/2025,
LAKEVIEW DAIRY,8372 U.S. RTE 2,DEVILS LAKE,ND,58301,CWA,No,,
LAKEWOOD 9TH REPLAT,(UNKNOWN ADDRESS),(UNKNOWN CITY),ND,00000,CWA,No,,
LAKEWOOD COMMERCIAL PARK 2ND ADDITION,MCKENZIE DR AND DOUGLAS LANE SE,MANDAN,ND,58554,CWA,No,08/15/2013,
LAKEWOOD HOMEOWNERS ASSOCIATION,(UNKNOWN ADDRESS),(UNKNOWN CITY),ND,00000,CWA,No,,
LAKEWOOD SCHOOL PROPERTY,"3900 MCKENZIE DRIVE, MANDAN, ND",UNKNOWN,ND,58000,CWA,No,07/01/2016,
LAKOTA AIRPORT AUTHORITY,10620 US HWY 2,UNKNOWN,ND,58000,CWA,No,,
LAKOTA AIRPORT AUTHORITY,10620 US 2,LAKOTA,ND,58344,CWA,No,,
LAKOTA STP,108 EAST B AVE,LAKOTA,ND,58344,CWA,No,06/06/2011,221320
LAKOTA STP,108 EAST B AVE,LAKOTA,ND,58344,CWA,No,07/15/2025,221320
LAKOTA WTP,108 EAST B AVE,LAKOTA,ND,58344,CWA,No,07/15/2025,
LAKOTA WTP,108 EAST B AVE,LAKOTA,ND,58344,CWA,No,07/06/2011,
LAMOURE 23960 ADRIAN,505 4TH AVE SE,LAMOURE,ND,58458,CWA,No,,
LAMOURE CITY OF,33 CENTER AVE SE,LAMOURE,ND,58458,CWA,No,08/24/2023,221320
LAMOURE COUNTY,REMOTE LOCATION,UNKNOWN,ND,58000,CWA,No,,
LAMOURE COUNTY,REMOTE LOCATION,UNKNOWN,ND,58000,CWA,No,,
LAMOURE COUNTY COMMISSION,REMOTE LOCATION,UNKNOWN,ND,58000,CWA,No,,
LAMOURE COUNTY HIGHWAY DEPT.,505 4TH AVE SE,LAMOURE,ND,58458,CWA,No,07/15/2021,485999
LAMOURE COUNTY- BERLIN,REMOTE LOCATION,UNKNOWN,ND,58000,CWA,No,,
LAMOURE COUNTY- EDGELEY,REMOTE LOCATION,UNKNOWN,ND,58000,CWA,No,,
LAMOURE COUNTY- NORTONVILLE,REMOTE LOCATION,UNKNOWN,ND,58000,CWA,No,,
LAMOURE GRAND RAPIDS,505 4TH AVE SE,LAMOURE,ND,58458,CWA,No,,
LANGDON,LANGDON,UNKNOWN,ND,58000,CWA,No,,
LANGDON AIRPORT,1518 9TH AVE,LANGDON,ND,58249,CWA,No,,
LANGDON CITY OF,324 8TH AVE,LANGDON,ND,58249,CWA,No,12/31/2023,
LANGDON CITY OF,324 8TH AVE,LANGDON,ND,58249,CWA,No,06/20/2024,221320
LANGDON CITY OF,324 8TH AVE,LANGDON,ND,58249,CWA,No,06/20/2013,221320
LANKIN CITY OF,310 MAIN ST,LANKIN,ND,58250,CWA,No,08/20/2025,221320
LANSFORD CITY OF,711 MAIN ST,LANSFORD,ND,58750,CWA,No,06/01/2023,221320
LARIMORE,LARIMORE,UNKNOWN,ND,58000,CWA,No,,
LARIMORE CITY OF,122 W MAIN ST,LARIMORE,ND,58251,CWA,No,06/25/2025,221320
LARIMORE MUNICIPAL AIRPORT,3772-3798 COUNTY ROAD 4,LARIMORE,ND,58251,CWA,No,,488119
LARRY AND MIKE LABERE,"2200 AIRWAY AVE. BISMARCK, ND",UNKNOWN,ND,58000,CWA,No,,
LARRY AND SUE DURAND,REMOTE LOCATION,UNKNOWN,ND,58000,CWA,No,,
LARRY FETTIG FACILITY,UNKNOWN,UNKNOWN,ND,00000,CWA,No,05/15/2012,
LARRY GOETTLE BORROW AREA,REMOTE LOCATION,UNKNOWN,ND,58000,CWA,No,,
LARRY H LOVAS,REMOTE LOCATION,UNKNOWN,ND,58000,CWA,No,07/12/2023,
LARRY JONES,REMOTE LOCATION,UNKNOWN,ND,58000,CWA,No,,
LARRY LEIER FACILITY,UNKNOWN,UNKNOWN,ND,00000,CWA,No,05/14/2012,
LARRY LOOSE,NA,UNKNOWN,ND,58000,CWA,No,,
LARRY SCHNAIDT,REMOTE LOCATION,UNKNOWN,ND,58000,CWA,No,,
LARSON HELICOPTERS,"RICHLAND COUNTY, ND",UNKNOWN,ND,58000,CWA,No,,
LASHKOWITZ PARKING LOT DEMOLITION,REMOTE LOCATION,UNKNOWN,ND,58000,CWA,No,,
LAUREL SKIBICKI,REMOTE LOCATION,UNKNOWN,ND,58000,CWA,No,,
LAWN KING - STORMWATER CONSTRUCTION,1601 DYKE AVE,GRAND FORKS,ND,58203,CWA,No,,
LAWTON CITY OF,122 CHAPMEN ST,LAWTON,ND,58345,CWA,No,05/14/2025,221320
LB FAMILY PROPERTIES,3301 FLORIDA DR,UNKNOWN,ND,58000,CWA,No,02/24/2026,
LB FAMILY PROPERTIES,"1800 46TH AVE. SE, MANDAN",UNKNOWN,ND,58000,CWA,No,,
LB TRAILER PARK,"4248 83RD AVE. NW, NEW TOWN, ND",UNKNOWN,ND,58000,CWA,No,,
LEAL TERMINAL,"2215 10TH AVE SE, ROGERS",UNKNOWN,ND,58000,CWA,No,,
LEDENE BELL HOLE- HILAND CRUDE,REMOTE LOCATION,UNKNOWN,ND,58000,CWA,No,,
LEE GUSCETTE,REMOTE LOCATION,UNKNOWN,ND,58000,CWA,No,,
LEE ZIMMERMAN,(UNKNOWN ADDRESS),(UNKNOWN CITY),ND,00000,CWA,No,06/21/2021,
LEEDS CITY OF,221 MAIN ST W,LEEDS,ND,58346,CWA,No,05/15/2025,221320
LEEDS MUNICIPAL AIRPORT AUTHORITY,REMOTE LOCATION,UNKNOWN,ND,58000,CWA,No,,
LEHR CITY OF,207 EAST ST S,LEHR,ND,58460,CWA,No,06/23/2025,221320
LEIGH NYGARD GRAVEL PIT,N 1806,WATFORD CITY,ND,58854,CWA,No,,
LEMMON CITY OF,303 1ST AVE W,LEMMON,ND,57638,CWA,No,09/10/2025,221320
LEMOINE HARTEL,REMOTE LOCATION,UNKNOWN,ND,58000,CWA,No,,
LEO GAUDERMAN,"934 85TH AVE NE, GLENFIELD",UNKNOWN,ND,58000,CWA,No,06/08/2022,
LEONARD CITY OF,RAILROAD AVE S,LEONARD,ND,58052,CWA,No,08/19/2020,221320
LEONARD LEHMAN,REMOTE LOCATION,UNKNOWN,ND,58000,CWA,No,,
LEROY HOFER,"15140 49TH WAY NW, WILLISTON",UNKNOWN,ND,58000,CWA,No,,
LES SCHWAB TIRE CENTER,1308 HIGHWAY 2 EAST,UNKNOWN,ND,58000,CWA,No,08/21/2024,
LEVI CONROY (ELITE ENTERPRISES),"2422 SCHILKE DR. WATFORD CITY, ND",UNKNOWN,ND,58000,CWA,No,,
LEVO CREDIT UNION,(UNKNOWN ADDRESS),(UNKNOWN CITY),ND,00000,CWA,No,07/01/2025,
LEWIS & CLARK US ARMY RESERVE CENTER (AMSA #108G),3319 UNIVERSITY DRIVE,BISMARCK,ND,58504,CWA,No,05/08/2019,928110
"LH HOLDINGS, LLP",REMOTE LOCATION,UNKNOWN,ND,58000,CWA,No,08/19/2021,
LIBERTY ACRES,(UNKNOWN ADDRESS),(UNKNOWN CITY),ND,00000,CWA,No,,
LIBERTY OILFIELD SERVICES,5922 DAKOTA PARKWAY WEST,WILLISTON,ND,58801,CWA,Yes,10/11/2017,
LIDGERWOOD CITY OF,15 WILEY AVE N,LIDGERWOOD,ND,58053,CWA,No,06/11/2025,221320
LIECHTY HOMES,REMOTE LOCATION,UNKNOWN,ND,58000,CWA,No,,
LIECHTY HOMES,REMOTE LOCATION,UNKNOWN,ND,58000,CWA,No,,
LIFESTYLE STORAGE,INTERSECTION OF S. WASHINGTON ST. AND 57TH AVE. S.,(UNKNOWN CITY),ND,00000,CWA,No,08/22/2025,
LIGHT OF CHRIST CATHOLIC SCHOOLS,REMOTE LOCATION,UNKNOWN,ND,58000,CWA,No,08/24/2018,
LIGHTHOUSE COMMODITIES,(UNKNOWN ADDRESS),(UNKNOWN CITY),ND,00000,CWA,No,,
LIGHTNING DEVELOPMENT,REMOTE LOCATION,UNKNOWN,ND,58000,CWA,No,08/02/2024,
LIGHTNING STRIP MALL,105 MCDOUGALL DRIVE,UNKNOWN,ND,58000,CWA,No,08/02/2024,
LIGNITE CITY OF,202 MAIN ST,LIGNITE,ND,58752,CWA,No,07/10/2024,221320
LILLIBRIDGE TEMPORARY PLANT SITE,11031 ND HWY 23,WATFORD CITY,ND,58854,CWA,No,,
LINCOLN 66TH ST SHARED USE PATH - PHASE 1,6940 DOLAN DRIVE,LINCOLN,ND,58504,CWA,No,,
LINCOLN CITY OF,74 SANTEE RD,LINCOLN,ND,58504,CWA,Yes,07/17/2025,221320
LINCOLN CITY OF,74 SANTEE RD,LINCOLN,ND,58504,CWA,No,05/06/2025,221320
"LINCOLN RIDGE DEVELOPER, LLP - LINCOLN RIDGE CITY AND RURAL",815 W BURLEIGH AVE,BISMARCK,ND,58504,CWA,No,,
LINE 0772 PRAIRIE TO MNPC REBUILD,1925 N 42ND STREET,GRAND FORKS,ND,58203,CWA,No,,
LINTON CITY OF,101 NE 1ST ST,LINTON,ND,58552,CWA,No,05/27/2025,221320
LINTON MUNICIPAL AIRPORT,LINTON MUNICIPAL AIRPORT RD.,LINTON,ND,58552,CWA,No,05/18/2020,
LINTON MUNICIPAL AIRPORT AUTHORITY,8295 7TH AVE. SE,UNKNOWN,ND,58000,CWA,No,,
LINTON MUNICIPAL AIRPORT AUTHORITY,(UNKNOWN ADDRESS),(UNKNOWN CITY),ND,00000,CWA,No,,
LISA JEFF HOOTS,REMOTE LOCATION,UNKNOWN,ND,58000,CWA,No,07/25/2017,
LISBON CITY OF,423 MAIN ST,LISBON,ND,58054,CWA,No,08/23/2023,221320
LISBON MUNICIPAL AIRPORT AUTHORITY,6685 129TH AVE SE,UNKNOWN,ND,58000,CWA,No,,
LISTEN DROP-IN CENTER,2100 SOUTH WASHINGTON,UNKNOWN,ND,58000,CWA,No,,
LITCHVILLE CITY OF,400 5TH ST,LITCHVILLE,ND,58461,CWA,No,08/23/2023,221320
LITCHVILLE MARION SCHOOL DISTRICT 46,104 2ND ST,UNKNOWN,ND,58000,CWA,No,,
LITTLE BEAVER BAY,PO BOX 370,MINOT,ND,58702,CWA,No,,
LITTLE EAGLE SCHOOL,S3 T125N R77W,FORT YATES,ND,58358,CWA,No,05/24/2011,
LITTLE MISSOURI SPECIAL LANDFILL,(UNKNOWN ADDRESS),(UNKNOWN CITY),ND,00000,CWA,No,06/27/2024,
LLOYD NELSON,REMOTE LOCATION,UNKNOWN,ND,58000,CWA,No,,
LM WIND POWER,1580 SOUTH 48TH STREET,GRAND FORKS,ND,58201,CWA,No,,326199
LM WIND POWER BLADES - GRAFTON,1339 EASTERN AVENUE,GRAFTON,ND,58237,CWA,No,,
LM WIND POWER BLADES - GRAND FORKS,7251 SOUTH 42ND ST.,GRAND FORKS,ND,58201,CWA,No,,
LM WIND POWER BLADES - THOMPSON,I-29 & 7TH AVE NE,THOMPSON,ND,58278,CWA,No,,
LODGING DYNAMICS,REMOTE LOCATION,UNKNOWN,ND,58000,CWA,No,02/22/2016,
LOENBRO PIPELINE,REMOTE LOCATION,UNKNOWN,ND,58000,CWA,Yes,,
LOGAN COUNTY,REMOTE LOCATION,UNKNOWN,ND,58000,CWA,No,,
LOGAN COUNTY,REMOTE LOCATION,UNKNOWN,ND,58000,CWA,No,,
LOGAN COUNTY,REMOTE LOCATION,UNKNOWN,ND,58000,CWA,No,,
"LOGAN COUNTY, ND",15 MILES SOUTH AND 5.5 MILES W OF NAPOLEON,UNKNOWN,ND,58000,CWA,No,02/22/2024,
LONE TREE DESIGNS,LONE TREE DESIGNS,LARIMORE,ND,58251,CWA,Yes,02/25/2026,
LONESOME CREEK AND SEWER,6703 HWY 2 & 52 WEST,MINOT,ND,58703,CWA,No,,
LONESOME CREEK STATION,2648 NW 140TH AVENUE,ALEXANDER,ND,58831,CWA,No,07/16/2024,221112
LONG CREEK STEEL - LONG CREEK STEEL- WAST FARGO,2989 3RD AVE NW,WEST FARGO,ND,58078,CWA,No,,
LONG X MHP,ND HIGHWAY 23 A,WATFORD CITY,ND,58854,CWA,No,08/10/2016,
LONGFELLOW ELEMENTARY SCHOOL,600 16TH STREET NW,MINOT,ND,58703,CWA,No,07/19/2013,
LONGHORN STAKEHOUSE,1707 22 AVENUE SW,MINOT,ND,58701,CWA,No,07/19/2013,
LOREN KLEIN,1613 27TH ST SE,UNKNOWN,ND,58000,CWA,No,,
LOREN SMITH,5016 PLATOON AVE,UNKNOWN,ND,58000,CWA,No,,
LORETTO BAY 23,REMOTE LOCATION,UNKNOWN,ND,58000,CWA,No,,
LOVE'S TRAVEL STOPS & COUNTRY STORES,1385 8TH AVENUE SW,UNKNOWN,ND,58000,CWA,No,,
LOVE'S TRAVEL STOPS & COUNTRY STORES - STORMWATER CONSTRUCTION,I-94 & ND -14,STERLING,ND,58572,CWA,No,11/24/2025,
LOVELL IMPROVEMENT PROJECT,"LOVELL, SOUTHWEST, RIVERDALE, JACKSON TOWNSHIPS",UNKNOWN,ND,58000,CWA,No,,
LOVES TRAVEL STOPS & COUNTRY STORES,1385 8TH AVE. SW,UNKNOWN,ND,58000,CWA,No,10/23/2025,
LOVES TRAVEL STOPS & COUNTRY STORES,80TH STREET NE & 160TH AVE. NE,UNKNOWN,ND,58000,CWA,No,06/29/2022,
LOWER HEART RIVER WATER RESOURCE DISTRICT,REMOTE LOCATION,UNKNOWN,ND,58000,CWA,No,,
LS SERVICES,STOCK POND,UNKNOWN,ND,58000,CWA,No,,
LUBE-TECH LIQUID RECYLING,901 3RD STREET SE,JAMESTOWN,ND,58401,CWA,No,09/01/2021,424710
LUNCH BOX PROPERTIES,2815 13TH AVE SOUTH,UNKNOWN,ND,58000,CWA,No,,
LUND OIL,3408 4TH AVE. NE,UNKNOWN,ND,58000,CWA,No,07/26/2017,
LUTHER COLLISION AND GLASS,3215 33RD ST S,FARGO,ND,58104,CWA,No,,
LUTHERAN BRETHREN FELLOWSHIP CHURCH,REMOTE LOCATION,UNKNOWN,ND,58000,CWA,No,04/25/2017,
LUTHERAN SOCIAL SERVICES,REMOTE LOCATION,UNKNOWN,ND,58000,CWA,No,,
LYLE & DELVIN BOEHM,5300 OLD RED TRAIL NW,UNKNOWN,ND,58000,CWA,No,05/21/2026,
LYLE HALL,REMOTE LOCATION,UNKNOWN,ND,58000,CWA,No,,
LYONS ADDITION,(UNKNOWN ADDRESS),(UNKNOWN CITY),ND,00000,CWA,No,03/15/2022,
MAA CITY OF FARGO ND,2801 32ND AVE N,UNKNOWN,ND,58000,CWA,No,,
MAA CITY OF FARGO ND,2801 32ND AVE N,UNKNOWN,ND,58000,CWA,No,,
MADDOCK CITY OF,309 2ND ST,MADDOCK,ND,58348,CWA,No,05/15/2025,221320
MADDOCK MUNICIPAL AIRPORT,REMOTE LOCATION,UNKNOWN,ND,58000,CWA,No,06/18/2019,
MADDOCK WTP,309 2ND ST,MADDOCK,ND,58348,CWA,Yes,05/23/2023,
MADDOCK WTP,309 2ND ST,MADDOCK,ND,58348,CWA,No,08/22/2011,
"MAGELLAN MIDSTREAM PARTNERS, L.P.",REMOTE LOCATION,UNKNOWN,ND,58000,CWA,No,,
MAGELLAN PIPELINE (ONEOK),REMOTE LOCATION,UNKNOWN,ND,58000,CWA,No,,
MAGNIFY FINANCIAL,1950 SHEYENNE ST,WEST FARGO,ND,58078,CWA,No,,
MAHER BORROW/WASTE,REMOTE LOCATION,UNKNOWN,ND,58000,CWA,No,,
MAHER JM ANGUS,"9834 62ND AVENUE SW; MORRISTOWN, SD; 57645",UNKNOWN,ND,58000,CWA,No,,
MAK PROPERTIES,4500 36TH AVE S,UNKNOWN,ND,58000,CWA,No,10/17/2023,
MAKOTI CITY OF,MAIN ST AND 1ST AVE,MAKOTI,ND,58756,CWA,No,06/12/2025,221320
MALACH USA,1515 7TH ST SE,VALLEY CITY,ND,58072,CWA,No,02/24/2026,333111
MALACH USA,1515 7TH ST SE,VALLEY CITY,ND,58072,CWA,No,,333111
MALACH USA,1515 7TH ST SE,VALLEY CITY,ND,58072,CWA,No,11/15/2023,333111
MANDAN 12PLEXES,3011 8TH AVE NW,MANDAN,ND,58554,CWA,No,,
MANDAN AIRPORT,"4470 HWY 6 #46, MANDAN",UNKNOWN,ND,58000,CWA,No,,
MANDAN CITY OF,205 2ND AVE NW,MANDAN,ND,58554,CWA,No,05/25/2023,221320
MANDAN CITY OF,205 2ND AVE NW,MANDAN,ND,58554,CWA,No,04/30/2026,221320
MANDAN CITY OF,205 2ND AVE NW,MANDAN,ND,58554,CWA,No,12/31/2024,
MANDAN MEMORIAL HIGHWAY,MEMORIAL HIGHWAY,MANDAN,ND,58554,CWA,No,,
MANDAN MUNICIPAL AIRPORT,REMOTE LOCATION,UNKNOWN,ND,58000,CWA,No,08/21/2024,
MANDAN MUNICIPAL AIRPORT AUTHORITY,REMOTE LOCATION,UNKNOWN,ND,58000,CWA,No,08/21/2024,
MANDAN PARK DISTRICT,608 8TH AVE SW,UNKNOWN,ND,58000,CWA,No,,
MANDAN PARK DISTRICT,2500 LONGSPUR TRAIL,UNKNOWN,ND,58000,CWA,No,05/25/2023,
MANDAN PARK DISTRICT,OLD RED TRAIL AND 8TH AVE NE,UNKNOWN,ND,58000,CWA,No,07/13/2023,
MANDAN PARK DISTRICT,"111 OLD RED TRAIL NE, MANDAN",UNKNOWN,ND,58000,CWA,No,07/14/2017,
MANDAN PARK DISTRICT,501 3RD ST SW,UNKNOWN,ND,58000,CWA,No,,
MANDAN PARKS & RECREATION,1472 RIVER DR,UNKNOWN,ND,58000,CWA,No,,
MANDAN PARKS AND RECREATION,711 6TH AVENUE SW,UNKNOWN,ND,58000,CWA,No,05/25/2023,
MANDAN PARKS AND RECREATIONS,501 3RD STREET SW,UNKNOWN,ND,58000,CWA,No,10/10/2018,
MANDAN PUBLIC SCHOOLS,3701 24TH STREET SE,UNKNOWN,ND,58000,CWA,No,05/27/2022,
MANDAN PUBLIC SCHOOLS,905 8TH AVE NW,MANDAN,ND,58554,CWA,No,,
MANDAN PUBLIC SCHOOLS,REMOTE LOCATION,UNKNOWN,ND,58000,CWA,No,04/23/2024,
MANDAN REGIONAL AIRPORT - LAWLER FIELD,4492 ND 6,MANDAN,ND,58554,CWA,No,08/21/2024,488119
MANDAN WTP,1994 38TH ST,MANDAN,ND,58554,CWA,No,02/22/2024,
MANDAN WTP,1994 38TH ST,MANDAN,ND,58554,CWA,No,02/22/2013,
"MANDAN, CITY OF WWTP",205 2ND AVE NW,MANDAN,ND,58554,CWA,No,,221320
MANDAREE EMERGENCY RESPONSE CENTER,1ST AVENUE NE,MANDAREE,ND,58757,CWA,No,,
MANDAREE EMERGENCY RESPONSE CENTER,1ST AVE NE,MANDAREE,ND,58757,CWA,No,,
MANDAREE EMERGENCY RESPONSE CENTER,1ST AVENUE NE,MANDAREE,ND,58757,CWA,No,,
MANDAREE INTAKE LANDSLIDE,NOT ADDERESSED,MANDAREE,ND,58757,CWA,No,,
MANDAREE INTAKE SITE IMPROVEMENTS,S19-T150N-R93W,MANDAREE,ND,58757,CWA,No,,
MANDAREE LAGOON,404 FRONTAGE ROAD,NEW TOWN,ND,58763,CWA,No,06/05/2012,
MANDAREE POW WOW GROUNDS,UNKNOWN,MANDAREE,ND,58757,CWA,No,07/22/2015,
MANDAREE SCHOOL,1/4 MILE NORTH OF BIA ROAD 12,MANDAREE,ND,58757,CWA,No,,
MANDAREE SCHOOL,1/4 MILE NORTH OF BIA ROAD 12,MANDAREE,ND,58757,CWA,No,,
MANDAREE WASTEWATER POND,TURNUEY RIDGE RD & 2ND AVE NE,MANDAREE,ND,58757,CWA,No,,
MANDAREE WASTEWATER POND,TURNUEY RIDGE RD & 2ND AVE NE,MANDAREE,ND,58757,CWA,No,,
MANDAREE WASTEWATER TREATMENT LAGOONS,404 FRONTAGE ROAD,NEW TOWN,ND,58763,CWA,Yes,07/16/2025,221320
MANDAREE WATER MAIN REPLACEMENT,3RD & 2ND AVE SW,MANDAREE,ND,58757,CWA,No,,
MANDAREE WATER TREATMENT PLANT,1004 RIDGE ROAD,MANDAREE,ND,58757,CWA,Yes,09/01/2021,221310
MANDAREE WATER TREATMENT PLANT,1004 RIDGE ROAD,MANDAREE,ND,58757,CWA,No,,221310
MANDAREE WATER TREATMENT PLANT CONTRACT 2023-01,100 25TH ST NW,MANDAREE,ND,58757,CWA,No,,
MANDAREE WELLNESS CAMPUS,50 2ND ST NE,MANDAREE,ND,58757,CWA,No,,
MANDAREE ZEHUMAN BORROW,98TH AVE NW,MANDAREE,ND,58757,CWA,No,,
MANNING COMPRESSOR STATION SLIT TRENCHING,(UNKNOWN ADDRESS),(UNKNOWN CITY),ND,00000,CWA,No,,
MANTADOR CITY OF,108 MAIN ST,MANTADOR,ND,58058,CWA,Yes,06/10/2025,221320
MANVEL CITY OF,508 OLDHAM,MANVEL,ND,58256,CWA,No,06/26/2025,221320
MAPLE RIVER,REMOTE LOCATION,UNKNOWN,ND,58000,CWA,No,,
MAPLE RIVER GRAIN - STORMWATER CONSTRUCTION,1630 1ST AVE. S.,CASSELTON,ND,58012,CWA,No,09/18/2025,
MAPLE RIVER LINE LOWER,(UNKNOWN ADDRESS),(UNKNOWN CITY),ND,00000,CWA,No,,
MAPLE RIVER WATER RESOURCE,REMOTE LOCATION,UNKNOWN,ND,58000,CWA,No,,
MAPLE RIVER WATER RESOURCE DIS,115 MAIN ST,WALCOTT,ND,58077,CWA,Yes,05/12/2015,221320
MAPLE RIVER WATER RESOURCE DISTRICT,REMOTE LOCATION,UNKNOWN,ND,58000,CWA,No,06/08/2023,
MAPLE RIVER WATER RESOURCE DISTRICT,REMOTE LOCATION,UNKNOWN,ND,58000,CWA,No,,
MAPLE RIVER WATER RESOURCE DISTRICT,REMOTE LOCATION,UNKNOWN,ND,58000,CWA,No,,
MAPLE RIVER WATER RESOURCE DISTRICT,REMOTE LOCATION,UNKNOWN,ND,58000,CWA,No,,
MAPLE RIVER WATER RESOURCE DISTRICT,REMOTE LOCATION,UNKNOWN,ND,58000,CWA,No,,
MAPLE-STEELE JOINT WATER RESOURCE PROJECTS (UMRD),BETWEEN ND STATE HWY 32 AND STAE HWY 38 SOUTH OF H,UNKNOWN,ND,58000,CWA,No,,
MAPLETON CITY OF,651 2ND ST,MAPLETON,ND,58059,CWA,No,08/23/2023,221320
